0,0,1e-05,0.1
1,0,3.0013e-05,0.2
2,0,6.00582e-05,0.300001
3,0,0.000100161,0.400002
4,0,0.000150352,0.500004
5,0,0.000210669,0.600008
6,0,0.000281157,0.700012
7,0,0.000361864,0.800018
8,0,0.000452849,0.900027
9,0,0.000554174,1.00004
10,0,0.000665909,1.10005
11,0,0.000788131,1.20006
12,0,0.000920923,1.30008
13,0,0.00106438,1.4001
14,0,0.00121858,1.50013
15,0,0.00138366,1.60016
16,0,0.0015597,1.70019
17,0,0.00174684,1.80023
18,0,0.00194519,1.90027
19,0,0.00215489,2.00032
20,0,0.00237608,2.10037
21,0,0.0026089,2.20043
22,0,0.0028535,2.3005
23,0,0.00311004,2.40057
24,0,0.00337867,2.50065
25,0,0.00365955,2.60074
26,0,0.00395285,2.70085
27,0,0.00425871,2.80096
28,0,0.00457729,2.90108
29,0,0.00490872,3.00121
30,0,0.0052531,3.10136
31,0,0.00561054,3.20152
32,0,0.00598106,3.3017
33,0,0.00636465,3.4019
34,0,0.00676121,3.50212
35,0,0.00717051,3.60235
36,0,0.00759217,3.70261
37,0,0.00802559,3.8029
38,0,0.00846988,3.90322
39,0,0.00892373,4.00357
40,0,0.00938525,4.10395
41,0,0.0098518,4.20438
42,0,0.0103197,4.30485
43,0,0.0107838,4.40538
44,0,0.0112372,4.50595
45,0,0.0116706,4.60659
46,0,0.0120717,4.70729
47,0,0.0124255,4.80806
48,0,0.0127145,4.90889
49,0,0.0129206,5.00977
50,0,0.0130289,5.11068
51,0,0.0130309,5.21161
52,0,0.0129275,5.31252
53,0,0.0127287,5.4134
54,0,0.0124499,5.51422
55,0,0.012109,5.61499
56,0,0.0117225,5.71569
57,0,0.0113048,5.81633
58,0,0.010867,5.91692
59,0,0.0104182,6.01745
60,0,0.00996464,6.11793
61,0,0.00951136,6.21837
62,0,0.00906188,6.31877
63,0,0.00861877,6.41913
64,0,0.0081839,6.51946
65,0,0.00775862,6.61977
66,0,0.00734387,6.72004
67,0,0.0069403,6.8203
68,0,0.00654837,6.92053
69,0,0.00616836,7.02074
70,0,0.00580044,7.12093
71,0,0.00544469,7.22111
72,0,0.00510113,7.32128
73,0,0.00476974,7.42142
74,0,0.00445046,7.52156
75,0,0.00414319,7.62169
76,0,0.00384785,7.7218
77,0,0.00356432,7.8219
78,0,0.00329248,7.922
79,0,0.00303221,8.02208
80,0,0.0027834,8.12216
81,0,0.00254591,8.22223
82,0,0.00231964,8.3223
83,0,0.00210446,8.42236
84,0,0.00190027,8.52241
85,0,0.00170696,8.62245
86,0,0.00152443,8.7225
87,0,0.00135259,8.82253
88,0,0.00119134,8.92256
89,0,0.0010406,9.02259
90,0,0.000900298,9.12262
91,0,0.000770362,9.22264
92,0,0.000650725,9.32266
93,0,0.00054133,9.42267
94,0,0.000442122,9.52268
95,0,0.000353057,9.62269
96,0,0.000274092,9.7227
97,0,0.000205194,9.82271
98,0,0.000146334,9.92271
99,0,9.74894e-05,10.0227
100,0,5.86437e-05,10.1227
101,0,2.97864e-05,10.2227
102,0,1.09126e-05,10.3227
103,0,2.02376e-06,10.4227
104,0,3.1272e-06,10.5227
105,0,1.42363e-05,10.6227
106,0,3.53703e-05,10.7227
107,0,6.65549e-05,10.8227
108,0,0.000107822,10.9227
109,0,0.000159209,11.0227
110,0,0.00022076,11.1227
111,0,0.000292527,11.2227
112,0,0.000374565,11.3227
113,0,0.00046694,11.4227
114,0,0.000569722,11.5228
115,0,0.000682987,11.6228
116,0,0.000806821,11.7228
117,0,0.000941314,11.8228
118,0,0.00108657,11.9228
119,0,0.00124268,12.0228
120,0,0.00140977,12.1229
121,0,0.00158796,12.2229
122,0,0.00177738,12.3229
123,0,0.00197816,12.423
124,0,0.00219044,12.523
125,0,0.00241437,12.6231
126,0,0.00265011,12.7231
127,0,0.00289781,12.8232
128,0,0.00315766,12.9233
129,0,0.0034298,13.0234
130,0,0.00371442,13.1235
131,0,0.00401169,13.2236
132,0,0.00432177,13.3237
133,0,0.00464482,13.4238
134,0,0.00498098,13.5239
135,0,0.00533038,13.6241
136,0,0.0056931,13.7242
137,0,0.00606918,13.8244
138,0,0.00645859,13.9246
139,0,0.00686122,14.0248
140,0,0.0072768,14.1251
141,0,0.0077049,14.2253
142,0,0.00814485,14.3256
143,0,0.00859562,14.426
144,0,0.00905571,14.5263
145,0,0.00952299,14.6267
146,0,0.00999444,14.7272
147,0,0.0104658,14.8276
148,0,0.0109314,14.9282
149,0,0.0113831,15.0288
150,0,0.0118106,15.1294
151,0,0.0122002,15.2302
152,0,0.0125356,15.331
153,0,0.0127987,15.4318
154,0,0.012972,15.5327
155,0,0.013043,15.6336
156,0,0.0130069,15.7345
157,0,0.0128687,15.8354
158,0,0.012641,15.9363
159,0,0.0123408,16.0371
160,0,0.0119853,16.1378
161,0,0.0115903,16.2385
162,0,0.0111686,16.3392
163,0,0.0107305,16.4397
164,0,0.0102836,16.5402
165,0,0.00983377,16.6407
166,0,0.00938529,16.7411
167,0,0.00894128,16.8415
168,0,0.00850404,16.9419
169,0,0.00807522,17.0422
170,0,0.00765602,17.1425
171,0,0.00724727,17.2428
172,0,0.00684957,17.343
173,0,0.00646331,17.4432
174,0,0.00608875,17.5435
175,0,0.00572605,17.6437
176,0,0.00537527,17.7438
177,0,0.00503645,17.844
178,0,0.00470954,17.9441
179,0,0.00439451,18.0443
180,0,0.00409126,18.1444
181,0,0.00379971,18.2445
182,0,0.00351976,18.3446
183,0,0.0032513,18.4447
184,0,0.00299422,18.5448
185,0,0.00274841,18.6449
186,0,0.00251375,18.7449
187,0,0.00229014,18.845
188,0,0.00207747,18.9451
189,0,0.00187564,19.0451
190,0,0.00168456,19.1452
191,0,0.00150413,19.2452
192,0,0.00133427,19.3453
193,0,0.0011749,19.4453
194,0,0.00102593,19.5453
195,0,0.000887309,19.6453
196,0,0.000758965,19.7454
197,0,0.000640843,19.8454
198,0,0.000532891,19.9454
199,0,0.000435062,20.0454
200,0,0.000347318,20.1454
201,0,0.000269625,20.2454
202,0,0.000201954,20.3454
203,0,0.000144285,20.4454
204,0,9.65998e-05,20.5454
205,0,5.88894e-05,20.6454
206,0,3.11495e-05,20.7454
207,0,1.33815e-05,20.8454
208,0,5.5933e-06,20.9454
209,0,7.79844e-06,21.0454
210,0,2.00167e-05,21.1454
211,0,4.22737e-05,21.2454
212,0,7.46017e-05,21.3454
213,0,0.000117039,21.4454
214,0,0.000169629,21.5455
215,0,0.000232425,21.6455
216,0,0.000305483,21.7455
217,0,0.000388867,21.8455
218,0,0.000482649,21.9455
219,0,0.000586906,22.0455
220,0,0.000701724,22.1455
221,0,0.000827194,22.2455
222,0,0.000963417,22.3455
223,0,0.0011105,22.4455
224,0,0.00126856,22.5456
225,0,0.00143771,22.6456
226,0,0.00161809,22.7456
227,0,0.00180983,22.8457
228,0,0.00201308,22.9457
229,0,0.002228,23.0457
230,0,0.00245474,23.1458
231,0,0.00269346,23.2458
232,0,0.00294435,23.3459
233,0,0.00320758,23.446
234,0,0.00348334,23.5461
235,0,0.00377179,23.6462
236,0,0.00407314,23.7463
237,0,0.00438755,23.8464
238,0,0.00471519,23.9465
239,0,0.00505623,24.0466
240,0,0.00541077,24.1468
241,0,0.00577892,24.2469
242,0,0.00616071,24.3471
243,0,0.0065561,24.4473
244,0,0.00696495,24.5475
245,0,0.00738697,24.6478
246,0,0.00782164,24.7481
247,0,0.00826821,24.8484
248,0,0.0087255,24.9487
249,0,0.00919181,25.0491
250,0,0.00966469,25.1495
251,0,0.0101407,25.2499
252,0,0.010615,25.3504
253,0,0.011081,25.451
254,0,0.0115296,25.5516
255,0,0.0119491,25.6523
256,0,0.0123245,25.753
257,0,0.0126385,25.8539
258,0,0.0128726,25.9547
259,0,0.013011,26.0556
260,0,0.0130438,26.1566
261,0,0.0129706,26.2575
262,0,0.0127999,26.3584
263,0,0.0125465,26.4592
264,0,0.0122278,26.56
265,0,0.0118604,26.6607
266,0,0.0114588,26.7614
267,0,0.0110346,26.862
268,0,0.010597,26.9625
269,0,0.0101527,27.063
270,0,0.00970698,27.1635
271,0,0.00926348,27.2639
272,0,0.00882502,27.3643
273,0,0.00839362,27.4646
274,0,0.00797077,27.5649
275,0,0.00755753,27.6652
276,0,0.00715465,27.7655
277,0,0.00676267,27.8657
278,0,0.00638193,27.966
279,0,0.00601268,28.0662
280,0,0.00565505,28.1664
281,0,0.00530912,28.2665
282,0,0.00497489,28.3667
283,0,0.00465235,28.4668
284,0,0.00434144,28.567
285,0,0.0040421,28.6671
286,0,0.00375425,28.7672
287,0,0.00347779,28.8673
288,0,0.00321261,28.9674
289,0,0.00295863,29.0675
290,0,0.00271574,29.1676
291,0,0.00248384,29.2677
292,0,0.00226282,29.3677
293,0,0.0020526,29.4678
294,0,0.00185308,29.5678
295,0,0.00166418,29.6679
296,0,0.0014858,29.7679
297,0,0.00131788,29.868
298,0,0.00116034,29.968
299,0,0.00101311,30.068
300,0,0.000876132,30.1681
301,0,0.00074935,30.2681
302,0,0.000632714,30.3681
303,0,0.000526179,30.4681
304,0,0.000429706,30.5681
305,0,0.000343263,30.6681
306,0,0.000266822,30.7681
307,0,0.000200363,30.8682
308,0,0.000143869,30.9682
309,0,9.73314e-05,31.0682
310,0,6.07461e-05,31.1682
311,0,3.41153e-05,31.2682
312,0,1.74469e-05,31.3682
313,0,1.07549e-05,31.4682
314,0,1.40593e-05,31.5682
315,0,2.73862e-05,31.6682
316,0,5.07678e-05,31.7682
317,0,8.42427e-05,31.8682
318,0,0.000127856,31.9682
319,0,0.000181658,32.0682
320,0,0.000245707,32.1682
321,0,0.000320069,32.2682
322,0,0.000404813,32.3682
323,0,0.00050002,32.4682
324,0,0.000605773,32.5682
325,0,0.000722167,32.6682
326,0,0.000849301,32.7682
327,0,0.000987283,32.8682
328,0,0.00113623,32.9682
329,0,0.00129626,33.0683
330,0,0.00146752,33.1683
331,0,0.00165013,33.2683
332,0,0.00184425,33.3684
333,0,0.00205004,33.4684
334,0,0.00226765,33.5684
335,0,0.00249726,33.6685
336,0,0.00273905,33.7685
337,0,0.0029932,33.8686
338,0,0.00325991,33.9687
339,0,0.00353936,34.0688
340,0,0.00383176,34.1688
341,0,0.00413729,34.269
342,0,0.00445616,34.3691
343,0,0.00478853,34.4692
344,0,0.00513457,34.5693
345,0,0.00549441,34.6695
346,0,0.00586815,34.7696
347,0,0.00625581,34.8698
348,0,0.00665734,34.97
349,0,0.00707257,35.0703
350,0,0.00750117,35.1705
351,0,0.00794255,35.2708
352,0,0.00839583,35.3711
353,0,0.00885967,35.4714
354,0,0.00933213,35.5718
355,0,0.00981039,35.6722
356,0,0.0102905,35.7727
357,0,0.010767,35.8732
358,0,0.0112322,35.9738
359,0,0.011676,36.0744
360,0,0.0120852,36.1752
361,0,0.0124436,36.2759
362,0,0.012733,36.3768
363,0,0.0129354,36.4777
364,0,0.0130369,36.5786
365,0,0.0130316,36.6795
366,0,0.0129229,36.7804
367,0,0.0127224,36.8813
368,0,0.0124463,36.9821
369,0,0.0121119,37.0829
370,0,0.0117349,37.1835
371,0,0.0113284,37.2842
372,0,0.010903,37.3848
373,0,0.0104667,37.4853
374,0,0.0100256,37.5858
375,0,0.00958419,37.6862
376,0,0.00914581,37.7866
377,0,0.00871292,37.887
378,0,0.00828734,37.9874
379,0,0.00787037,38.0877
380,0,0.00746298,38.188
381,0,0.00706584,38.2882
382,0,0.00667943,38.3885
383,0,0.00630408,38.4887
384,0,0.00594,38.5889
385,0,0.00558731,38.6891
386,0,0.00524608,38.7893
387,0,0.00491633,38.8894
388,0,0.00459803,38.9896
389,0,0.00429115,39.0897
390,0,0.00399561,39.1898
391,0,0.00371135,39.2899
392,0,0.00343828,39.39
393,0,0.00317632,39.4901
394,0,0.00292536,39.5902
395,0,0.00268532,39.6903
396,0,0.00245611,39.7904
397,0,0.00223763,39.8904
398,0,0.0020298,39.9905
399,0,0.00183253,40.0906
400,0,0.00164575,40.1906
401,0,0.00146939,40.2906
402,0,0.00130336,40.3907
403,0,0.00114762,40.4907
404,0,0.00100209,40.5907
405,0,0.000866722,40.6908
406,0,0.000741473,40.7908
407,0,0.000626297,40.8908
408,0,0.000521155,40.9908
409,0,0.000426017,41.0908
410,0,0.000340855,41.1909
411,0,0.000265651,41.2909
412,0,0.000200387,41.3909
413,0,0.000145057,41.4909
414,0,9.96562e-05,41.5909
415,0,6.41873e-05,41.6909
416,0,3.86588e-05,41.7909
417,0,2.3085e-05,41.8909
418,0,1.74862e-05,41.9909
419,0,2.18888e-05,42.0909
420,0,3.63253e-05,42.1909
421,0,6.08344e-05,42.2909
422,0,9.54611e-05,42.3909
423,0,0.000140257,42.4909
424,0,0.00019528,42.5909
425,0,0.000260595,42.6909
426,0,0.000336274,42.7909
427,0,0.000422396,42.8909
428,0,0.000519046,42.9909
429,0,0.000626317,43.0909
430,0,0.000744312,43.1909
431,0,0.000873138,43.2909
432,0,0.00101291,43.3909
433,0,0.00116376,43.4909
434,0,0.00132581,43.591
435,0,0.00149921,43.691
436,0,0.00168411,43.791
437,0,0.00188066,43.8911
438,0,0.00208904,43.9911
439,0,0.00230941,44.0911
440,0,0.00254197,44.1912
441,0,0.0027869,44.2912
442,0,0.0030444,44.3913
443,0,0.00331467,44.4914
444,0,0.00359793,44.5915
445,0,0.00389438,44.6916
446,0,0.00420422,44.7917
447,0,0.00452767,44.8918
448,0,0.0048649,44.9919
449,0,0.0052161,45.092
450,0,0.0055814,45.1922
451,0,0.00596088,45.2923
452,0,0.00635458,45.3925
453,0,0.00676243,45.4927
454,0,0.00718422,45.593
455,0,0.00761955,45.6932
456,0,0.00806776,45.7935
457,0,0.00852783,45.8938
458,0,0.00899823,45.9942
459,0,0.00947671,46.0946
460,0,0.00996007,46.195
461,0,0.0104438,46.2955
462,0,0.0109215,46.396
463,0,0.0113846,46.4966
464,0,0.0118216,46.5973
465,0,0.0122179,46.698
466,0,0.0125562,46.7988
467,0,0.0128178,46.8997
468,0,0.0129859,47.0006
469,0,0.0130496,47.1015
470,0,0.0130068,47.2024
471,0,0.0128648,47.3033
472,0,0.0126374,47.4042
473,0,0.0123416,47.505
474,0,0.011994,47.6057
475,0,0.0116094,47.7064
476,0,0.0111995,47.807
477,0,0.0107739,47.9076
478,0,0.0103397,48.0081
479,0,0.00990209,48.1086
480,0,0.00946524,48.209
481,0,0.00903206,48.3094
482,0,0.00860475,48.4097
483,0,0.00818493,48.5101
484,0,0.00777376,48.6104
485,0,0.0073721,48.7107
486,0,0.00698058,48.8109
487,0,0.00659961,48.9112
488,0,0.00622951,49.0114
489,0,0.00587046,49.1116
490,0,0.00552258,49.2118
491,0,0.00518594,49.312
492,0,0.00486054,49.4121
493,0,0.00454638,49.5123
494,0,0.00424342,49.6124
495,0,0.00395159,49.7125
496,0,0.00367084,49.8126
497,0,0.00340108,49.9127
498,0,0.00314225,50.0128
499,0,0.00289424,50.1129
500,0,0.00265699,50.213
501,0,0.0024304,50.3131
502,0,0.0022144,50.4131
503,0,0.00200891,50.5132
504,0,0.00181385,50.6133
505,0,0.00162916,50.7133
506,0,0.00145477,50.8134
507,0,0.0012906,50.9134
508,0,0.00113662,51.0134
509,0,0.000992764,51.1135
510,0,0.000858986,51.2135
511,0,0.000735246,51.3135
512,0,0.000621509,51.4135
513,0,0.000517743,51.5135
514,0,0.000423923,51.6136
515,0,0.00034003,51.7136
516,0,0.000266049,51.8136
517,0,0.000201973,51.9136
518,0,0.000147798,52.0136
519,0,0.000103529,52.1136
520,0,6.91725e-05,52.2136
521,0,4.47446e-05,52.3136
522,0,3.02657e-05,52.4136
523,0,2.57623e-05,52.5136
524,0,3.12672e-05,52.6136
525,0,4.68193e-05,52.7136
526,0,7.24638e-05,52.8136
527,0,0.000108253,52.9136
528,0,0.000154244,53.0136
529,0,0.000210502,53.1136
530,0,0.0002771,53.2136
531,0,0.000354116,53.3136
532,0,0.000441636,53.4136
533,0,0.000539755,53.5136
534,0,0.000648572,53.6136
535,0,0.000768199,53.7136
536,0,0.000898751,53.8136
537,0,0.00104035,53.9136
538,0,0.00119314,54.0137
539,0,0.00135726,54.1137
540,0,0.00153286,54.2137
541,0,0.00172009,54.3137
542,0,0.00191914,54.4138
543,0,0.00213017,54.5138
544,0,0.00235338,54.6138
545,0,0.00258896,54.7139
546,0,0.00283712,54.8139
547,0,0.00309806,54.914
548,0,0.00337201,55.0141
549,0,0.00365918,55.1142
550,0,0.0039598,55.2143
551,0,0.00427408,55.3144
552,0,0.00460225,55.4145
553,0,0.0049445,55.5146
554,0,0.00530101,55.6147
555,0,0.00567193,55.7149
556,0,0.00605734,55.8151
557,0,0.00645726,55.9152
558,0,0.0068716,56.0155
559,0,0.00730011,56.1157
560,0,0.00774232,56.216
561,0,0.00819748,56.3162
562,0,0.00866441,56.4166
563,0,0.00914133,56.5169
564,0,0.00962567,56.6173
565,0,0.0101137,56.7178
566,0,0.0106003,56.8183
567,0,0.0110782,56.9188
568,0,0.0115375,57.0195
569,0,0.0119655,57.1202
570,0,0.0123461,57.2209
571,0,0.012661,57.3217
572,0,0.0128918,57.4226
573,0,0.0130237,57.5235
574,0,0.0130492,57.6244
575,0,0.0129702,57.7253
576,0,0.0127973,57.8262
577,0,0.012546,57.9271
578,0,0.0122333,58.0278
579,0,0.0118749,58.1285
580,0,0.0114844,58.2292
581,0,0.0110725,58.3298
582,0,0.0106476,58.4304
583,0,0.0102158,58.5309
584,0,0.00978216,58.6313
585,0,0.00935005,58.7317
586,0,0.00892215,58.8321
587,0,0.0085004,58.9325
588,0,0.00808627,59.0328
589,0,0.0076808,59.1331
590,0,0.00728476,59.2334
591,0,0.00689872,59.3337
592,0,0.00652307,59.4339
593,0,0.00615809,59.5341
594,0,0.00580395,59.6343
595,0,0.00546076,59.7345
596,0,0.00512859,59.8347
597,0,0.00480744,59.9348
598,0,0.00449731,60.035
599,0,0.00419817,60.1351
600,0,0.00390997,60.2352
601,0,0.00363264,60.3353
602,0,0.00336612,60.4354
603,0,0.00311034,60.5355
604,0,0.00286522,60.6356
605,0,0.00263069,60.7357
606,0,0.00240668,60.8358
607,0,0.00219311,60.9359
608,0,0.00198991,61.0359
609,0,0.00179702,61.136
610,0,0.00161437,61.236
611,0,0.00144191,61.3361
612,0,0.00127958,61.4361
613,0,0.00112733,61.5361
614,0,0.000985119,61.6362
615,0,0.000852905,61.7362
616,0,0.000730655,61.8362
617,0,0.000618339,61.9363
618,0,0.000515933,62.0363
619,0,0.000423419,62.1363
620,0,0.000340783,62.2363
621,0,0.000268018,62.3363
622,0,0.000205122,62.4363
623,0,0.000152099,62.5363
624,0,0.000108958,62.6363
625,0,7.57139e-05,62.7363
626,0,5.23881e-05,62.8363
627,0,3.90075e-05,62.9363
628,0,3.56049e-05,63.0363
629,0,4.22195e-05,63.1363
630,0,5.88967e-05,63.2363
631,0,8.56884e-05,63.3363
632,0,0.000122653,63.4363
633,0,0.000169855,63.5363
634,0,0.000227368,63.6363
635,0,0.000295269,63.7363
636,0,0.000373645,63.8363
637,0,0.000462591,63.9363
638,0,0.000562207,64.0363
639,0,0.000672604,64.1363
640,0,0.000793898,64.2363
641,0,0.000926216,64.3363
642,0,0.00106969,64.4364
643,0,0.00122447,64.5364
644,0,0.0013907,64.6364
645,0,0.00156855,64.7364
646,0,0.00175819,64.8364
647,0,0.0019598,64.9365
648,0,0.00217357,65.0365
649,0,0.00239969,65.1366
650,0,0.00263839,65.2366
651,0,0.00288986,65.3367
652,0,0.00315435,65.4367
653,0,0.00343208,65.5368
654,0,0.00372329,65.6369
655,0,0.00402821,65.737
656,0,0.00434707,65.8371
657,0,0.00468012,65.9372
658,0,0.00502754,66.0373
659,0,0.00538954,66.1374
660,0,0.00576626,66.2376
661,0,0.00615778,66.3378
662,0,0.00656411,66.438
663,0,0.00698512,66.5382
664,0,0.00742053,66.6384
665,0,0.00786978,66.7387
666,0,0.00833199,66.839
667,0,0.00880581,66.9393
668,0,0.00928918,67.0397
669,0,0.00977913,67.1401
670,0,0.0102714,67.2406
671,0,0.01076,67.3411
672,0,0.0112367,67.4417
673,0,0.0116904,67.5423
674,0,0.0121067,67.643
675,0,0.0124684,67.7438
676,0,0.0127567,67.8446
677,0,0.0129541,67.9455
678,0,0.0130483,68.0465
679,0,0.0130359,68.1474
680,0,0.0129227,68.2483
681,0,0.0127218,68.3491
682,0,0.0124495,68.4499
683,0,0.0121224,68.5507
684,0,0.0117554,68.6514
685,0,0.0113606,68.752
686,0,0.0109477,68.8526
687,0,0.0105241,68.9531
688,0,0.0100955,69.0536
689,0,0.00966592,69.1541
690,0,0.00923868,69.2545
691,0,0.00881609,69.3549
692,0,0.00839989,69.4552
693,0,0.00799137,69.5555
694,0,0.0075915,69.6558
695,0,0.00720097,69.7561
696,0,0.0068203,69.8564
697,0,0.00644985,69.9566
698,0,0.00608986,70.0568
699,0,0.0057405,70.157
700,0,0.00540189,70.2572
701,0,0.00507407,70.3574
702,0,0.00475707,70.4575
703,0,0.00445087,70.5577
704,0,0.00415546,70.6578
705,0,0.00387078,70.7579
706,0,0.00359679,70.858
707,0,0.00333343,70.9582
708,0,0.00308064,71.0583
709,0,0.00283834,71.1583
710,0,0.00260647,71.2584
711,0,0.00238498,71.3585
712,0,0.00217378,71.4586
713,0,0.00197283,71.5586
714,0,0.00178205,71.6587
715,0,0.00160141,71.7587
716,0,0.00143085,71.8588
717,0,0.00127031,71.9588
718,0,0.00111976,72.0588
719,0,0.000979167,72.1589
720,0,0.00084849,72.2589
721,0,0.000727703,72.3589
722,0,0.000616785,72.4589
723,0,0.000515717,72.559
724,0,0.000424489,72.659
725,0,0.000343093,72.759
726,0,0.000271529,72.859
727,0,0.0002098,72.959
728,0,0.000157916,73.059
729,0,0.000115894,73.159
730,0,8.37539e-05,73.259
731,0,6.15238e-05,73.359
732,0,4.92368e-05,73.459
733,0,4.69321e-05,73.559
734,0,5.46555e-05,73.659
735,0,7.24587e-05,73.759
736,0,0.0001004,73.859
737,0,0.000138545,73.959
738,0,0.000186966,74.059
739,0,0.000245741,74.159
740,0,0.000314958,74.259
741,0,0.000394709,74.359
742,0,0.000485097,74.459
743,0,0.00058623,74.559
744,0,0.000698228,74.659
745,0,0.000821216,74.759
746,0,0.000955329,74.859
747,0,0.00110071,74.959
748,0,0.00125752,75.0591
749,0,0.00142591,75.1591
750,0,0.00160606,75.2591
751,0,0.00179815,75.3591
752,0,0.00200238,75.4592
753,0,0.00221894,75.5592
754,0,0.00244805,75.6592
755,0,0.00268993,75.7593
756,0,0.00294482,75.8593
757,0,0.00321295,75.9594
758,0,0.00349456,76.0595
759,0,0.00378991,76.1595
760,0,0.00409926,76.2596
761,0,0.00442284,76.3597
762,0,0.00476089,76.4598
763,0,0.00511365,76.56
764,0,0.00548129,76.6601
765,0,0.00586398,76.7603
766,0,0.00626179,76.8605
767,0,0.0066747,76.9606
768,0,0.00710257,77.0609
769,0,0.00754503,77.1611
770,0,0.00800145,77.2614
771,0,0.0084708,77.3617
772,0,0.0089515,77.462
773,0,0.00944118,77.5624
774,0,0.00993641,77.6628
775,0,0.0104323,77.7633
776,0,0.0109219,77.8639
777,0,0.0113959,77.9645
778,0,0.0118417,78.0651
779,0,0.0122436,78.1659
780,0,0.0125832,78.2667
781,0,0.0128419,78.3675
782,0,0.0130036,78.4684
783,0,0.0130597,78.5694
784,0,0.0130106,78.6703
785,0,0.0128656,78.7712
786,0,0.0126396,78.872
787,0,0.0123492,78.9728
788,0,0.0120102,79.0735
789,0,0.0116364,79.1742
790,0,0.0112387,79.2748
791,0,0.0108257,79.3754
792,0,0.0104041,79.4759
793,0,0.00997886,79.5764
794,0,0.00955368,79.6768
795,0,0.0091314,79.7772
796,0,0.00871411,79.8776
797,0,0.00830339,79.9779
798,0,0.00790041,80.0783
799,0,0.00750603,80.1786
800,0,0.00712089,80.2788
801,0,0.00674546,80.3791
802,0,0.00638007,80.4793
803,0,0.00602494,80.5795
804,0,0.00568025,80.6797
805,0,0.00534609,80.7799
806,0,0.00502251,80.8801
807,0,0.00470954,80.9802
808,0,0.00440717,81.0804
809,0,0.00411539,81.1805
810,0,0.00383415,81.2806
811,0,0.00356341,81.3807
812,0,0.00330313,81.4809
813,0,0.00305324,81.5809
814,0,0.00281369,81.681
815,0,0.00258443,81.7811
816,0,0.00236538,81.8812
817,0,0.0021565,81.9813
818,0,0.00195774,82.0813
819,0,0.00176904,82.1814
820,0,0.00159035,82.2814
821,0,0.00142164,82.3815
822,0,0.00126286,82.4815
823,0,0.00111397,82.5816
824,0,0.000974956,82.6816
825,0,0.000845782,82.7816
826,0,0.000726428,82.8816
827,0,0.000616879,82.9817
828,0,0.000517125,83.0817
829,0,0.000427159,83.1817
830,0,0.000346981,83.2817
831,0,0.000276596,83.3817
832,0,0.000216016,83.4817
833,0,0.000165255,83.5817
834,0,0.000124337,83.6817
835,0,9.32876e-05,83.7817
836,0,7.21417e-05,83.8817
837,0,6.09385e-05,83.9817
838,0,5.97237e-05,84.0817
839,0,6.85494e-05,84.1817
840,0,8.74741e-05,84.2817
841,0,0.000116563,84.3817
842,0,0.000155888,84.4817
843,0,0.000205528,84.5817
844,0,0.00026557,84.6817
845,0,0.000336107,84.7817
846,0,0.000417241,84.8817
847,0,0.000509081,84.9817
848,0,0.000611746,85.0817
849,0,0.000725361,85.1817
850,0,0.000850062,85.2817
851,0,0.000985994,85.3817
852,0,0.00113331,85.4818
853,0,0.00129217,85.5818
854,0,0.00146276,85.6818
855,0,0.00164525,85.7818
856,0,0.00183984,85.8818
857,0,0.00204673,85.9819
858,0,0.00226614,86.0819
859,0,0.00249831,86.1819
860,0,0.00274345,86.282
861,0,0.00300182,86.382
862,0,0.00327367,86.4821
863,0,0.00355927,86.5822
864,0,0.00385887,86.6822
865,0,0.00417275,86.7823
866,0,0.00450117,86.8824
867,0,0.00484437,86.9825
868,0,0.0052026,87.0827
869,0,0.00557605,87.1828
870,0,0.00596486,87.283
871,0,0.00636913,87.3831
872,0,0.00678879,87.4833
873,0,0.00722366,87.5836
874,0,0.00767332,87.6838
875,0,0.00813701,87.7841
876,0,0.00861354,87.8844
877,0,0.00910106,87.9848
878,0,0.00959684,88.0852
879,0,0.0100969,88.1856
880,0,0.0105956,88.2861
881,0,0.011085,88.3867
882,0,0.0115545,88.4873
883,0,0.01199,88.588
884,0,0.0123745,88.6887
885,0,0.0126889,88.7896
886,0,0.0129152,88.8905
887,0,0.01304,88.9914
888,0,0.0130582,89.0923
889,0,0.0129743,89.1932
890,0,0.0128004,89.2941
891,0,0.0125523,89.3949
892,0,0.0122466,89.4957
893,0,0.0118979,89.5964
894,0,0.011519,89.697
895,0,0.0111195,89.7976
896,0,0.0107073,89.8982
897,0,0.0102882,89.9987
898,0,0.00986667,90.0992
899,0,0.00944599,90.1996
900,0,0.00902871,90.3
901,0,0.00861672,90.4003
902,0,0.00821141,90.5007
903,0,0.00781386,90.601
904,0,0.00742485,90.7013
905,0,0.00704496,90.8015
906,0,0.00667463,90.9018
907,0,0.00631415,91.002
908,0,0.00596376,91.1022
909,0,0.00562359,91.2024
910,0,0.00529375,91.3026
911,0,0.00497428,91.4028
912,0,0.00466523,91.5029
913,0,0.00436657,91.6031
914,0,0.00407831,91.7032
915,0,0.00380041,91.8033
916,0,0.00353284,91.9035
917,0,0.00327554,92.0036
918,0,0.00302848,92.1037
919,0,0.0027916,92.2037
920,0,0.00256485,92.3038
921,0,0.00234819,92.4039
922,0,0.00214156,92.504
923,0,0.00194493,92.604
924,0,0.00175824,92.7041
925,0,0.00158145,92.8041
926,0,0.00141454,92.9042
927,0,0.00125746,93.0042
928,0,0.0011102,93.1043
929,0,0.000972723,93.2043
930,0,0.000845013,93.3043
931,0,0.000727057,93.4043
932,0,0.000618844,93.5044
933,0,0.00052037,93.6044
934,0,0.000431637,93.7044
935,0,0.00035265,93.8044
936,0,0.000283421,93.9044
937,0,0.000223966,94.0044
938,0,0.000174308,94.1044
939,0,0.000134475,94.2044
940,0,0.0001045,94.3044
941,0,8.44244e-05,94.4044
942,0,7.42928e-05,94.5044
943,0,7.41577e-05,94.6044
944,0,8.40777e-05,94.7044
945,0,0.000104118,94.8044
946,0,0.000134351,94.9044
947,0,0.000174854,95.0044
948,0,0.000225715,95.1044
949,0,0.000287027,95.2044
950,0,0.000358892,95.3044
951,0,0.000441418,95.4044
952,0,0.000534723,95.5044
953,0,0.000638935,95.6044
954,0,0.000754187,95.7044
955,0,0.000880624,95.8044
956,0,0.0010184,95.9044
957,0,0.00116768,96.0044
958,0,0.00132864,96.1045
959,0,0.00150146,96.2045
960,0,0.00168633,96.3045
961,0,0.00188347,96.4045
962,0,0.00209309,96.5045
963,0,0.00231543,96.6046
964,0,0.00255071,96.7046
965,0,0.00279919,96.8047
966,0,0.00306114,96.9047
967,0,0.00333682,97.0048
968,0,0.0036265,97.1048
969,0,0.00393048,97.2049
970,0,0.00424903,97.305
971,0,0.00458242,97.4051
972,0,0.00493093,97.5052
973,0,0.00529479,97.6053
974,0,0.00567421,97.7055
975,0,0.00606934,97.8056
976,0,0.00648024,97.9058
977,0,0.00690684,98.006
978,0,0.0073489,98.1063
979,0,0.0078059,98.2065
980,0,0.00827697,98.3068
981,0,0.00876069,98.4071
982,0,0.00925494,98.5075
983,0,0.00975654,98.6079
984,0,0.0102609,98.7084
985,0,0.0107615,98.8089
986,0,0.0112492,98.9095
987,0,0.0117121,99.0101
988,0,0.0121346,99.1109
989,0,0.0124985,99.2116
990,0,0.0127846,99.3125
991,0,0.0129762,99.4134
992,0,0.0130631,99.5143
993,0,0.0130444,99.6152
994,0,0.012928,99.7161
995,0,0.012728,99.817
996,0,0.0124607,99.9178
997,0,0.012142,100.019
998,0,0.0117856,100.119
999,0,0.0114029,100.22
1000,0,0.0110027,100.32
1001,0,0.0105919,100.421
1002,0,0.0101757,100.521
1003,0,0.00975809,100.622
1004,0,0.00934203,100.722
1005,0,0.00892978,100.823
1006,0,0.00852303,100.923
1007,0,0.00812307,101.023
1008,0,0.00773085,101.124
1009,0,0.00734709,101.224
1010,0,0.00697234,101.324
1011,0,0.00660698,101.425
1012,0,0.0062513,101.525
1013,0,0.00590552,101.625
1014,0,0.00556976,101.725
1015,0,0.00524413,101.825
1016,0,0.00492868,101.926
1017,0,0.00462344,102.026
1018,0,0.00432841,102.126
1019,0,0.00404359,102.226
1020,0,0.00376895,102.326
1021,0,0.00350446,102.426
1022,0,0.00325008,102.526
1023,0,0.00300578,102.626
1024,0,0.00277151,102.726
1025,0,0.00254724,102.827
1026,0,0.00233291,102.927
1027,0,0.00212849,103.027
1028,0,0.00193395,103.127
1029,0,0.00174923,103.227
1030,0,0.00157432,103.327
1031,0,0.00140918,103.427
1032,0,0.00125379,103.527
1033,0,0.00110812,103.627
1034,0,0.000972162,103.727
1035,0,0.0008459,103.827
1036,0,0.000729327,103.927
1037,0,0.000622438,104.027
1038,0,0.000525238,104.127
1039,0,0.000437731,104.227
1040,0,0.000359932,104.327
1041,0,0.000291856,104.427
1042,0,0.000233528,104.527
1043,0,0.000184975,104.627
1044,0,0.000146232,104.727
1045,0,0.000117339,104.827
1046,0,9.83426e-05,104.927
1047,0,8.92943e-05,105.027
1048,0,9.0253e-05,105.127
1049,0,0.000101284,105.227
1050,0,0.000122459,105.327
1051,0,0.000153856,105.427
1052,0,0.000195563,105.527
1053,0,0.000247672,105.627
1054,0,0.000310284,105.727
1055,0,0.000383508,105.827
1056,0,0.000467463,105.927
1057,0,0.000562273,106.027
1058,0,0.000668075,106.127
1059,0,0.000785011,106.227
1060,0,0.000913236,106.327
1061,0,0.00105291,106.427
1062,0,0.00120422,106.527
1063,0,0.00136734,106.627
1064,0,0.00154246,106.727
1065,0,0.0017298,106.827
1066,0,0.00192958,106.927
1067,0,0.00214202,107.027
1068,0,0.00236737,107.127
1069,0,0.00260589,107.227
1070,0,0.00285783,107.327
1071,0,0.00312348,107.427
1072,0,0.00340312,107.527
1073,0,0.00369705,107.628
1074,0,0.00400555,107.728
1075,0,0.00432894,107.828
1076,0,0.0046675,107.928
1077,0,0.0050215,108.028
1078,0,0.00539121,108.128
1079,0,0.00577683,108.228
1080,0,0.0061785,108.328
1081,0,0.00659626,108.429
1082,0,0.00703003,108.529
1083,0,0.00747947,108.629
1084,0,0.00794399,108.729
1085,0,0.00842255,108.83
1086,0,0.0089135,108.93
1087,0,0.00941434,109.03
1088,0,0.00992139,109.131
1089,0,0.0104293,109.231
1090,0,0.0109306,109.332
1091,0,0.0114149,109.432
1092,0,0.0118687,109.533
1093,0,0.0122751,109.634
1094,0,0.012615,109.735
1095,0,0.0128696,109.835
1096,0,0.0130246,109.936
1097,0,0.0130733,110.037
1098,0,0.013019,110.138
1099,0,0.0128726,110.239
1100,0,0.0126493,110.34
1101,0,0.0123654,110.441
1102,0,0.0120358,110.541
1103,0,0.0116733,110.642
1104,0,0.011288,110.743
1105,0,0.0108879,110.843
1106,0,0.010479,110.944
1107,0,0.0100661,111.044
1108,0,0.00965259,111.145
1109,0,0.00924123,111.245
1110,0,0.00883403,111.345
1111,0,0.0084325,111.446
1112,0,0.00803782,111.546
1113,0,0.00765085,111.646
1114,0,0.00727226,111.747
1115,0,0.00690254,111.847
1116,0,0.00654206,111.947
1117,0,0.00619108,112.047
1118,0,0.00584981,112.148
1119,0,0.00551837,112.248
1120,0,0.00519686,112.348
1121,0,0.00488534,112.448
1122,0,0.00458384,112.548
1123,0,0.00429236,112.649
1124,0,0.00401091,112.749
1125,0,0.00373946,112.849
1126,0,0.00347799,112.949
1127,0,0.00322648,113.049
1128,0,0.00298489,113.149
1129,0,0.00275319,113.249
1130,0,0.00253134,113.349
1131,0,0.0023193,113.449
1132,0,0.00211706,113.549
1133,0,0.00192456,113.649
1134,0,0.00174179,113.75
1135,0,0.00156872,113.85
1136,0,0.00140532,113.95
1137,0,0.00125158,114.05
1138,0,0.00110749,114.15
1139,0,0.000973029,114.25
1140,0,0.000848194,114.35
1141,0,0.000732985,114.45
1142,0,0.000627405,114.55
1143,0,0.000531461,114.65
1144,0,0.000445167,114.75
1145,0,0.000368542,114.85
1146,0,0.000301609,114.95
1147,0,0.000244397,115.05
1148,0,0.000196941,115.15
1149,0,0.000159281,115.25
1150,0,0.000131464,115.35
1151,0,0.000113542,115.45
1152,0,0.000105573,115.55
1153,0,0.000107624,115.65
1154,0,0.000119766,115.75
1155,0,0.000142076,115.85
1156,0,0.000174642,115.95
1157,0,0.000217556,116.05
1158,0,0.000270919,116.15
1159,0,0.00033484,116.25
1160,0,0.000409436,116.35
1161,0,0.000494832,116.45
1162,0,0.000591163,116.55
1163,0,0.000698573,116.65
1164,0,0.000817216,116.75
1165,0,0.000947254,116.85
1166,0,0.00108886,116.95
1167,0,0.00124223,117.05
1168,0,0.00140754,117.15
1169,0,0.00158501,117.25
1170,0,0.00177487,117.35
1171,0,0.00197733,117.45
1172,0,0.00219265,117.55
1173,0,0.00242109,117.65
1174,0,0.00266291,117.75
1175,0,0.00291839,117.85
1176,0,0.00318783,117.95
1177,0,0.00347154,118.05
1178,0,0.00376981,118.15
1179,0,0.00408297,118.25
1180,0,0.00441133,118.35
1181,0,0.00475519,118.451
1182,0,0.00511485,118.551
1183,0,0.00549056,118.651
1184,0,0.00588255,118.751
1185,0,0.00629093,118.851
1186,0,0.00671574,118.951
1187,0,0.00715684,119.051
1188,0,0.00761382,119.152
1189,0,0.00808597,119.252
1190,0,0.00857206,119.352
1191,0,0.00907016,119.453
1192,0,0.00957735,119.553
1193,0,0.0100893,119.653
1194,0,0.0106,119.754
1195,0,0.0111006,119.855
1196,0,0.0115795,119.955
1197,0,0.0120216,120.056
1198,0,0.0124088,120.157
1199,0,0.0127215,120.257
1200,0,0.0129422,120.358
1201,0,0.0130595,120.459
1202,0,0.013071,120.56
1203,0,0.0129834,120.661
1204,0,0.0128097,120.762
1205,0,0.012566,120.863
1206,0,0.0122681,120.964
1207,0,0.0119298,121.064
1208,0,0.0115626,121.165
1209,0,0.0111759,121.265
1210,0,0.0107765,121.366
1211,0,0.0103701,121.467
1212,0,0.00996065,121.567
1213,0,0.00955144,121.667
1214,0,0.00914483,121.768
1215,0,0.00874265,121.868
1216,0,0.00834628,121.969
1217,0,0.00795678,122.069
1218,0,0.00757496,122.169
1219,0,0.00720141,122.269
1220,0,0.00683659,122.37
1221,0,0.00648085,122.47
1222,0,0.00613445,122.57
1223,0,0.00579756,122.67
1224,0,0.00547032,122.771
1225,0,0.00515282,122.871
1226,0,0.00484511,122.971
1227,0,0.00454724,123.071
1228,0,0.00425921,123.171
1229,0,0.00398103,123.271
1230,0,0.00371268,123.371
1231,0,0.00345415,123.472
1232,0,0.00320543,123.572
1233,0,0.00296647,123.672
1234,0,0.00273726,123.772
1235,0,0.00251777,123.872
1236,0,0.00230797,123.972
1237,0,0.00210784,124.072
1238,0,0.00191734,124.172
1239,0,0.00173646,124.272
1240,0,0.00156518,124.372
1241,0,0.00140349,124.472
1242,0,0.00125136,124.572
1243,0,0.0011088,124.672
1244,0,0.000975803,124.772
1245,0,0.000852363,124.872
1246,0,0.000738488,124.973
1247,0,0.000634187,125.073
1248,0,0.000539475,125.173
1249,0,0.000454371,125.273
1250,0,0.000378899,125.373
1251,0,0.000313089,125.473
1252,0,0.000256977,125.573
1253,0,0.000210603,125.673
1254,0,0.000174014,125.773
1255,0,0.000147262,125.873
1256,0,0.000130407,125.973
1257,0,0.000123513,126.073
1258,0,0.000126652,126.173
1259,0,0.000139903,126.273
1260,0,0.000163351,126.373
1261,0,0.000197089,126.473
1262,0,0.000241218,126.573
1263,0,0.000295845,126.673
1264,0,0.000361087,126.773
1265,0,0.00043707,126.873
1266,0,0.000523926,126.973
1267,0,0.000621801,127.073
1268,0,0.000730846,127.173
1269,0,0.000851225,127.273
1270,0,0.000983111,127.373
1271,0,0.00112669,127.473
1272,0,0.00128216,127.573
1273,0,0.00144972,127.673
1274,0,0.0016296,127.773
1275,0,0.00182202,127.873
1276,0,0.00202725,127.973
1277,0,0.00224553,128.073
1278,0,0.00247713,128.173
1279,0,0.00272235,128.273
1280,0,0.00298148,128.373
1281,0,0.00325483,128.473
1282,0,0.00354272,128.573
1283,0,0.00384548,128.673
1284,0,0.00416344,128.773
1285,0,0.00449693,128.873
1286,0,0.00484628,128.973
1287,0,0.00521178,129.073
1288,0,0.0055937,129.173
1289,0,0.00599226,129.274
1290,0,0.00640758,129.374
1291,0,0.00683964,129.474
1292,0,0.00728827,129.574
1293,0,0.00775297,129.674
1294,0,0.00823287,129.775
1295,0,0.00872653,129.875
1296,0,0.00923167,129.975
1297,0,0.00974489,130.076
1298,0,0.0102612,130.176
1299,0,0.0107735,130.277
1300,0,0.0112718,130.377
1301,0,0.011743,130.478
1302,0,0.0121704,130.579
1303,0,0.0125349,130.68
1304,0,0.0128173,130.78
1305,0,0.0130021,130.881
1306,0,0.0130814,130.982
1307,0,0.0130568,131.083
1308,0,0.0129382,131.184
1309,0,0.0127402,131.285
1310,0,0.0124788,131.386
1311,0,0.012169,131.486
1312,0,0.0118236,131.587
1313,0,0.0114531,131.688
1314,0,0.0110657,131.788
1315,0,0.0106678,131.889
1316,0,0.0102641,131.989
1317,0,0.00985841,132.09
1318,0,0.00945358,132.19
1319,0,0.00905175,132.291
1320,0,0.00865456,132.391
1321,0,0.00826329,132.491
1322,0,0.0078789,132.592
1323,0,0.00750211,132.692
1324,0,0.0071335,132.792
1325,0,0.00677348,132.892
1326,0,0.00642239,132.993
1327,0,0.00608045,133.093
1328,0,0.00574785,133.193
1329,0,0.00542471,133.293
1330,0,0.00511112,133.393
1331,0,0.00480715,133.494
1332,0,0.00451283,133.594
1333,0,0.00422818,133.694
1334,0,0.0039532,133.794
1335,0,0.0036879,133.894
1336,0,0.00343226,133.994
1337,0,0.00318626,134.094
1338,0,0.0029499,134.195
1339,0,0.00272314,134.295
1340,0,0.00250597,134.395
1341,0,0.00229837,134.495
1342,0,0.00210031,134.595
1343,0,0.00191179,134.695
1344,0,0.00173278,134.795
1345,0,0.00156328,134.895
1346,0,0.00140327,134.995
1347,0,0.00125275,135.095
1348,0,0.00111171,135.195
1349,0,0.000980169,135.295
1350,0,0.00085812,135.395
1351,0,0.000745578,135.495
1352,0,0.000642559,135.595
1353,0,0.000549083,135.695
1354,0,0.000465176,135.795
1355,0,0.000390867,135.895
1356,0,0.000326193,135.995
1357,0,0.000271196,136.095
1358,0,0.000225921,136.195
1359,0,0.000190423,136.295
1360,0,0.00016476,136.395
1361,0,0.000148997,136.495
1362,0,0.000143205,136.595
1363,0,0.000147464,136.695
1364,0,0.000161858,136.795
1365,0,0.00018648,136.895
1366,0,0.000221431,136.995
1367,0,0.000266817,137.095
1368,0,0.000322755,137.195
1369,0,0.000389369,137.295
1370,0,0.000466793,137.395
1371,0,0.000555169,137.495
1372,0,0.000654651,137.595
1373,0,0.000765399,137.695
1374,0,0.000887588,137.795
1375,0,0.0010214,137.895
1376,0,0.00116703,137.995
1377,0,0.00132469,138.095
1378,0,0.0014946,138.195
1379,0,0.00167699,138.295
1380,0,0.00187211,138.395
1381,0,0.00208022,138.495
1382,0,0.00230158,138.595
1383,0,0.0025365,138.695
1384,0,0.00278527,138.795
1385,0,0.00304821,138.895
1386,0,0.00332565,138.995
1387,0,0.00361791,139.096
1388,0,0.00392536,139.196
1389,0,0.00424834,139.296
1390,0,0.0045872,139.396
1391,0,0.00494227,139.496
1392,0,0.00531387,139.596
1393,0,0.00570228,139.696
1394,0,0.00610769,139.796
1395,0,0.00653023,139.896
1396,0,0.00696984,139.997
1397,0,0.00742625,140.097
1398,0,0.00789889,140.197
1399,0,0.0083867,140.297
1400,0,0.00888796,140.398
1401,0,0.0094,140.498
1402,0,0.00991884,140.598
1403,0,0.0104387,140.699
1404,0,0.0109512,140.8
1405,0,0.0114452,140.9
1406,0,0.0119058,141.001
1407,0,0.0123151,141.102
1408,0,0.0126533,141.202
1409,0,0.0129023,141.303
1410,0,0.0130493,141.404
1411,0,0.0130906,141.505
1412,0,0.0130315,141.606
1413,0,0.0128843,141.707
1414,0,0.0126645,141.808
1415,0,0.0123877,141.908
1416,0,0.012068,142.009
1417,0,0.011717,142.11
1418,0,0.0113442,142.21
1419,0,0.0109569,142.311
1420,0,0.0105608,142.412
1421,0,0.0101602,142.512
1422,0,0.00975849,142.613
1423,0,0.00935812,142.713
1424,0,0.00896109,142.813
1425,0,0.0085689,142.914
1426,0,0.00818268,143.014
1427,0,0.00780333,143.114
1428,0,0.00743151,143.215
1429,0,0.00706776,143.315
1430,0,0.00671246,143.415
1431,0,0.00636593,143.515
1432,0,0.00602838,143.616
1433,0,0.00569999,143.716
1434,0,0.00538088,143.816
1435,0,0.00507115,143.916
1436,0,0.00477084,144.016
1437,0,0.00448001,144.116
1438,0,0.00419868,144.217
1439,0,0.00392686,144.317
1440,0,0.00366455,144.417
1441,0,0.00341175,144.517
1442,0,0.00316845,144.617
1443,0,0.00293463,144.717
1444,0,0.00271029,144.817
1445,0,0.00249541,144.917
1446,0,0.00228998,145.017
1447,0,0.00209398,145.118
1448,0,0.00190741,145.218
1449,0,0.00173025,145.318
1450,0,0.0015625,145.418
1451,0,0.00140415,145.518
1452,0,0.00125522,145.618
1453,0,0.00111569,145.718
1454,0,0.000985586,145.818
1455,0,0.000864915,145.918
1456,0,0.000753694,146.018
1457,0,0.000651945,146.118
1458,0,0.000559694,146.218
1459,0,0.000476974,146.318
1460,0,0.000403819,146.418
1461,0,0.000340274,146.518
1462,0,0.000286384,146.618
1463,0,0.000242203,146.718
1464,0,0.00020779,146.818
1465,0,0.000183211,146.918
1466,0,0.000168536,147.018
1467,0,0.000163845,147.118
1468,0,0.000169222,147.218
1469,0,0.000184759,147.318
1470,0,0.000210556,147.418
1471,0,0.00024672,147.518
1472,0,0.000293367,147.618
1473,0,0.00035062,147.718
1474,0,0.000418613,147.818
1475,0,0.000497487,147.918
1476,0,0.000587393,148.018
1477,0,0.000688493,148.118
1478,0,0.00080096,148.218
1479,0,0.000924976,148.318
1480,0,0.00106074,148.418
1481,0,0.00120845,148.518
1482,0,0.00136833,148.618
1483,0,0.00154062,148.718
1484,0,0.00172555,148.818
1485,0,0.0019234,148.918
1486,0,0.00213444,149.018
1487,0,0.00235895,149.118
1488,0,0.00259724,149.218
1489,0,0.00284963,149.318
1490,0,0.00311645,149.418
1491,0,0.00339805,149.518
1492,0,0.0036948,149.618
1493,0,0.00400704,149.718
1494,0,0.00433515,149.818
1495,0,0.0046795,149.918
1496,0,0.00504044,150.019
1497,0,0.00541829,150.119
1498,0,0.00581334,150.219
1499,0,0.00622577,150.319
1500,0,0.00665568,150.419
1501,0,0.00710298,150.519
1502,0,0.00756732,150.62
1503,0,0.00804798,150.72
1504,0,0.0085437,150.82
1505,0,0.00905244,150.92
1506,0,0.00957108,151.021
1507,0,0.0100949,151.121
1508,0,0.0106172,151.222
1509,0,0.0111285,151.322
1510,0,0.0116159,151.423
1511,0,0.0120632,151.524
1512,0,0.0124511,151.624
1513,0,0.0127601,151.725
1514,0,0.0129738,151.826
1515,0,0.0130829,151.927
1516,0,0.0130876,152.028
1517,0,0.0129967,152.129
1518,0,0.012824,152.23
1519,0,0.0125854,152.331
1520,0,0.0122957,152.431
1521,0,0.011968,152.532
1522,0,0.0116129,152.633
1523,0,0.0112388,152.733
1524,0,0.0108524,152.834
1525,0,0.0104585,152.934
1526,0,0.0100613,153.035
1527,0,0.0096636,153.135
1528,0,0.00926774,153.236
1529,0,0.00887549,153.336
1530,0,0.00848821,153.436
1531,0,0.00810695,153.537
1532,0,0.00773251,153.637
1533,0,0.00736554,153.737
1534,0,0.00700651,153.838
1535,0,0.00665579,153.938
1536,0,0.00631368,154.038
1537,0,0.00598038,154.138
1538,0,0.00565606,154.238
1539,0,0.00534086,154.339
1540,0,0.00503484,154.439
1541,0,0.00473808,154.539
1542,0,0.00445063,154.639
1543,0,0.00417251,154.739
1544,0,0.00390374,154.839
1545,0,0.00364432,154.94
1546,0,0.00339426,155.04
1547,0,0.00315356,155.14
1548,0,0.00292221,155.24
1549,0,0.00270021,155.34
1550,0,0.00248754,155.44
1551,0,0.00228421,155.54
1552,0,0.00209019,155.64
1553,0,0.0019055,155.74
1554,0,0.00173012,155.84
1555,0,0.00156406,155.94
1556,0,0.00140733,156.04
1557,0,0.00125992,156.14
1558,0,0.00112185,156.241
1559,0,0.00099314,156.341
1560,0,0.0008738,156.441
1561,0,0.000763856,156.541
1562,0,0.000663336,156.641
1563,0,0.000572272,156.741
1564,0,0.000490702,156.841
1565,0,0.000418668,156.941
1566,0,0.000356218,157.041
1567,0,0.000303406,157.141
1568,0,0.000260291,157.241
1569,0,0.000226938,157.341
1570,0,0.00020342,157.441
1571,0,0.000189813,157.541
1572,0,0.000186203,157.641
1573,0,0.000192682,157.741
1574,0,0.000209349,157.841
1575,0,0.00023631,157.941
1576,0,0.000273681,158.041
1577,0,0.000321584,158.141
1578,0,0.000380151,158.241
1579,0,0.000449523,158.341
1580,0,0.000529852,158.441
1581,0,0.000621296,158.541
1582,0,0.000724028,158.641
1583,0,0.00083823,158.741
1584,0,0.000964095,158.841
1585,0,0.00110183,158.941
1586,0,0.00125165,159.041
1587,0,0.0014138,159.141
1588,0,0.0015885,159.241
1589,0,0.00177604,159.341
1590,0,0.00197668,159.441
1591,0,0.0021907,159.541
1592,0,0.00241843,159.641
1593,0,0.00266018,159.741
1594,0,0.00291629,159.841
1595,0,0.0031871,159.941
1596,0,0.003473,160.041
1597,0,0.00377434,160.141
1598,0,0.00409152,160.241
1599,0,0.00442493,160.341
1600,0,0.00477495,160.441
1601,0,0.00514194,160.541
1602,0,0.00552624,160.641
1603,0,0.00592813,160.741
1604,0,0.00634779,160.842
1605,0,0.0067853,160.942
1606,0,0.00724049,161.042
1607,0,0.00771292,161.142
1608,0,0.00820172,161.242
1609,0,0.00870537,161.343
1610,0,0.00922146,161.443
1611,0,0.0097463,161.544
1612,0,0.0102744,161.644
1613,0,0.010798,161.744
1614,0,0.0113062,161.845
1615,0,0.0117845,161.946
1616,0,0.0122152,162.046
1617,0,0.0125785,162.147
1618,0,0.0128554,162.248
1619,0,0.0130321,162.349
1620,0,0.0131035,162.45
1621,0,0.0130735,162.551
1622,0,0.0129533,162.652
1623,0,0.0127581,162.753
1624,0,0.0125032,162.853
1625,0,0.0122027,162.954
1626,0,0.0118687,163.055
1627,0,0.0115106,163.155
1628,0,0.011136,163.256
1629,0,0.0107509,163.357
1630,0,0.0103597,163.457
1631,0,0.00996605,163.558
1632,0,0.00957251,163.658
1633,0,0.00918118,163.758
1634,0,0.00879368,163.859
1635,0,0.00841126,163.959
1636,0,0.00803487,164.059
1637,0,0.00766527,164.16
1638,0,0.00730303,164.26
1639,0,0.00694861,164.36
1640,0,0.00660237,164.461
1641,0,0.00626456,164.561
1642,0,0.00593541,164.661
1643,0,0.00561507,164.761
1644,0,0.00530367,164.861
1645,0,0.00500128,164.962
1646,0,0.00470798,165.062
1647,0,0.00442382,165.162
1648,0,0.00414883,165.262
1649,0,0.00388303,165.362
1650,0,0.00362644,165.462
1651,0,0.00337906,165.562
1652,0,0.0031409,165.662
1653,0,0.00291196,165.763
1654,0,0.00269224,165.863
1655,0,0.00248173,165.963
1656,0,0.00228044,166.063
1657,0,0.00208837,166.163
1658,0,0.00190551,166.263
1659,0,0.00173188,166.363
1660,0,0.00156748,166.463
1661,0,0.00141232,166.563
1662,0,0.00126641,166.663
1663,0,0.00112977,166.763
1664,0,0.00100243,166.863
1665,0,0.000884393,166.963
1666,0,0.000775705,167.063
1667,0,0.000676394,167.163
1668,0,0.0005865,167.263
1669,0,0.000506065,167.363
1670,0,0.000435138,167.463
1671,0,0.000373773,167.563
1672,0,0.000322029,167.663
1673,0,0.000279973,167.763
1674,0,0.000247676,167.863
1675,0,0.000225216,167.963
1676,0,0.000212677,168.063
1677,0,0.000210151,168.163
1678,0,0.000217736,168.263
1679,0,0.000235539,168.363
1680,0,0.000263674,168.463
1681,0,0.000302263,168.563
1682,0,0.000351438,168.663
1683,0,0.000411337,168.763
1684,0,0.000482112,168.863
1685,0,0.00056392,168.963
1686,0,0.000656932,169.063
1687,0,0.00076133,169.163
1688,0,0.000877305,169.263
1689,0,0.00100506,169.363
1690,0,0.00114482,169.463
1691,0,0.00129681,169.563
1692,0,0.00146127,169.663
1693,0,0.00163847,169.763
1694,0,0.00182868,169.863
1695,0,0.00203219,169.963
1696,0,0.0022493,170.063
1697,0,0.00248035,170.163
1698,0,0.00272567,170.263
1699,0,0.00298561,170.363
1700,0,0.00326056,170.463
1701,0,0.00355089,170.563
1702,0,0.003857,170.664
1703,0,0.0041793,170.764
1704,0,0.00451819,170.864
1705,0,0.00487408,170.964
1706,0,0.00524735,171.064
1707,0,0.00563833,171.164
1708,0,0.00604731,171.264
1709,0,0.00647447,171.364
1710,0,0.00691981,171.464
1711,0,0.00738312,171.565
1712,0,0.00786384,171.665
1713,0,0.00836089,171.765
1714,0,0.00887246,171.865
1715,0,0.0093957,171.966
1716,0,0.00992625,172.066
1717,0,0.0104578,172.167
1718,0,0.0109811,172.267
1719,0,0.011484,172.368
1720,0,0.0119503,172.469
1721,0,0.012361,172.569
1722,0,0.0126962,172.67
1723,0,0.0129385,172.771
1724,0,0.0130774,172.872
1725,0,0.0131117,172.973
1726,0,0.013049,173.074
1727,0,0.0129023,173.175
1728,0,0.0126871,173.275
1729,0,0.0124182,173.376
1730,0,0.0121088,173.477
1731,0,0.0117698,173.578
1732,0,0.0114097,173.678
1733,0,0.0110353,173.779
1734,0,0.010652,173.879
1735,0,0.0102638,173.98
1736,0,0.00987379,174.08
1737,0,0.00948446,174.181
1738,0,0.00909768,174.281
1739,0,0.00871491,174.381
1740,0,0.00833728,174.482
1741,0,0.00796569,174.582
1742,0,0.00760082,174.682
1743,0,0.00724323,174.783
1744,0,0.00689333,174.883
1745,0,0.00655146,174.983
1746,0,0.00621788,175.083
1747,0,0.00589278,175.184
1748,0,0.00557633,175.284
1749,0,0.00526865,175.384
1750,0,0.00496981,175.484
1751,0,0.0046799,175.584
1752,0,0.00439896,175.685
1753,0,0.00412704,175.785
1754,0,0.00386415,175.885
1755,0,0.00361033,175.985
1756,0,0.00336557,176.085
1757,0,0.0031299,176.185
1758,0,0.00290332,176.285
1759,0,0.00268584,176.385
1760,0,0.00247745,176.485
1761,0,0.00227817,176.586
1762,0,0.00208801,176.686
1763,0,0.00190696,176.786
1764,0,0.00173505,176.886
1765,0,0.00157228,176.986
1766,0,0.00141867,177.086
1767,0,0.00127424,177.186
1768,0,0.00113901,177.286
1769,0,0.00101301,177.386
1770,0,0.00089627,177.486
1771,0,0.000788822,177.586
1772,0,0.000690707,177.686
1773,0,0.000601971,177.786
1774,0,0.00052266,177.886
1775,0,0.000452832,177.986
1776,0,0.000392545,178.086
1777,0,0.000341865,178.186
1778,0,0.000300863,178.286
1779,0,0.000269619,178.386
1780,0,0.000248216,178.486
1781,0,0.000236745,178.586
1782,0,0.000235304,178.686
1783,0,0.000244,178.786
1784,0,0.000262945,178.886
1785,0,0.000292262,178.986
1786,0,0.000332079,179.086
1787,0,0.000382537,179.186
1788,0,0.000443784,179.286
1789,0,0.000515977,179.386
1790,0,0.000599285,179.486
1791,0,0.000693889,179.586
1792,0,0.000799978,179.686
1793,0,0.000917757,179.786
1794,0,0.00104744,179.886
1795,0,0.00118926,179.986
1796,0,0.00134346,180.086
1797,0,0.00151029,180.186
1798,0,0.00169003,180.286
1799,0,0.00188298,180.386
1800,0,0.00208943,180.486
1801,0,0.00230971,180.586
1802,0,0.00254416,180.686
1803,0,0.00279314,180.786
1804,0,0.00305703,180.886
1805,0,0.00333621,180.986
1806,0,0.0036311,181.086
1807,0,0.00394212,181.186
1808,0,0.00426969,181.286
1809,0,0.00461423,181.386
1810,0,0.00497617,181.486
1811,0,0.0053559,181.587
1812,0,0.00575377,181.687
1813,0,0.00617006,181.787
1814,0,0.0066049,181.887
1815,0,0.00705828,181.987
1816,0,0.00752989,182.087
1817,0,0.00801902,182.188
1818,0,0.00852435,182.288
1819,0,0.00904374,182.388
1820,0,0.00957378,182.489
1821,0,0.0101094,182.589
1822,0,0.0106431,182.69
1823,0,0.0111645,182.79
1824,0,0.0116595,182.891
1825,0,0.0121107,182.992
1826,0,0.0124981,183.092
1827,0,0.0128023,183.193
1828,0,0.0130083,183.294
1829,0,0.0131094,183.395
1830,0,0.0131085,183.496
1831,0,0.0130156,183.597
1832,0,0.0128453,183.698
1833,0,0.0126127,183.798
1834,0,0.0123321,183.899
1835,0,0.0120155,184
1836,0,0.0116727,184.1
1837,0,0.0113115,184.201
1838,0,0.0109379,184.302
1839,0,0.0105568,184.402
1840,0,0.0101717,184.503
1841,0,0.00978558,184.603
1842,0,0.00940051,184.703
1843,0,0.00901826,184.804
1844,0,0.00864016,184.904
1845,0,0.00826726,185.005
1846,0,0.00790036,185.105
1847,0,0.00754014,185.205
1848,0,0.00718707,185.305
1849,0,0.00684158,185.406
1850,0,0.00650398,185.506
1851,0,0.0061745,185.606
1852,0,0.00585336,185.706
1853,0,0.00554069,185.807
1854,0,0.00523662,185.907
1855,0,0.00494124,186.007
1856,0,0.00465462,186.107
1857,0,0.00437682,186.207
1858,0,0.00410788,186.307
1859,0,0.00384783,186.408
1860,0,0.00359669,186.508
1861,0,0.00335449,186.608
1862,0,0.00312125,186.708
1863,0,0.00289696,186.808
1864,0,0.00268166,186.908
1865,0,0.00247534,187.008
1866,0,0.00227802,187.108
1867,0,0.00208971,187.208
1868,0,0.00191042,187.308
1869,0,0.00174018,187.408
1870,0,0.001579,187.509
1871,0,0.0014269,187.609
1872,0,0.00128391,187.709
1873,0,0.00115006,187.809
1874,0,0.00102537,187.909
1875,0,0.000909894,188.009
1876,0,0.000803659,188.109
1877,0,0.000706715,188.209
1878,0,0.000619112,188.309
1879,0,0.000540905,188.409
1880,0,0.000472155,188.509
1881,0,0.000412928,188.609
1882,0,0.000363295,188.709
1883,0,0.000323335,188.809
1884,0,0.000293131,188.909
1885,0,0.000272776,189.009
1886,0,0.000262365,189.109
1887,0,0.000262005,189.209
1888,0,0.000271809,189.309
1889,0,0.000291896,189.409
1890,0,0.000322397,189.509
1891,0,0.000363448,189.609
1892,0,0.000415198,189.709
1893,0,0.000477803,189.809
1894,0,0.00055143,189.909
1895,0,0.000636257,190.009
1896,0,0.000732475,190.109
1897,0,0.000840283,190.209
1898,0,0.000959897,190.309
1899,0,0.00109154,190.409
1900,0,0.00123547,190.509
1901,0,0.00139192,190.609
1902,0,0.00156118,190.709
1903,0,0.00174353,190.809
1904,0,0.00193928,190.909
1905,0,0.00214875,191.009
1906,0,0.00237228,191.109
1907,0,0.00261023,191.209
1908,0,0.00286299,191.309
1909,0,0.00313094,191.409
1910,0,0.0034145,191.509
1911,0,0.0037141,191.609
1912,0,0.00403019,191.709
1913,0,0.0043632,191.809
1914,0,0.00471359,191.909
1915,0,0.00508179,192.009
1916,0,0.00546821,192.109
1917,0,0.00587321,192.209
1918,0,0.00629703,192.31
1919,0,0.00673981,192.41
1920,0,0.00720146,192.51
1921,0,0.00768156,192.61
1922,0,0.00817922,192.71
1923,0,0.00869286,192.811
1924,0,0.00921989,192.911
1925,0,0.0097563,193.011
1926,0,0.0102961,193.112
1927,0,0.0108306,193.212
1928,0,0.011348,193.313
1929,0,0.0118324,193.414
1930,0,0.0122652,193.514
1931,0,0.0126258,193.615
1932,0,0.0128964,193.716
1933,0,0.013065,193.817
1934,0,0.013129,193.918
1935,0,0.0130947,194.019
1936,0,0.0129745,194.12
1937,0,0.0127832,194.22
1938,0,0.0125357,194.321
1939,0,0.0122453,194.422
1940,0,0.0119229,194.523
1941,0,0.0115774,194.623
1942,0,0.0112158,194.724
1943,0,0.0108436,194.824
1944,0,0.010465,194.925
1945,0,0.0100833,195.025
1946,0,0.00970102,195.126
1947,0,0.00932025,195.226
1948,0,0.00894252,195.327
1949,0,0.00856904,195.427
1950,0,0.00820078,195.527
1951,0,0.00783851,195.628
1952,0,0.00748282,195.728
1953,0,0.00713419,195.828
1954,0,0.006793,195.929
1955,0,0.00645956,196.029
1956,0,0.00613409,196.129
1957,0,0.0058168,196.229
1958,0,0.00550782,196.329
1959,0,0.00520727,196.43
1960,0,0.00491526,196.53
1961,0,0.00463185,196.63
1962,0,0.00435711,196.73
1963,0,0.00409107,196.83
1964,0,0.00383378,196.93
1965,0,0.00358527,197.03
1966,0,0.00334556,197.131
1967,0,0.00311467,197.231
1968,0,0.00289262,197.331
1969,0,0.00267944,197.431
1970,0,0.00247513,197.531
1971,0,0.00227971,197.631
1972,0,0.00209321,197.731
1973,0,0.00191564,197.831
1974,0,0.00174702,197.931
1975,0,0.00158739,198.031
1976,0,0.00143676,198.131
1977,0,0.00129517,198.231
1978,0,0.00116265,198.331
1979,0,0.00103924,198.431
1980,0,0.000924985,198.531
1981,0,0.000819927,198.632
1982,0,0.000724119,198.732
1983,0,0.000637617,198.832
1984,0,0.000560482,198.932
1985,0,0.00049278,199.032
1986,0,0.000434583,199.132
1987,0,0.00038597,199.232
1988,0,0.000347024,199.332
1989,0,0.000317836,199.432
1990,0,0.000298503,199.532
1991,0,0.00028913,199.632
1992,0,0.000289829,199.732
1993,0,0.00030072,199.832
1994,0,0.000321931,199.932
1995,0,0.000353598,200.032
1996,0,0.000395868,200.132
1997,0,0.000448896,200.232
1998,0,0.000512847,200.332
1999,0,0.000587899,200.432
2000,0,0.000674238,200.532
2001,0,0.000772065,200.632
2002,0,0.000881592,200.731
2003,0,0.00100304,200.831
2004,0,0.00113666,200.931
2005,0,0.0012827,201.031
2006,0,0.00144142,201.131
2007,0,0.00161313,201.231
2008,0,0.00179811,201.331
2009,0,0.00199669,201.431
2010,0,0.00220922,201.531
2011,0,0.00243605,201.631
2012,0,0.00267756,201.731
2013,0,0.00293415,201.831
2014,0,0.00320624,201.932
2015,0,0.00349426,202.032
2016,0,0.00379867,202.132
2017,0,0.00411993,202.232
2018,0,0.00445851,202.332
2019,0,0.00481488,202.432
2020,0,0.00518948,202.532
2021,0,0.00558275,202.632
2022,0,0.00599502,202.732
2023,0,0.00642656,202.832
2024,0,0.00687743,202.932
2025,0,0.00734749,203.033
2026,0,0.00783617,203.133
2027,0,0.00834238,203.233
2028,0,0.00886421,203.333
2029,0,0.00939857,203.434
2030,0,0.00994073,203.534
2031,0,0.0104837,203.635
2032,0,0.0110174,203.735
2033,0,0.0115284,203.836
2034,0,0.0119994,203.937
2035,0,0.0124105,204.037
2036,0,0.0127416,204.138
2037,0,0.0129769,204.239
2038,0,0.0131083,204.34
2039,0,0.013137,204.441
2040,0,0.0130721,204.542
2041,0,0.0129275,204.643
2042,0,0.0127181,204.743
2043,0,0.0124581,204.844
2044,0,0.0121597,204.945
2045,0,0.0118329,205.046
2046,0,0.0114857,205.146
2047,0,0.0111244,205.247
2048,0,0.010754,205.347
2049,0,0.0103781,205.448
2050,0,0.00999992,205.548
2051,0,0.00962167,205.649
2052,0,0.00924519,205.749
2053,0,0.00887191,205.849
2054,0,0.00850297,205.95
2055,0,0.00813925,206.05
2056,0,0.00778147,206.15
2057,0,0.0074302,206.251
2058,0,0.00708587,206.351
2059,0,0.00674886,206.451
2060,0,0.00641944,206.551
2061,0,0.00609785,206.652
2062,0,0.00578428,206.752
2063,0,0.00547886,206.852
2064,0,0.00518173,206.952
2065,0,0.00489296,207.052
2066,0,0.00461265,207.153
2067,0,0.00434086,207.253
2068,0,0.00407763,207.353
2069,0,0.003823,207.453
2070,0,0.00357702,207.553
2071,0,0.00333971,207.653
2072,0,0.00311109,207.753
2073,0,0.00289121,207.854
2074,0,0.00268006,207.954
2075,0,0.00247769,208.054
2076,0,0.00228411,208.154
2077,0,0.00209935,208.254
2078,0,0.00192343,208.354
2079,0,0.00175639,208.454
2080,0,0.00159824,208.554
2081,0,0.00144903,208.654
2082,0,0.00130879,208.754
2083,0,0.00117756,208.854
2084,0,0.00105538,208.954
2085,0,0.000942309,209.054
2086,0,0.000838391,209.154
2087,0,0.000743684,209.254
2088,0,0.000658251,209.354
2089,0,0.000582157,209.454
2090,0,0.000515477,209.554
2091,0,0.000458286,209.654
2092,0,0.000410671,209.754
2093,0,0.00037272,209.854
2094,0,0.000344532,209.954
2095,0,0.000326209,210.054
2096,0,0.000317864,210.154
2097,0,0.000319616,210.254
2098,0,0.000331591,210.354
2099,0,0.000353926,210.454
2100,0,0.000386764,210.554
2101,0,0.00043026,210.654
2102,0,0.000484579,210.754
2103,0,0.000549894,210.854
2104,0,0.000626392,210.954
2105,0,0.00071427,211.054
2106,0,0.000813739,211.154
2107,0,0.000925022,211.254
2108,0,0.00104836,211.354
2109,0,0.00118399,211.454
2110,0,0.0013322,211.554
2111,0,0.00149327,211.654
2112,0,0.00166749,211.754
2113,0,0.00185519,211.854
2114,0,0.0020567,211.954
2115,0,0.00227239,212.054
2116,0,0.00250264,212.154
2117,0,0.00274784,212.254
2118,0,0.00300841,212.354
2119,0,0.0032848,212.454
2120,0,0.00357746,212.554
2121,0,0.00388687,212.654
2122,0,0.00421352,212.754
2123,0,0.0045579,212.854
2124,0,0.00492049,212.955
2125,0,0.00530178,213.055
2126,0,0.00570218,213.155
2127,0,0.00612204,213.255
2128,0,0.00656158,213.355
2129,0,0.00702086,213.455
2130,0,0.00749959,213.555
2131,0,0.00799707,213.656
2132,0,0.00851195,213.756
2133,0,0.00904192,213.856
2134,0,0.00958329,213.957
2135,0,0.0101305,214.057
2136,0,0.0106753,214.158
2137,0,0.0112063,214.258
2138,0,0.0117081,214.359
2139,0,0.0121622,214.459
2140,0,0.012548,214.56
2141,0,0.0128466,214.661
2142,0,0.0130451,214.762
2143,0,0.0131392,214.863
2144,0,0.013134,214.964
2145,0,0.0130409,215.065
2146,0,0.0128743,215.166
2147,0,0.012649,215.266
2148,0,0.0123783,215.367
2149,0,0.0120732,215.468
2150,0,0.011743,215.568
2151,0,0.0113948,215.669
2152,0,0.0110343,215.77
2153,0,0.0106659,215.87
2154,0,0.0102931,215.971
2155,0,0.00991849,216.071
2156,0,0.00954427,216.171
2157,0,0.00917207,216.272
2158,0,0.00880323,216.372
2159,0,0.00843878,216.473
2160,0,0.00807955,216.573
2161,0,0.00772621,216.673
2162,0,0.00737928,216.774
2163,0,0.00703919,216.874
2164,0,0.00670628,216.974
2165,0,0.00638083,217.074
2166,0,0.00606306,217.174
2167,0,0.00575315,217.275
2168,0,0.00545124,217.375
2169,0,0.00515746,217.475
2170,0,0.00487191,217.575
2171,0,0.00459466,217.675
2172,0,0.00432577,217.776
2173,0,0.00406531,217.876
2174,0,0.00381332,217.976
2175,0,0.00356984,218.076
2176,0,0.00333491,218.176
2177,0,0.00310855,218.276
2178,0,0.00289081,218.376
2179,0,0.0026817,218.476
2180,0,0.00248125,218.576
2181,0,0.0022895,218.677
2182,0,0.00210648,218.777
2183,0,0.00193221,218.877
2184,0,0.00176673,218.977
2185,0,0.00161008,219.077
2186,0,0.00146229,219.177
2187,0,0.0013234,219.277
2188,0,0.00119347,219.377
2189,0,0.00107254,219.477
2190,0,0.000960666,219.577
2191,0,0.000857902,219.677
2192,0,0.000764314,219.777
2193,0,0.000679968,219.877
2194,0,0.000604937,219.977
2195,0,0.000539301,220.077
2196,0,0.000483142,220.177
2197,0,0.000436551,220.277
2198,0,0.000399625,220.377
2199,0,0.000372468,220.477
2200,0,0.00035519,220.577
2201,0,0.00034791,220.677
2202,0,0.000350753,220.777
2203,0,0.000363855,220.877
2204,0,0.000387358,220.977
2205,0,0.000421415,221.077
2206,0,0.000466189,221.177
2207,0,0.000521853,221.277
2208,0,0.000588591,221.377
2209,0,0.000666599,221.477
2210,0,0.000756083,221.577
2211,0,0.000857267,221.677
2212,0,0.000970384,221.777
2213,0,0.00109568,221.877
2214,0,0.00123343,221.977
2215,0,0.00138391,222.077
2216,0,0.00154742,222.177
2217,0,0.00172428,222.277
2218,0,0.00191481,222.377
2219,0,0.00211939,222.477
2220,0,0.00233839,222.577
2221,0,0.0025722,222.677
2222,0,0.00282126,222.777
2223,0,0.00308599,222.877
2224,0,0.00336688,222.977
2225,0,0.00366439,223.077
2226,0,0.00397903,223.177
2227,0,0.00431132,223.277
2228,0,0.00466176,223.377
2229,0,0.00503088,223.477
2230,0,0.00541914,223.577
2231,0,0.00582698,223.677
2232,0,0.00625475,223.778
2233,0,0.00670264,223.878
2234,0,0.00717061,223.978
2235,0,0.00765829,224.078
2236,0,0.00816476,224.178
2237,0,0.00868837,224.279
2238,0,0.00922631,224.379
2239,0,0.00977421,224.479
2240,0,0.0103255,224.58
2241,0,0.0108705,224.68
2242,0,0.0113963,224.781
2243,0,0.0118859,224.882
2244,0,0.0123193,224.982
2245,0,0.0126763,225.083
2246,0,0.0129398,225.184
2247,0,0.0131005,225.285
2248,0,0.0131582,225.386
2249,0,0.0131211,225.487
2250,0,0.0130021,225.588
2251,0,0.012816,225.689
2252,0,0.0125768,225.789
2253,0,0.012297,225.89
2254,0,0.0119866,225.991
2255,0,0.0116539,226.091
2256,0,0.0113053,226.192
2257,0,0.010946,226.292
2258,0,0.01058,226.393
2259,0,0.0102103,226.493
2260,0,0.00983936,226.594
2261,0,0.00946919,226.694
2262,0,0.00910128,226.795
2263,0,0.00873684,226.895
2264,0,0.00837683,226.995
2265,0,0.00802203,227.096
2266,0,0.00767305,227.196
2267,0,0.0073304,227.296
2268,0,0.00699447,227.397
2269,0,0.00666559,227.497
2270,0,0.00634404,227.597
2271,0,0.00603002,227.697
2272,0,0.00572371,227.798
2273,0,0.00542526,227.898
2274,0,0.00513478,227.998
2275,0,0.00485238,228.098
2276,0,0.00457814,228.198
2277,0,0.00431213,228.298
2278,0,0.0040544,228.399
2279,0,0.00380501,228.499
2280,0,0.003564,228.599
2281,0,0.00333142,228.699
2282,0,0.0031073,228.799
2283,0,0.00289167,228.899
2284,0,0.00268457,228.999
2285,0,0.00248604,229.099
2286,0,0.00229611,229.199
2287,0,0.00211481,229.299
2288,0,0.00194218,229.4
2289,0,0.00177826,229.5
2290,0,0.00162309,229.6
2291,0,0.00147672,229.7
2292,0,0.0013392,229.8
2293,0,0.00121056,229.9
2294,0,0.00109088,230
2295,0,0.000980207,230.1
2296,0,0.000878606,230.2
2297,0,0.000786145,230.3
2298,0,0.000702898,230.4
2299,0,0.000628944,230.5
2300,0,0.000564367,230.6
2301,0,0.000509257,230.7
2302,0,0.000463711,230.8
2303,0,0.000427832,230.9
2304,0,0.00040173,231
2305,0,0.000385523,231.1
2306,0,0.000379336,231.2
2307,0,0.000383303,231.3
2308,0,0.000397565,231.4
2309,0,0.000422274,231.5
2310,0,0.000457592,231.6
2311,0,0.000503688,231.7
2312,0,0.000560746,231.8
2313,0,0.000628959,231.9
2314,0,0.000708533,232
2315,0,0.000799686,232.1
2316,0,0.000902651,232.2
2317,0,0.00101767,232.3
2318,0,0.00114502,232.4
2319,0,0.00128496,232.5
2320,0,0.00143781,232.6
2321,0,0.00160386,232.7
2322,0,0.00178346,232.8
2323,0,0.00197696,232.9
2324,0,0.00218473,233
2325,0,0.00240717,233.1
2326,0,0.00264471,233.2
2327,0,0.00289779,233.3
2328,0,0.00316687,233.4
2329,0,0.00345245,233.5
2330,0,0.00375503,233.6
2331,0,0.00407514,233.7
2332,0,0.00441331,233.8
2333,0,0.00477009,233.9
2334,0,0.00514601,234
2335,0,0.00554156,234.1
2336,0,0.00595717,234.2
2337,0,0.00639318,234.3
2338,0,0.00684972,234.401
2339,0,0.00732669,234.501
2340,0,0.00782356,234.601
2341,0,0.00833917,234.701
2342,0,0.00887147,234.801
2343,0,0.00941711,234.902
2344,0,0.00997085,235.002
2345,0,0.0105249,235.103
2346,0,0.0110683,235.203
2347,0,0.0115861,235.304
2348,0,0.0120599,235.405
2349,0,0.012469,235.505
2350,0,0.0127938,235.606
2351,0,0.0130204,235.707
2352,0,0.0131432,235.808
2353,0,0.0131659,235.909
2354,0,0.0130991,236.01
2355,0,0.0129567,236.111
2356,0,0.0127534,236.211
2357,0,0.0125023,236.312
2358,0,0.0122148,236.413
2359,0,0.0119002,236.514
2360,0,0.0115658,236.614
2361,0,0.0112174,236.715
2362,0,0.0108597,236.815
2363,0,0.0104962,236.916
2364,0,0.0101298,237.016
2365,0,0.00976265,237.117
2366,0,0.00939657,237.217
2367,0,0.00903292,237.318
2368,0,0.00867284,237.418
2369,0,0.00831722,237.518
2370,0,0.00796678,237.619
2371,0,0.00762209,237.719
2372,0,0.00728364,237.819
2373,0,0.0069518,237.919
2374,0,0.00662688,238.02
2375,0,0.00630915,238.12
2376,0,0.00599881,238.22
2377,0,0.00569604,238.32
2378,0,0.00540098,238.42
2379,0,0.00511375,238.521
2380,0,0.00483446,238.621
2381,0,0.00456318,238.721
2382,0,0.00429999,238.821
2383,0,0.00404495,238.921
2384,0,0.00379812,239.021
2385,0,0.00355955,239.122
2386,0,0.00332928,239.222
2387,0,0.00310736,239.322
2388,0,0.00289382,239.422
2389,0,0.00268872,239.522
2390,0,0.00249207,239.622
2391,0,0.00230394,239.722
2392,0,0.00212435,239.822
2393,0,0.00195335,239.922
2394,0,0.00179098,240.022
2395,0,0.00163729,240.122
2396,0,0.00149233,240.222
2397,0,0.00135615,240.322
2398,0,0.00122882,240.423
2399,0,0.00111038,240.523
2400,0,0.00100091,240.623
2401,0,0.000900476,240.723
2402,0,0.000809148,240.823
2403,0,0.000727007,240.923
2404,0,0.000654137,241.023
2405,0,0.00059063,241.123
2406,0,0.000536581,241.223
2407,0,0.000492094,241.323
2408,0,0.000457279,241.423
2409,0,0.000432251,241.523
2410,0,0.000417136,241.623
2411,0,0.000412066,241.723
2412,0,0.000417182,241.823
2413,0,0.000432634,241.923
2414,0,0.000458581,242.023
2415,0,0.000495194,242.123
2416,0,0.000542651,242.223
2417,0,0.000601145,242.323
2418,0,0.000670879,242.423
2419,0,0.000752069,242.523
2420,0,0.000844945,242.622
2421,0,0.000949752,242.722
2422,0,0.00106675,242.822
2423,0,0.00119621,242.922
2424,0,0.00133843,243.022
2425,0,0.00149372,243.122
2426,0,0.00166242,243.222
2427,0,0.00184486,243.322
2428,0,0.00204143,243.422
2429,0,0.00225252,243.522
2430,0,0.00247855,243.622
2431,0,0.00271997,243.722
2432,0,0.00297723,243.822
2433,0,0.00325084,243.922
2434,0,0.0035413,244.022
2435,0,0.00384916,244.122
2436,0,0.00417497,244.222
2437,0,0.00451928,244.323
2438,0,0.00488267,244.423
2439,0,0.00526568,244.523
2440,0,0.00566882,244.623
2441,0,0.00609252,244.723
2442,0,0.00653707,244.823
2443,0,0.00700259,244.923
2444,0,0.00748883,245.023
2445,0,0.00799508,245.124
2446,0,0.0085199,245.224
2447,0,0.00906079,245.324
2448,0,0.00961367,245.425
2449,0,0.0101723,245.525
2450,0,0.0107277,245.626
2451,0,0.011267,245.726
2452,0,0.0117737,245.827
2453,0,0.012228,245.927
2454,0,0.0126091,246.028
2455,0,0.0128992,246.129
2456,0,0.0130877,246.23
2457,0,0.0131734,246.331
2458,0,0.013163,246.432
2459,0,0.0130691,246.533
2460,0,0.012906,246.634
2461,0,0.0126876,246.734
2462,0,0.0124264,246.835
2463,0,0.0121327,246.936
2464,0,0.0118148,247.036
2465,0,0.0114794,247.137
2466,0,0.0111317,247.238
2467,0,0.0107759,247.338
2468,0,0.0104152,247.439
2469,0,0.0100522,247.539
2470,0,0.00968888,247.639
2471,0,0.00932688,247.74
2472,0,0.00896747,247.84
2473,0,0.0086117,247.941
2474,0,0.00826039,248.041
2475,0,0.00791423,248.141
2476,0,0.00757376,248.242
2477,0,0.00723942,248.342
2478,0,0.00691158,248.442
2479,0,0.00659055,248.542
2480,0,0.00627656,248.643
2481,0,0.00596983,248.743
2482,0,0.00567052,248.843
2483,0,0.00537878,248.943
2484,0,0.00509473,249.043
2485,0,0.00481847,249.144
2486,0,0.00455009,249.244
2487,0,0.00428966,249.344
2488,0,0.00403726,249.444
2489,0,0.00379294,249.544
2490,0,0.00355676,249.644
2491,0,0.00332876,249.744
2492,0,0.00310901,249.844
2493,0,0.00289753,249.945
2494,0,0.00269437,250.045
2495,0,0.00249959,250.145
2496,0,0.00231322,250.245
2497,0,0.00213532,250.345
2498,0,0.00196592,250.445
2499,0,0.00180508,250.545
2500,0,0.00165285,250.645
2501,0,0.00150929,250.745
2502,0,0.00137445,250.845
2503,0,0.0012484,250.945
2504,0,0.0011312,251.045
2505,0,0.00102293,251.145
2506,0,0.000923651,251.245
2507,0,0.000833452,251.345
2508,0,0.000752415,251.445
2509,0,0.000680632,251.545
2510,0,0.000618198,251.645
2511,0,0.000565217,251.745
2512,0,0.000521797,251.845
2513,0,0.000488055,251.945
2514,0,0.000464115,252.045
2515,0,0.000450108,252.145
2516,0,0.000446173,252.245
2517,0,0.000452461,252.345
2518,0,0.000469127,252.445
2519,0,0.000496341,252.545
2520,0,0.00053428,252.645
2521,0,0.000583133,252.745
2522,0,0.000643103,252.845
2523,0,0.000714402,252.945
2524,0,0.000797258,253.045
2525,0,0.000891912,253.145
2526,0,0.00099862,253.245
2527,0,0.00111766,253.345
2528,0,0.00124931,253.445
2529,0,0.00139388,253.545
2530,0,0.00155171,253.645
2531,0,0.00172314,253.745
2532,0,0.00190854,253.845
2533,0,0.0021083,253.945
2534,0,0.00232283,254.045
2535,0,0.00255259,254.145
2536,0,0.00279803,254.245
2537,0,0.00305965,254.345
2538,0,0.00333797,254.445
2539,0,0.00363353,254.545
2540,0,0.00394689,254.645
2541,0,0.00427863,254.745
2542,0,0.00462934,254.845
2543,0,0.00499962,254.945
2544,0,0.00539002,255.045
2545,0,0.00580106,255.145
2546,0,0.00623316,255.246
2547,0,0.00668659,255.346
2548,0,0.00716136,255.446
2549,0,0.00765712,255.546
2550,0,0.00817292,255.646
2551,0,0.00870696,255.747
2552,0,0.00925616,255.847
2553,0,0.00981566,255.947
2554,0,0.0103781,256.048
2555,0,0.0109328,256.148
2556,0,0.0114654,256.249
2557,0,0.0119575,256.35
2558,0,0.0123884,256.45
2559,0,0.0127381,256.551
2560,0,0.0129915,256.652
2561,0,0.0131418,256.753
2562,0,0.0131916,256.854
2563,0,0.0131506,256.955
2564,0,0.0130322,257.056
2565,0,0.0128508,257.156
2566,0,0.0126195,257.257
2567,0,0.0123498,257.358
2568,0,0.012051,257.459
2569,0,0.0117308,257.559
2570,0,0.011395,257.66
2571,0,0.0110485,257.76
2572,0,0.0106948,257.861
2573,0,0.0103371,257.961
2574,0,0.00997755,258.062
2575,0,0.00961808,258.162
2576,0,0.00926014,258.263
2577,0,0.00890494,258.363
2578,0,0.00855343,258.463
2579,0,0.00820638,258.564
2580,0,0.00786443,258.664
2581,0,0.00752809,258.764
2582,0,0.00719779,258.865
2583,0,0.00687388,258.965
2584,0,0.00655664,259.065
2585,0,0.00624632,259.165
2586,0,0.00594311,259.266
2587,0,0.00564719,259.366
2588,0,0.0053587,259.466
2589,0,0.00507776,259.566
2590,0,0.00480447,259.666
2591,0,0.00453893,259.766
2592,0,0.00428121,259.867
2593,0,0.00403139,259.967
2594,0,0.00378953,260.067
2595,0,0.00355568,260.167
2596,0,0.00332991,260.267
2597,0,0.00311227,260.367
2598,0,0.0029028,260.467
2599,0,0.00270156,260.567
2600,0,0.00250859,260.667
2601,0,0.00232395,260.768
2602,0,0.00214769,260.868
2603,0,0.00197985,260.968
2604,0,0.0018205,261.068
2605,0,0.0016697,261.168
2606,0,0.0015275,261.268
2607,0,0.00139396,261.368
2608,0,0.00126916,261.468
2609,0,0.00115317,261.568
2610,0,0.00104606,261.668
2611,0,0.000947911,261.768
2612,0,0.00085881,261.868
2613,0,0.000778847,261.968
2614,0,0.00070812,262.068
2615,0,0.00064673,262.168
2616,0,0.000594787,262.268
2617,0,0.000552406,262.368
2618,0,0.000519711,262.468
2619,0,0.000496831,262.568
2620,0,0.000483905,262.668
2621,0,0.000481081,262.768
2622,0,0.000488515,262.868
2623,0,0.000506373,262.968
2624,0,0.000534831,263.068
2625,0,0.000574076,263.168
2626,0,0.000624307,263.268
2627,0,0.000685735,263.368
2628,0,0.000758585,263.468
2629,0,0.000843094,263.568
2630,0,0.000939515,263.668
2631,0,0.00104812,263.768
2632,0,0.00116919,263.868
2633,0,0.00130303,263.968
2634,0,0.00144997,264.068
2635,0,0.00161034,264.168
2636,0,0.00178453,264.268
2637,0,0.0019729,264.368
2638,0,0.00217588,264.468
2639,0,0.0023939,264.568
2640,0,0.00262742,264.668
2641,0,0.00287695,264.768
2642,0,0.00314299,264.868
2643,0,0.0034261,264.968
2644,0,0.00372684,265.068
2645,0,0.0040458,265.168
2646,0,0.0043836,265.268
2647,0,0.00474086,265.368
2648,0,0.00511817,265.468
2649,0,0.00551612,265.568
2650,0,0.00593524,265.668
2651,0,0.00637592,265.768
2652,0,0.00683839,265.868
2653,0,0.00732257,265.969
2654,0,0.00782793,266.069
2655,0,0.00835325,266.169
2656,0,0.00889631,266.269
2657,0,0.00945336,266.37
2658,0,0.0100186,266.47
2659,0,0.0105833,266.571
2660,0,0.0111353,266.671
2661,0,0.0116582,266.772
2662,0,0.0121324,266.872
2663,0,0.0125369,266.973
2664,0,0.012853,267.074
2665,0,0.0130691,267.175
2666,0,0.0131825,267.276
2667,0,0.0131991,267.377
2668,0,0.0131305,267.478
2669,0,0.0129907,267.578
2670,0,0.0127936,267.679
2671,0,0.0125515,267.78
2672,0,0.0122749,267.881
2673,0,0.0119723,267.981
2674,0,0.0116506,268.082
2675,0,0.0113151,268.183
2676,0,0.01097,268.283
2677,0,0.0106188,268.384
2678,0,0.0102642,268.484
2679,0,0.00990821,268.585
2680,0,0.00955259,268.685
2681,0,0.00919869,268.785
2682,0,0.00884763,268.886
2683,0,0.00850028,268.986
2684,0,0.00815738,269.086
2685,0,0.00781953,269.187
2686,0,0.0074872,269.287
2687,0,0.00716082,269.387
2688,0,0.0068407,269.488
2689,0,0.00652714,269.588
2690,0,0.00622036,269.688
2691,0,0.00592056,269.788
2692,0,0.00562791,269.888
2693,0,0.00534255,269.989
2694,0,0.00506461,270.089
2695,0,0.00479418,270.189
2696,0,0.00453137,270.289
2697,0,0.00427626,270.389
2698,0,0.00402892,270.489
2699,0,0.00378942,270.59
2700,0,0.00355782,270.69
2701,0,0.00333419,270.79
2702,0,0.00311857,270.89
2703,0,0.00291103,270.99
2704,0,0.00271163,271.09
2705,0,0.0025204,271.19
2706,0,0.00233742,271.29
2707,0,0.00216273,271.39
2708,0,0.0019964,271.49
2709,0,0.00183848,271.59
2710,0,0.00168904,271.691
2711,0,0.00154814,271.791
2712,0,0.00141585,271.891
2713,0,0.00129225,271.991
2714,0,0.00117742,272.091
2715,0,0.00107142,272.191
2716,0,0.000974358,272.291
2717,0,0.000886315,272.391
2718,0,0.000807389,272.491
2719,0,0.000737682,272.591
2720,0,0.000677304,272.691
2721,0,0.00062637,272.791
2722,0,0.000585002,272.891
2723,0,0.00055333,272.991
2724,0,0.000531491,273.091
2725,0,0.00051963,273.191
2726,0,0.000517904,273.291
2727,0,0.000526475,273.391
2728,0,0.000545519,273.491
2729,0,0.00057522,273.591
2730,0,0.000615774,273.691
2731,0,0.000667391,273.791
2732,0,0.00073029,273.891
2733,0,0.000804708,273.991
2734,0,0.000890894,274.091
2735,0,0.000989114,274.191
2736,0,0.00109965,274.291
2737,0,0.0012228,274.391
2738,0,0.00135889,274.49
2739,0,0.00150825,274.59
2740,0,0.00167124,274.69
2741,0,0.00184825,274.79
2742,0,0.0020397,274.89
2743,0,0.002246,274.99
2744,0,0.00246762,275.09
2745,0,0.00270505,275.19
2746,0,0.00295882,275.29
2747,0,0.00322945,275.39
2748,0,0.00351753,275.49
2749,0,0.00382366,275.59
2750,0,0.00414846,275.69
2751,0,0.00449257,275.79
2752,0,0.00485664,275.891
2753,0,0.00524128,275.991
2754,0,0.0056471,276.091
2755,0,0.00607462,276.191
2756,0,0.00652421,276.291
2757,0,0.00699604,276.391
2758,0,0.0074899,276.491
2759,0,0.00800506,276.591
2760,0,0.00853997,276.692
2761,0,0.00909186,276.792
2762,0,0.00965623,276.892
2763,0,0.0102261,276.993
2764,0,0.0107914,277.093
2765,0,0.011338,277.194
2766,0,0.0118479,277.295
2767,0,0.0123004,277.395
2768,0,0.012675,277.496
2769,0,0.0129555,277.597
2770,0,0.0131339,277.698
2771,0,0.0132115,277.799
2772,0,0.0131971,277.9
2773,0,0.0131035,278.001
2774,0,0.0129447,278.101
2775,0,0.012734,278.202
2776,0,0.0124827,278.303
2777,0,0.0122005,278.404
2778,0,0.0118951,278.504
2779,0,0.0115725,278.605
2780,0,0.0112377,278.705
2781,0,0.0108945,278.806
2782,0,0.0105459,278.906
2783,0,0.0101945,279.007
2784,0,0.0098421,279.107
2785,0,0.00949034,279.208
2786,0,0.00914046,279.308
2787,0,0.00879348,279.408
2788,0,0.00845024,279.509
2789,0,0.00811142,279.609
2790,0,0.00777758,279.709
2791,0,0.00744919,279.81
2792,0,0.00712664,279.91
2793,0,0.00681023,280.01
2794,0,0.00650026,280.11
2795,0,0.00619694,280.211
2796,0,0.00590047,280.311
2797,0,0.00561101,280.411
2798,0,0.00532871,280.511
2799,0,0.00505369,280.611
2800,0,0.00478606,280.712
2801,0,0.00452591,280.812
2802,0,0.00427334,280.912
2803,0,0.00402841,281.012
2804,0,0.00379121,281.112
2805,0,0.0035618,281.212
2806,0,0.00334024,281.312
2807,0,0.0031266,281.413
2808,0,0.00292094,281.513
2809,0,0.00272331,281.613
2810,0,0.00253377,281.713
2811,0,0.0023524,281.813
2812,0,0.00217923,281.913
2813,0,0.00201435,282.013
2814,0,0.00185781,282.113
2815,0,0.00170969,282.213
2816,0,0.00157005,282.313
2817,0,0.00143897,282.413
2818,0,0.00131653,282.513
2819,0,0.0012028,282.613
2820,0,0.00109788,282.713
2821,0,0.00100186,282.813
2822,0,0.000914829,282.913
2823,0,0.000836897,283.013
2824,0,0.00076817,283.113
2825,0,0.000708763,283.213
2826,0,0.000658798,283.313
2827,0,0.000618402,283.413
2828,0,0.000587713,283.513
2829,0,0.000566875,283.613
2830,0,0.000556041,283.713
2831,0,0.000555374,283.813
2832,0,0.000565046,283.913
2833,0,0.000585239,284.013
2834,0,0.000616148,284.113
2835,0,0.000657977,284.213
2836,0,0.000710946,284.313
2837,0,0.000775286,284.413
2838,0,0.000851243,284.513
2839,0,0.000939079,284.613
2840,0,0.00103907,284.713
2841,0,0.00115152,284.813
2842,0,0.00127673,284.913
2843,0,0.00141504,285.013
2844,0,0.00156681,285.113
2845,0,0.00173242,285.213
2846,0,0.00191227,285.313
2847,0,0.00210678,285.413
2848,0,0.00231642,285.513
2849,0,0.00254166,285.613
2850,0,0.00278303,285.713
2851,0,0.00304107,285.813
2852,0,0.00331634,285.913
2853,0,0.00360946,286.013
2854,0,0.00392105,286.113
2855,0,0.00425178,286.213
2856,0,0.0046023,286.313
2857,0,0.00497329,286.413
2858,0,0.00536539,286.513
2859,0,0.00577922,286.613
2860,0,0.00621529,286.713
2861,0,0.00667393,286.814
2862,0,0.00715523,286.914
2863,0,0.00765884,287.014
2864,0,0.00818377,287.114
2865,0,0.00872808,287.214
2866,0,0.00928837,287.315
2867,0,0.00985923,287.415
2868,0,0.0104325,287.516
2869,0,0.0109963,287.616
2870,0,0.0115348,287.717
2871,0,0.0120286,287.817
2872,0,0.0124563,287.918
2873,0,0.0127988,288.019
2874,0,0.013043,288.12
2875,0,0.013185,288.221
2876,0,0.0132294,288.322
2877,0,0.013187,288.423
2878,0,0.0130715,288.523
2879,0,0.0128964,288.624
2880,0,0.0126743,288.725
2881,0,0.0124156,288.826
2882,0,0.0121291,288.926
2883,0,0.0118217,289.027
2884,0,0.0114989,289.127
2885,0,0.0111652,289.228
2886,0,0.0108241,289.329
2887,0,0.0104784,289.429
2888,0,0.0101302,289.53
2889,0,0.00978145,289.63
2890,0,0.00943352,289.73
2891,0,0.00908759,289.831
2892,0,0.00874462,289.931
2893,0,0.00840538,290.031
2894,0,0.00807053,290.132
2895,0,0.00774059,290.232
2896,0,0.00741601,290.332
2897,0,0.00709715,290.433
2898,0,0.00678434,290.533
2899,0,0.00647783,290.633
2900,0,0.00617784,290.733
2901,0,0.00588458,290.834
2902,0,0.00559819,290.934
2903,0,0.00531883,291.034
2904,0,0.00504662,291.134
2905,0,0.00478167,291.234
2906,0,0.00452408,291.334
2907,0,0.00427395,291.435
2908,0,0.00403134,291.535
2909,0,0.00379634,291.635
2910,0,0.00356903,291.735
2911,0,0.00334946,291.835
2912,0,0.00313771,291.935
2913,0,0.00293384,292.035
2914,0,0.00273791,292.135
2915,0,0.00254999,292.236
2916,0,0.00237014,292.336
2917,0,0.00219844,292.436
2918,0,0.00203494,292.536
2919,0,0.00187972,292.636
2920,0,0.00173285,292.736
2921,0,0.00159441,292.836
2922,0,0.00146447,292.936
2923,0,0.00134313,293.036
2924,0,0.00123046,293.136
2925,0,0.00112657,293.236
2926,0,0.00103154,293.336
2927,0,0.00094548,293.436
2928,0,0.000868501,293.536
2929,0,0.000800714,293.636
2930,0,0.000742241,293.736
2931,0,0.00069321,293.836
2932,0,0.000653756,293.936
2933,0,0.000624023,294.036
2934,0,0.000604161,294.136
2935,0,0.000594333,294.236
2936,0,0.000594707,294.336
2937,0,0.000605465,294.436
2938,0,0.000626797,294.536
2939,0,0.000658908,294.636
2940,0,0.000702011,294.736
2941,0,0.000756335,294.836
2942,0,0.000822124,294.936
2943,0,0.000899634,295.036
2944,0,0.00098914,295.136
2945,0,0.00109093,295.236
2946,0,0.00120532,295.336
2947,0,0.00133264,295.436
2948,0,0.00147323,295.536
2949,0,0.00162747,295.636
2950,0,0.00179576,295.736
2951,0,0.00197852,295.836
2952,0,0.0021762,295.936
2953,0,0.00238928,296.036
2954,0,0.00261827,296.136
2955,0,0.00286371,296.236
2956,0,0.00312617,296.336
2957,0,0.00340626,296.436
2958,0,0.00370462,296.536
2959,0,0.00402189,296.636
2960,0,0.00435878,296.736
2961,0,0.00471598,296.836
2962,0,0.00509418,296.936
2963,0,0.00549406,297.036
2964,0,0.00591623,297.136
2965,0,0.00636117,297.236
2966,0,0.00682919,297.336
2967,0,0.00732027,297.436
2968,0,0.00783386,297.537
2969,0,0.00836868,297.637
2970,0,0.00892228,297.737
2971,0,0.00949054,297.837
2972,0,0.010067,297.938
2973,0,0.0106419,298.038
2974,0,0.0112018,298.139
2975,0,0.0117291,298.24
2976,0,0.0122031,298.34
2977,0,0.0126026,298.441
2978,0,0.0129108,298.542
2979,0,0.0131181,298.643
2980,0,0.0132245,298.744
2981,0,0.0132377,298.845
2982,0,0.0131699,298.945
2983,0,0.0130348,299.046
2984,0,0.0128455,299.147
2985,0,0.0126136,299.248
2986,0,0.0123488,299.348
2987,0,0.0120588,299.449
2988,0,0.0117501,299.55
2989,0,0.0114276,299.65
2990,0,0.0110954,299.751
2991,0,0.0107566,299.851
2992,0,0.0104138,299.952
2993,0,0.010069,300.052
2994,0,0.00972386,300.153
2995,0,0.00937975,300.253
2996,0,0.00903774,300.354
2997,0,0.00869871,300.454
2998,0,0.00836342,300.554
2999,0,0.00803246,300.655
3000,0,0.00770635,300.755
3001,0,0.0073855,300.855
3002,0,0.00707027,300.955
3003,0,0.00676097,301.056
3004,0,0.00645785,301.156
3005,0,0.00616113,301.256
3006,0,0.00587099,301.356
3007,0,0.00558761,301.457
3008,0,0.00531112,301.557
3009,0,0.00504166,301.657
3010,0,0.00477933,301.757
3011,0,0.00452424,301.857
3012,0,0.00427648,301.957
3013,0,0.00403614,302.058
3014,0,0.0038033,302.158
3015,0,0.00357802,302.258
3016,0,0.00336039,302.358
3017,0,0.00315048,302.458
3018,0,0.00294836,302.558
3019,0,0.00275408,302.658
3020,0,0.00256773,302.758
3021,0,0.00238938,302.858
3022,0,0.00221909,302.958
3023,0,0.00205693,303.059
3024,0,0.00190299,303.159
3025,0,0.00175734,303.259
3026,0,0.00162006,303.359
3027,0,0.00149124,303.459
3028,0,0.00137096,303.559
3029,0,0.00125932,303.659
3030,0,0.00115642,303.759
3031,0,0.00106235,303.859
3032,0,0.000977235,303.959
3033,0,0.000901178,304.059
3034,0,0.000834303,304.159
3035,0,0.000776736,304.259
3036,0,0.000728613,304.359
3037,0,0.000690075,304.459
3038,0,0.000661273,304.559
3039,0,0.000642365,304.659
3040,0,0.000633519,304.759
3041,0,0.000634914,304.859
3042,0,0.000646739,304.959
3043,0,0.000669194,305.059
3044,0,0.00070249,305.159
3045,0,0.000746854,305.259
3046,0,0.000802523,305.359
3047,0,0.000869753,305.459
3048,0,0.000948811,305.559
3049,0,0.00103999,305.659
3050,0,0.00114358,305.759
3051,0,0.00125992,305.859
3052,0,0.00138935,305.959
3053,0,0.00153223,306.059
3054,0,0.00168897,306.159
3055,0,0.00185997,306.259
3056,0,0.00204568,306.359
3057,0,0.00224657,306.459
3058,0,0.00246315,306.559
3059,0,0.00269595,306.658
3060,0,0.00294554,306.758
3061,0,0.00321253,306.858
3062,0,0.00349754,306.958
3063,0,0.00380124,307.058
3064,0,0.00412434,307.158
3065,0,0.00446755,307.259
3066,0,0.00483159,307.359
3067,0,0.0052172,307.459
3068,0,0.00562505,307.559
3069,0,0.00605577,307.659
3070,0,0.00650981,307.759
3071,0,0.00698741,307.859
3072,0,0.00748841,307.959
3073,0,0.00801205,308.059
3074,0,0.00855668,308.16
3075,0,0.00911925,308.26
3076,0,0.00969478,308.36
3077,0,0.0102756,308.461
3078,0,0.0108503,308.561
3079,0,0.0114037,308.662
3080,0,0.0119165,308.763
3081,0,0.0123674,308.863
3082,0,0.0127362,308.964
3083,0,0.0130089,309.065
3084,0,0.01318,309.166
3085,0,0.0132529,309.267
3086,0,0.0132377,309.368
3087,0,0.0131472,309.468
3088,0,0.0129951,309.569
3089,0,0.0127936,309.67
3090,0,0.0125536,309.771
3091,0,0.0122838,309.871
3092,0,0.0119914,309.972
3093,0,0.011682,310.073
3094,0,0.0113602,310.173
3095,0,0.0110297,310.274
3096,0,0.0106934,310.374
3097,0,0.0103536,310.475
3098,0,0.0100122,310.575
3099,0,0.0096707,310.676
3100,0,0.00933036,310.776
3101,0,0.00899219,310.876
3102,0,0.00865703,310.977
3103,0,0.00832558,311.077
3104,0,0.00799841,311.177
3105,0,0.00767601,311.278
3106,0,0.00735879,311.378
3107,0,0.00704708,311.478
3108,0,0.00674118,311.578
3109,0,0.00644134,311.679
3110,0,0.00614777,311.779
3111,0,0.00586067,311.879
3112,0,0.00558019,311.979
3113,0,0.00530649,312.08
3114,0,0.00503968,312.18
3115,0,0.00477989,312.28
3116,0,0.00452722,312.38
3117,0,0.00428176,312.48
3118,0,0.00404361,312.58
3119,0,0.00381285,312.68
3120,0,0.00358955,312.781
3121,0,0.0033738,312.881
3122,0,0.00316567,312.981
3123,0,0.00296524,313.081
3124,0,0.00277257,313.181
3125,0,0.00258775,313.281
3126,0,0.00241084,313.381
3127,0,0.00224192,313.481
3128,0,0.00208108,313.581
3129,0,0.00192838,313.681
3130,0,0.00178392,313.781
3131,0,0.00164777,313.881
3132,0,0.00152004,313.982
3133,0,0.00140081,314.082
3134,0,0.00129018,314.182
3135,0,0.00118826,314.282
3136,0,0.00109515,314.382
3137,0,0.00101097,314.482
3138,0,0.000935839,314.582
3139,0,0.00086988,314.682
3140,0,0.000813229,314.782
3141,0,0.000766027,314.882
3142,0,0.000728423,314.982
3143,0,0.000700573,315.082
3144,0,0.000682646,315.182
3145,0,0.000674816,315.282
3146,0,0.00067727,315.382
3147,0,0.000690205,315.482
3148,0,0.000713831,315.582
3149,0,0.00074837,315.682
3150,0,0.000794057,315.781
3151,0,0.000851142,315.881
3152,0,0.00091989,315.981
3153,0,0.00100058,316.081
3154,0,0.00109352,316.181
3155,0,0.00119902,316.281
3156,0,0.00131743,316.381
3157,0,0.0014491,316.481
3158,0,0.00159442,316.581
3159,0,0.00175381,316.681
3160,0,0.00192769,316.781
3161,0,0.00211653,316.881
3162,0,0.00232084,316.981
3163,0,0.00254114,317.081
3164,0,0.00277799,317.181
3165,0,0.003032,317.281
3166,0,0.00330379,317.381
3167,0,0.00359403,317.481
3168,0,0.00390343,317.581
3169,0,0.00423272,317.681
3170,0,0.00458265,317.781
3171,0,0.00495398,317.881
3172,0,0.00534745,317.981
3173,0,0.00576376,318.081
3174,0,0.00620353,318.181
3175,0,0.00666717,318.282
3176,0,0.00715483,318.382
3177,0,0.00766619,318.482
3178,0,0.00820019,318.582
3179,0,0.00875471,318.682
3180,0,0.009326,318.783
3181,0,0.00990803,318.883
3182,0,0.0104917,318.984
3183,0,0.0110638,319.084
3184,0,0.0116074,319.185
3185,0,0.0121016,319.285
3186,0,0.0125253,319.386
3187,0,0.0128602,319.487
3188,0,0.0130959,319.588
3189,0,0.0132308,319.689
3190,0,0.0132715,319.79
3191,0,0.0132295,319.891
3192,0,0.0131183,319.991
3193,0,0.0129508,320.092
3194,0,0.0127386,320.193
3195,0,0.0124915,320.294
3196,0,0.0122175,320.394
3197,0,0.0119231,320.495
3198,0,0.0116134,320.596
3199,0,0.0112926,320.696
3200,0,0.0109641,320.797
3201,0,0.0106303,320.897
3202,0,0.0102936,320.998
3203,0,0.00995559,321.098
3204,0,0.00961771,321.198
3205,0,0.00928113,321.299
3206,0,0.00894678,321.399
3207,0,0.00861546,321.5
3208,0,0.00828783,321.6
3209,0,0.00796442,321.7
3210,0,0.00764571,321.8
3211,0,0.00733207,321.901
3212,0,0.00702386,322.001
3213,0,0.00672133,322.101
3214,0,0.00642476,322.202
3215,0,0.00613433,322.302
3216,0,0.00585025,322.402
3217,0,0.00557267,322.502
3218,0,0.00530174,322.602
3219,0,0.00503758,322.703
3220,0,0.00478032,322.803
3221,0,0.00453007,322.903
3222,0,0.00428691,323.003
3223,0,0.00405096,323.103
3224,0,0.00382228,323.203
3225,0,0.00360097,323.303
3226,0,0.00338711,323.404
3227,0,0.00318077,323.504
3228,0,0.00298204,323.604
3229,0,0.00279099,323.704
3230,0,0.00260771,323.804
3231,0,0.00243226,323.904
3232,0,0.00226474,324.004
3233,0,0.00210522,324.104
3234,0,0.00195379,324.204
3235,0,0.00181053,324.304
3236,0,0.00167555,324.404
3237,0,0.00154893,324.504
3238,0,0.00143077,324.604
3239,0,0.00132117,324.704
3240,0,0.00122025,324.804
3241,0,0.00112812,324.904
3242,0,0.0010449,325.004
3243,0,0.000970715,325.104
3244,0,0.000905696,325.204
3245,0,0.000849985,325.304
3246,0,0.000803729,325.404
3247,0,0.000767085,325.504
3248,0,0.000740216,325.604
3249,0,0.000723297,325.704
3250,0,0.000716511,325.804
3251,0,0.000720055,325.904
3252,0,0.000734133,326.004
3253,0,0.000758965,326.104
3254,0,0.000794782,326.204
3255,0,0.000841831,326.304
3256,0,0.000900372,326.404
3257,0,0.000970683,326.504
3258,0,0.00105306,326.604
3259,0,0.00114781,326.704
3260,0,0.00125528,326.804
3261,0,0.00137581,326.904
3262,0,0.00150979,327.004
3263,0,0.00165762,327.104
3264,0,0.00181974,327.204
3265,0,0.00199659,327.304
3266,0,0.00218867,327.404
3267,0,0.0023965,327.504
3268,0,0.00262064,327.604
3269,0,0.00286168,327.704
3270,0,0.00312025,327.804
3271,0,0.00339701,327.904
3272,0,0.00369268,328.004
3273,0,0.00400798,328.104
3274,0,0.00434368,328.204
3275,0,0.00470058,328.304
3276,0,0.00507945,328.404
3277,0,0.00548108,328.504
3278,0,0.00590616,328.604
3279,0,0.00635528,328.704
3280,0,0.00682882,328.804
3281,0,0.0073268,328.905
3282,0,0.00784868,329.005
3283,0,0.00839307,329.105
3284,0,0.00895727,329.205
3285,0,0.00953669,329.306
3286,0,0.0101241,329.406
3287,0,0.0107087,329.506
3288,0,0.0112756,329.607
3289,0,0.0118058,329.708
3290,0,0.012278,329.808
3291,0,0.0126714,329.909
3292,0,0.0129709,330.01
3293,0,0.0131697,330.111
3294,0,0.01327,330.212
3295,0,0.013281,330.313
3296,0,0.013215,330.414
3297,0,0.0130855,330.514
3298,0,0.0129046,330.615
3299,0,0.0126833,330.716
3300,0,0.0124304,330.817
3301,0,0.0121531,330.917
3302,0,0.0118574,331.018
3303,0,0.011548,331.118
3304,0,0.0112285,331.219
3305,0,0.010902,331.319
3306,0,0.010571,331.42
3307,0,0.0102374,331.52
3308,0,0.00990284,331.621
3309,0,0.00956857,331.721
3310,0,0.00923569,331.822
3311,0,0.00890511,331.922
3312,0,0.00857755,332.022
3313,0,0.00825365,332.123
3314,0,0.00793391,332.223
3315,0,0.00761879,332.323
3316,0,0.00730866,332.424
3317,0,0.00700384,332.524
3318,0,0.00670461,332.624
3319,0,0.0064112,332.724
3320,0,0.00612383,332.825
3321,0,0.00584268,332.925
3322,0,0.00556791,333.025
3323,0,0.00529967,333.125
3324,0,0.00503808,333.225
3325,0,0.00478328,333.326
3326,0,0.00453536,333.426
3327,0,0.00429444,333.526
3328,0,0.00406061,333.626
3329,0,0.00383395,333.726
3330,0,0.00361456,333.826
3331,0,0.00340253,333.926
3332,0,0.00319792,334.026
3333,0,0.00300084,334.127
3334,0,0.00281136,334.227
3335,0,0.00262955,334.327
3336,0,0.00245552,334.427
3337,0,0.00228934,334.527
3338,0,0.00213109,334.627
3339,0,0.00198088,334.727
3340,0,0.00183879,334.827
3341,0,0.00170492,334.927
3342,0,0.00157936,335.027
3343,0,0.00146223,335.127
3344,0,0.00135363,335.227
3345,0,0.00125368,335.327
3346,0,0.00116249,335.427
3347,0,0.0010802,335.527
3348,0,0.00100692,335.627
3349,0,0.000942815,335.727
3350,0,0.000888015,335.827
3351,0,0.000842679,335.927
3352,0,0.00080697,336.027
3353,0,0.000781058,336.127
3354,0,0.000765127,336.227
3355,0,0.000759369,336.327
3356,0,0.000763986,336.427
3357,0,0.000779195,336.527
3358,0,0.000805223,336.627
3359,0,0.000842313,336.727
3360,0,0.000890721,336.827
3361,0,0.000950721,336.927
3362,0,0.0010226,337.027
3363,0,0.00110667,337.127
3364,0,0.00120326,337.227
3365,0,0.00131271,337.327
3366,0,0.0014354,337.427
3367,0,0.00157172,337.527
3368,0,0.00172211,337.627
3369,0,0.001887,337.727
3370,0,0.00206688,337.827
3371,0,0.00226227,337.927
3372,0,0.00247371,338.027
3373,0,0.0027018,338.127
3374,0,0.00294714,338.227
3375,0,0.0032104,338.327
3376,0,0.00349229,338.427
3377,0,0.00379354,338.527
3378,0,0.00411493,338.627
3379,0,0.00445727,338.727
3380,0,0.00482136,338.827
3381,0,0.00520804,338.927
3382,0,0.00561808,339.027
3383,0,0.00605221,339.127
3384,0,0.00651097,339.227
3385,0,0.00699467,339.327
3386,0,0.00750318,339.427
3387,0,0.0080357,339.527
3388,0,0.0085904,339.628
3389,0,0.00916392,339.728
3390,0,0.00975065,339.828
3391,0,0.010342,339.929
3392,0,0.0109253,340.029
3393,0,0.0114839,340.13
3394,0,0.0119974,340.231
3395,0,0.0124439,340.331
3396,0,0.0128047,340.432
3397,0,0.013068,340.533
3398,0,0.0132308,340.634
3399,0,0.0132987,340.735
3400,0,0.0132826,340.836
3401,0,0.0131952,340.937
3402,0,0.0130496,341.037
3403,0,0.0128574,341.138
3404,0,0.0126284,341.239
3405,0,0.0123707,341.34
3406,0,0.012091,341.44
3407,0,0.0117946,341.541
3408,0,0.0114858,341.641
3409,0,0.0111679,341.742
3410,0,0.0108437,341.842
3411,0,0.0105155,341.943
3412,0,0.0101851,342.043
3413,0,0.0098539,342.144
3414,0,0.0095232,342.244
3415,0,0.00919399,342.344
3416,0,0.0088671,342.445
3417,0,0.00854323,342.545
3418,0,0.00822297,342.645
3419,0,0.00790682,342.746
3420,0,0.0075952,342.846
3421,0,0.00728849,342.946
3422,0,0.00698697,343.047
3423,0,0.00669094,343.147
3424,0,0.00640061,343.247
3425,0,0.00611621,343.347
3426,0,0.00583791,343.448
3427,0,0.00556587,343.548
3428,0,0.00530024,343.648
3429,0,0.00504116,343.748
3430,0,0.00478874,343.848
3431,0,0.00454311,343.948
3432,0,0.00430435,344.049
3433,0,0.00407258,344.149
3434,0,0.00384789,344.249
3435,0,0.00363037,344.349
3436,0,0.00342011,344.449
3437,0,0.00321719,344.549
3438,0,0.00302171,344.649
3439,0,0.00283375,344.749
3440,0,0.00265339,344.849
3441,0,0.00248073,344.95
3442,0,0.00231586,345.05
3443,0,0.00215886,345.15
3444,0,0.00200984,345.25
3445,0,0.00186889,345.35
3446,0,0.00173611,345.45
3447,0,0.0016116,345.55
3448,0,0.00149548,345.65
3449,0,0.00138787,345.75
3450,0,0.00128887,345.85
3451,0,0.00119862,345.95
3452,0,0.00111725,346.05
3453,0,0.00104489,346.15
3454,0,0.000981694,346.25
3455,0,0.000927814,346.35
3456,0,0.000883409,346.45
3457,0,0.00084865,346.55
3458,0,0.000823716,346.65
3459,0,0.000808798,346.75
3460,0,0.000804095,346.85
3461,0,0.000809821,346.95
3462,0,0.0008262,347.05
3463,0,0.00085347,347.15
3464,0,0.000891884,347.25
3465,0,0.000941711,347.35
3466,0,0.00100323,347.45
3467,0,0.00107676,347.55
3468,0,0.0011626,347.65
3469,0,0.00126111,347.75
3470,0,0.00137265,347.85
3471,0,0.00149762,347.95
3472,0,0.00163641,348.05
3473,0,0.00178949,348.15
3474,0,0.00195732,348.25
3475,0,0.0021404,348.35
3476,0,0.00233929,348.45
3477,0,0.00255455,348.549
3478,0,0.0027868,348.649
3479,0,0.00303669,348.749
3480,0,0.00330493,348.849
3481,0,0.00359225,348.949
3482,0,0.00389943,349.049
3483,0,0.00422727,349.149
3484,0,0.00457663,349.249
3485,0,0.00494836,349.349
3486,0,0.0053433,349.449
3487,0,0.00576226,349.55
3488,0,0.00620594,349.65
3489,0,0.00667486,349.75
3490,0,0.00716921,349.85
3491,0,0.00768867,349.95
3492,0,0.0082321,350.05
3493,0,0.00879715,350.151
3494,0,0.00937961,350.251
3495,0,0.00997269,350.351
3496,0,0.0105662,350.452
3497,0,0.0111455,350.552
3498,0,0.0116922,350.653
3499,0,0.0121847,350.754
3500,0,0.0126019,350.854
3501,0,0.0129275,350.955
3502,0,0.0131535,351.056
3503,0,0.013281,351.157
3504,0,0.0133182,351.258
3505,0,0.0132769,351.359
3506,0,0.0131701,351.46
3507,0,0.0130102,351.56
3508,0,0.0128079,351.661
3509,0,0.0125722,351.762
3510,0,0.0123106,351.862
3511,0,0.0120291,351.963
3512,0,0.0117324,352.064
3513,0,0.0114244,352.164
3514,0,0.0111083,352.265
3515,0,0.0107865,352.365
3516,0,0.0104612,352.466
3517,0,0.010134,352.566
3518,0,0.00980625,352.666
3519,0,0.00947913,352.767
3520,0,0.00915355,352.867
3521,0,0.00883033,352.968
3522,0,0.00851012,353.068
3523,0,0.00819347,353.168
3524,0,0.00788087,353.269
3525,0,0.00757272,353.369
3526,0,0.00726938,353.469
3527,0,0.00697114,353.569
3528,0,0.00667827,353.67
3529,0,0.006391,353.77
3530,0,0.00610953,353.87
3531,0,0.00583405,353.97
3532,0,0.00556472,354.07
3533,0,0.00530169,354.171
3534,0,0.00504508,354.271
3535,0,0.00479503,354.371
3536,0,0.00455165,354.471
3537,0,0.00431505,354.571
3538,0,0.00408532,354.671
3539,0,0.00386258,354.772
3540,0,0.00364691,354.872
3541,0,0.00343841,354.972
3542,0,0.00323717,355.072
3543,0,0.00304328,355.172
3544,0,0.00285683,355.272
3545,0,0.00267791,355.372
3546,0,0.00250662,355.472
3547,0,0.00234305,355.572
3548,0,0.0021873,355.672
3549,0,0.00203946,355.772
3550,0,0.00189964,355.873
3551,0,0.00176795,355.973
3552,0,0.00164449,356.073
3553,0,0.00152938,356.173
3554,0,0.00142275,356.273
3555,0,0.00132471,356.373
3556,0,0.00123539,356.473
3557,0,0.00115494,356.573
3558,0,0.0010835,356.673
3559,0,0.00102123,356.773
3560,0,0.000968268,356.873
3561,0,0.0009248,356.973
3562,0,0.000890998,357.073
3563,0,0.00086705,357.173
3564,0,0.000853154,357.273
3565,0,0.000849519,357.373
3566,0,0.000856367,357.473
3567,0,0.000873932,357.573
3568,0,0.000902462,357.673
3569,0,0.000942222,357.773
3570,0,0.000993492,357.873
3571,0,0.00105657,357.973
3572,0,0.00113177,358.073
3573,0,0.00121943,358.172
3574,0,0.0013199,358.272
3575,0,0.00143358,358.372
3576,0,0.00156087,358.472
3577,0,0.0017022,358.572
3578,0,0.00185804,358.672
3579,0,0.00202889,358.772
3580,0,0.00221527,358.872
3581,0,0.00241776,358.972
3582,0,0.00263696,359.072
3583,0,0.00287351,359.172
3584,0,0.00312811,359.272
3585,0,0.00340149,359.372
3586,0,0.00369443,359.472
3587,0,0.00400774,359.572
3588,0,0.00434228,359.672
3589,0,0.00469892,359.772
3590,0,0.00507857,359.872
3591,0,0.00548208,359.972
3592,0,0.00591028,360.072
3593,0,0.00636384,360.172
3594,0,0.00684322,360.272
3595,0,0.00734848,360.373
3596,0,0.00787906,360.473
3597,0,0.00843341,360.573
3598,0,0.0090085,360.673
3599,0,0.00959917,360.774
3600,0,0.0101972,360.874
3601,0,0.0107907,360.975
3602,0,0.0113631,361.075
3603,0,0.0118942,361.176
3604,0,0.012362,361.277
3605,0,0.0127471,361.377
3606,0,0.0130363,361.478
3607,0,0.0132258,361.579
3608,0,0.01332,361.68
3609,0,0.0133288,361.781
3610,0,0.0132649,361.882
3611,0,0.013141,361.983
3612,0,0.0129686,362.083
3613,0,0.0127577,362.184
3614,0,0.0125166,362.285
3615,0,0.0122518,362.385
3616,0,0.011969,362.486
3617,0,0.0116724,362.587
3618,0,0.0113656,362.687
3619,0,0.0110514,362.788
3620,0,0.0107321,362.888
3621,0,0.0104097,362.989
3622,0,0.0100857,363.089
3623,0,0.00976134,363.189
3624,0,0.00943772,363.29
3625,0,0.00911572,363.39
3626,0,0.00879608,363.491
3627,0,0.00847943,363.591
3628,0,0.0081663,363.691
3629,0,0.00785716,363.792
3630,0,0.00755239,363.892
3631,0,0.00725233,363.992
3632,0,0.00695727,364.092
3633,0,0.00666748,364.193
3634,0,0.00638318,364.293
3635,0,0.00610457,364.393
3636,0,0.00583184,364.493
3637,0,0.00556514,364.593
3638,0,0.00530463,364.694
3639,0,0.00505044,364.794
3640,0,0.00480269,364.894
3641,0,0.00456151,364.994
3642,0,0.00432701,365.094
3643,0,0.00409929,365.194
3644,0,0.00387845,365.295
3645,0,0.0036646,365.395
3646,0,0.00345782,365.495
3647,0,0.00325823,365.595
3648,0,0.0030659,365.695
3649,0,0.00288093,365.795
3650,0,0.00270343,365.895
3651,0,0.00253349,365.995
3652,0,0.00237121,366.095
3653,0,0.00221668,366.195
3654,0,0.00207002,366.295
3655,0,0.00193132,366.395
3656,0,0.00180071,366.495
3657,0,0.0016783,366.595
3658,0,0.00156421,366.696
3659,0,0.00145855,366.796
3660,0,0.00136148,366.896
3661,0,0.00127311,366.996
3662,0,0.0011936,367.096
3663,0,0.00112309,367.196
3664,0,0.00106175,367.296
3665,0,0.00100974,367.396
3666,0,0.000967234,367.496
3667,0,0.00093442,367.596
3668,0,0.000911492,367.696
3669,0,0.000898658,367.796
3670,0,0.000896134,367.896
3671,0,0.000904152,367.996
3672,0,0.000922956,368.095
3673,0,0.000952807,368.195
3674,0,0.000993977,368.295
3675,0,0.00104676,368.395
3676,0,0.00111147,368.495
3677,0,0.00118843,368.595
3678,0,0.001278,368.695
3679,0,0.00138055,368.795
3680,0,0.00149648,368.895
3681,0,0.00162621,368.995
3682,0,0.00177021,369.095
3683,0,0.00192897,369.195
3684,0,0.00210299,369.295
3685,0,0.00229285,369.395
3686,0,0.00249914,369.495
3687,0,0.00272248,369.595
3688,0,0.00296358,369.695
3689,0,0.00322314,369.795
3690,0,0.00350195,369.895
3691,0,0.00380081,369.995
3692,0,0.00412059,370.095
3693,0,0.00446218,370.195
3694,0,0.00482651,370.295
3695,0,0.00521449,370.395
3696,0,0.00562702,370.495
3697,0,0.00606491,370.595
3698,0,0.00652882,370.695
3699,0,0.00701911,370.795
3700,0,0.00753565,370.895
3701,0,0.00807758,370.996
3702,0,0.00864284,371.096
3703,0,0.00922761,371.196
3704,0,0.00982553,371.296
3705,0,0.0104268,371.397
3706,0,0.0110176,371.497
3707,0,0.0115794,371.598
3708,0,0.0120908,371.699
3709,0,0.0125303,371.8
3710,0,0.0128807,371.9
3711,0,0.0131329,372.001
3712,0,0.0132867,372.102
3713,0,0.0133493,372.203
3714,0,0.0133322,372.304
3715,0,0.013248,372.405
3716,0,0.0131089,372.505
3717,0,0.0129256,372.606
3718,0,0.0127074,372.707
3719,0,0.0124616,372.808
3720,0,0.0121944,372.908
3721,0,0.0119108,373.009
3722,0,0.0116147,373.109
3723,0,0.0113092,373.21
3724,0,0.0109971,373.31
3725,0,0.0106805,373.411
3726,0,0.010361,373.511
3727,0,0.0100402,373.612
3728,0,0.00971925,373.712
3729,0,0.00939911,373.813
3730,0,0.00908064,373.913
3731,0,0.00876453,374.013
3732,0,0.00845139,374.114
3733,0,0.00814172,374.214
3734,0,0.00783597,374.314
3735,0,0.0075345,374.415
3736,0,0.00723766,374.515
3737,0,0.00694572,374.615
3738,0,0.00665895,374.715
3739,0,0.00637755,374.816
3740,0,0.00610175,374.916
3741,0,0.0058317,375.016
3742,0,0.00556758,375.116
3743,0,0.00530954,375.216
3744,0,0.00505771,375.317
3745,0,0.00481222,375.417
3746,0,0.00457319,375.517
3747,0,0.00434074,375.617
3748,0,0.00411498,375.717
3749,0,0.00389601,375.817
3750,0,0.00368393,375.917
3751,0,0.00347884,376.018
3752,0,0.00328085,376.118
3753,0,0.00309005,376.218
3754,0,0.00290654,376.318
3755,0,0.00273043,376.418
3756,0,0.0025618,376.518
3757,0,0.00240078,376.618
3758,0,0.00224746,376.718
3759,0,0.00210194,376.818
3760,0,0.00196436,376.918
3761,0,0.00183481,377.018
3762,0,0.00171343,377.118
3763,0,0.00160033,377.218
3764,0,0.00149565,377.318
3765,0,0.00139953,377.418
3766,0,0.0013121,377.518
3767,0,0.00123352,377.618
3768,0,0.00116394,377.718
3769,0,0.00110354,377.818
3770,0,0.00105247,377.918
3771,0,0.00101094,378.018
3772,0,0.000979119,378.118
3773,0,0.000957223,378.218
3774,0,0.000945465,378.318
3775,0,0.000944071,378.418
3776,0,0.000953283,378.518
3777,0,0.000973355,378.618
3778,0,0.00100456,378.718
3779,0,0.00104718,378.818
3780,0,0.00110152,378.918
3781,0,0.00116791,379.018
3782,0,0.00124669,379.118
3783,0,0.00133824,379.218
3784,0,0.00144293,379.318
3785,0,0.0015612,379.418
3786,0,0.00169348,379.518
3787,0,0.00184026,379.618
3788,0,0.00200205,379.718
3789,0,0.00217939,379.818
3790,0,0.00237287,379.918
3791,0,0.00258312,380.018
3792,0,0.00281081,380.118
3793,0,0.00305665,380.218
3794,0,0.00332142,380.318
3795,0,0.00360591,380.418
3796,0,0.00391098,380.517
3797,0,0.00423755,380.617
3798,0,0.00458655,380.717
3799,0,0.00495894,380.818
3800,0,0.00535567,380.918
3801,0,0.00577765,381.018
3802,0,0.00622569,381.118
3803,0,0.00670038,381.218
3804,0,0.00720198,381.318
3805,0,0.00773012,381.418
3806,0,0.00828355,381.518
3807,0,0.00885957,381.618
3808,0,0.00945339,381.719
3809,0,0.0100573,381.819
3810,0,0.0106597,381.92
3811,0,0.0112447,382.02
3812,0,0.011792,382.121
3813,0,0.0122797,382.222
3814,0,0.0126876,382.322
3815,0,0.0130017,382.423
3816,0,0.0132168,382.524
3817,0,0.0133363,382.625
3818,0,0.0133697,382.726
3819,0,0.0133289,382.827
3820,0,0.0132265,382.927
3821,0,0.013074,383.028
3822,0,0.0128813,383.129
3823,0,0.0126568,383.23
3824,0,0.0124073,383.33
3825,0,0.0121383,383.431
3826,0,0.0118543,383.532
3827,0,0.0115589,383.632
3828,0,0.011255,383.733
3829,0,0.0109451,383.833
3830,0,0.0106311,383.934
3831,0,0.0103147,384.034
3832,0,0.00999705,384.134
3833,0,0.00967943,384.235
3834,0,0.00936272,384.335
3835,0,0.00904772,384.436
3836,0,0.00873508,384.536
3837,0,0.00842537,384.636
3838,0,0.0081191,384.737
3839,0,0.00781666,384.837
3840,0,0.00751844,384.937
3841,0,0.00722475,385.038
3842,0,0.00693586,385.138
3843,0,0.00665204,385.238
3844,0,0.00637349,385.338
3845,0,0.00610042,385.438
3846,0,0.005833,385.539
3847,0,0.00557141,385.639
3848,0,0.00531578,385.739
3849,0,0.00506627,385.839
3850,0,0.004823,385.939
3851,0,0.00458608,386.04
3852,0,0.00435565,386.14
3853,0,0.00413181,386.24
3854,0,0.00391467,386.34
3855,0,0.00370434,386.44
3856,0,0.00350092,386.54
3857,0,0.00330451,386.64
3858,0,0.00311522,386.74
3859,0,0.00293315,386.84
3860,0,0.0027584,386.941
3861,0,0.00259109,387.041
3862,0,0.00243132,387.141
3863,0,0.00227919,387.241
3864,0,0.00213483,387.341
3865,0,0.00199835,387.441
3866,0,0.00186987,387.541
3867,0,0.00174952,387.641
3868,0,0.00163743,387.741
3869,0,0.00153374,387.841
3870,0,0.00143858,387.941
3871,0,0.00135211,388.041
3872,0,0.00127448,388.141
3873,0,0.00120587,388.241
3874,0,0.00114642,388.341
3875,0,0.00109634,388.441
3876,0,0.00105581,388.541
3877,0,0.00102503,388.641
3878,0,0.00100422,388.741
3879,0,0.000993586,388.841
3880,0,0.00099338,388.941
3881,0,0.00100385,389.041
3882,0,0.00102526,389.141
3883,0,0.00105789,389.241
3884,0,0.00110204,389.341
3885,0,0.00115804,389.441
3886,0,0.00122621,389.541
3887,0,0.00130692,389.641
3888,0,0.00140055,389.741
3889,0,0.00150753,389.841
3890,0,0.00162827,389.941
3891,0,0.00176325,390.04
3892,0,0.00191298,390.14
3893,0,0.00207799,390.24
3894,0,0.00225886,390.34
3895,0,0.00245619,390.44
3896,0,0.00267065,390.54
3897,0,0.00290295,390.64
3898,0,0.00315384,390.74
3899,0,0.00342412,390.84
3900,0,0.00371465,390.94
3901,0,0.00402634,391.04
3902,0,0.00436012,391.14
3903,0,0.00471698,391.24
3904,0,0.00509793,391.34
3905,0,0.00550393,391.44
3906,0,0.00593591,391.54
3907,0,0.00639466,391.64
3908,0,0.00688069,391.74
3909,0,0.00739408,391.841
3910,0,0.00793418,391.941
3911,0,0.00849924,392.041
3912,0,0.00908576,392.141
3913,0,0.00968781,392.242
3914,0,0.010296,392.342
3915,0,0.0108969,392.442
3916,0,0.0114723,392.543
3917,0,0.0120009,392.644
3918,0,0.0124608,392.744
3919,0,0.012834,392.845
3920,0,0.0131104,392.946
3921,0,0.0132888,393.047
3922,0,0.0133757,393.148
3923,0,0.0133818,393.249
3924,0,0.0133194,393.35
3925,0,0.0132006,393.45
3926,0,0.0130361,393.551
3927,0,0.0128352,393.652
3928,0,0.0126053,393.753
3929,0,0.0123526,393.853
3930,0,0.0120822,393.954
3931,0,0.0117982,394.054
3932,0,0.0115037,394.155
3933,0,0.0112016,394.255
3934,0,0.010894,394.356
3935,0,0.0105827,394.456
3936,0,0.0102692,394.557
3937,0,0.00995479,394.657
3938,0,0.00964049,394.758
3939,0,0.00932718,394.858
3940,0,0.0090156,394.958
3941,0,0.00870639,395.059
3942,0,0.00840007,395.159
3943,0,0.00809714,395.259
3944,0,0.00779798,395.36
3945,0,0.00750295,395.46
3946,0,0.00721236,395.56
3947,0,0.00692649,395.661
3948,0,0.00664557,395.761
3949,0,0.00636983,395.861
3950,0,0.00609947,395.961
3951,0,0.00583466,396.061
3952,0,0.00557556,396.162
3953,0,0.00532233,396.262
3954,0,0.00507511,396.362
3955,0,0.00483403,396.462
3956,0,0.00459921,396.562
3957,0,0.00437079,396.662
3958,0,0.00414886,396.763
3959,0,0.00393354,396.863
3960,0,0.00372494,396.963
3961,0,0.00352318,397.063
3962,0,0.00332835,397.163
3963,0,0.00314057,397.263
3964,0,0.00295993,397.363
3965,0,0.00278656,397.463
3966,0,0.00262056,397.563
3967,0,0.00246204,397.663
3968,0,0.00231112,397.763
3969,0,0.00216791,397.864
3970,0,0.00203255,397.964
3971,0,0.00190515,398.064
3972,0,0.00178584,398.164
3973,0,0.00167477,398.264
3974,0,0.00157207,398.364
3975,0,0.0014779,398.464
3976,0,0.0013924,398.564
3977,0,0.00131575,398.664
3978,0,0.00124811,398.764
3979,0,0.00118965,398.864
3980,0,0.00114058,398.964
3981,0,0.00110108,399.064
3982,0,0.00107137,399.164
3983,0,0.00105166,399.264
3984,0,0.00104219,399.364
3985,0,0.00104321,399.464
3986,0,0.00105497,399.564
3987,0,0.00107776,399.664
3988,0,0.00111187,399.764
3989,0,0.00115761,399.864
3990,0,0.00121531,399.964
3991,0,0.00128532,400.063
3992,0,0.00136804,400.163
3993,0,0.00146384,400.263
3994,0,0.00157317,400.363
3995,0,0.00169649,400.463
3996,0,0.00183428,400.563
3997,0,0.00198707,400.663
3998,0,0.00215542,400.763
3999,0,0.00233995,400.863
4000,0,0.00254129,400.963
4001,0,0.00276013,401.063
4002,0,0.00299724,401.163
4003,0,0.00325338,401.263
4004,0,0.00352942,401.363
4005,0,0.00382626,401.463
4006,0,0.00414483,401.563
4007,0,0.00448615,401.663
4008,0,0.00485123,401.763
4009,0,0.0052411,401.863
4010,0,0.00565678,401.963
4011,0,0.00609919,402.063
4012,0,0.00656905,402.163
4013,0,0.00706679,402.263
4014,0,0.00759227,402.363
4015,0,0.00814447,402.463
4016,0,0.00872101,402.564
4017,0,0.00931744,402.664
4018,0,0.00992646,402.764
4019,0,0.0105369,402.865
4020,0,0.0111331,402.965
4021,0,0.0116952,403.066
4022,0,0.0122009,403.167
4023,0,0.0126296,403.267
4024,0,0.0129664,403.368
4025,0,0.0132052,403.469
4026,0,0.0133486,403.57
4027,0,0.0134051,403.671
4028,0,0.0133864,403.772
4029,0,0.0133048,403.872
4030,0,0.0131716,403.973
4031,0,0.0129968,404.074
4032,0,0.0127888,404.175
4033,0,0.0125544,404.275
4034,0,0.0122993,404.376
4035,0,0.012028,404.477
4036,0,0.0117442,404.577
4037,0,0.011451,404.678
4038,0,0.0111507,404.778
4039,0,0.0108455,404.879
4040,0,0.0105369,404.979
4041,0,0.0102264,405.08
4042,0,0.00991518,405.18
4043,0,0.00960416,405.28
4044,0,0.0092942,405.381
4045,0,0.00898598,405.481
4046,0,0.00868012,405.581
4047,0,0.00837713,405.682
4048,0,0.00807745,405.782
4049,0,0.00778149,405.882
4050,0,0.00748958,405.983
4051,0,0.00720203,406.083
4052,0,0.00691909,406.183
4053,0,0.00664102,406.283
4054,0,0.00636802,406.384
4055,0,0.0061003,406.484
4056,0,0.00583803,406.584
4057,0,0.00558137,406.684
4058,0,0.00533048,406.784
4059,0,0.0050855,406.885
4060,0,0.00484656,406.985
4061,0,0.00461379,407.085
4062,0,0.00438731,407.185
4063,0,0.00416725,407.285
4064,0,0.00395372,407.385
4065,0,0.00374682,407.485
4066,0,0.00354667,407.585
4067,0,0.00335339,407.686
4068,0,0.00316708,407.786
4069,0,0.00298785,407.886
4070,0,0.00281582,407.986
4071,0,0.0026511,408.086
4072,0,0.00249381,408.186
4073,0,0.00234407,408.286
4074,0,0.002202,408.386
4075,0,0.00206772,408.486
4076,0,0.00194138,408.586
4077,0,0.00182311,408.686
4078,0,0.00171304,408.786
4079,0,0.00161133,408.886
4080,0,0.00151813,408.986
4081,0,0.0014336,409.086
4082,0,0.00135791,409.186
4083,0,0.00129123,409.286
4084,0,0.00123376,409.386
4085,0,0.0011857,409.486
4086,0,0.00114723,409.586
4087,0,0.00111859,409.686
4088,0,0.0011,409.786
4089,0,0.00109171,409.886
4090,0,0.00109396,409.986
4091,0,0.00110705,410.086
4092,0,0.00113124,410.186
4093,0,0.00116685,410.286
4094,0,0.00121421,410.386
4095,0,0.00127366,410.486
4096,0,0.00134557,410.586
4097,0,0.00143033,410.686
4098,0,0.00152837,410.786
4099,0,0.00164013,410.886
4100,0,0.0017661,410.986
4101,0,0.00190678,411.086
4102,0,0.00206274,411.186
4103,0,0.00223456,411.286
4104,0,0.00242288,411.386
4105,0,0.00262838,411.485
4106,0,0.00285179,411.585
4107,0,0.00309388,411.685
4108,0,0.00335551,411.785
4109,0,0.00363755,411.885
4110,0,0.00394096,411.985
4111,0,0.00426673,412.085
4112,0,0.00461591,412.185
4113,0,0.00498956,412.285
4114,0,0.00538876,412.385
4115,0,0.00581453,412.485
4116,0,0.00626778,412.585
4117,0,0.00674917,412.685
4118,0,0.00725898,412.786
4119,0,0.0077968,412.886
4120,0,0.00836112,412.986
4121,0,0.00894881,413.086
4122,0,0.00955429,413.187
4123,0,0.0101686,413.287
4124,0,0.0107787,413.387
4125,0,0.0113668,413.488
4126,0,0.0119114,413.589
4127,0,0.0123904,413.689
4128,0,0.0127852,413.79
4129,0,0.0130848,413.891
4130,0,0.013287,413.992
4131,0,0.0133973,414.093
4132,0,0.013426,414.194
4133,0,0.0133851,414.294
4134,0,0.0132865,414.395
4135,0,0.0131408,414.496
4136,0,0.0129571,414.597
4137,0,0.0127432,414.697
4138,0,0.0125052,414.798
4139,0,0.0122483,414.899
4140,0,0.0119766,414.999
4141,0,0.0116934,415.1
4142,0,0.0114016,415.2
4143,0,0.0111033,415.301
4144,0,0.0108006,415.401
4145,0,0.0104948,415.502
4146,0,0.0101873,415.602
4147,0,0.00987927,415.703
4148,0,0.00957151,415.803
4149,0,0.00926486,415.903
4150,0,0.00895996,416.004
4151,0,0.0086574,416.104
4152,0,0.00835767,416.204
4153,0,0.0080612,416.305
4154,0,0.00776837,416.405
4155,0,0.00747951,416.505
4156,0,0.00719492,416.605
4157,0,0.00691486,416.706
4158,0,0.00663956,416.806
4159,0,0.00636924,416.906
4160,0,0.00610408,417.006
4161,0,0.00584428,417.107
4162,0,0.00558999,417.207
4163,0,0.00534137,417.307
4164,0,0.00509856,417.407
4165,0,0.0048617,417.507
4166,0,0.00463091,417.607
4167,0,0.00440633,417.708
4168,0,0.00418806,417.808
4169,0,0.00397624,417.908
4170,0,0.00377098,418.008
4171,0,0.00357239,418.108
4172,0,0.00338059,418.208
4173,0,0.00319569,418.308
4174,0,0.0030178,418.408
4175,0,0.00284705,418.508
4176,0,0.00268355,418.608
4177,0,0.00252743,418.709
4178,0,0.00237881,418.809
4179,0,0.00223781,418.909
4180,0,0.00210457,419.009
4181,0,0.00197922,419.109
4182,0,0.00186191,419.209
4183,0,0.00175279,419.309
4184,0,0.001652,419.409
4185,0,0.00155971,419.509
4186,0,0.00147609,419.609
4187,0,0.0014013,419.709
4188,0,0.00133554,419.809
4189,0,0.001279,419.909
4190,0,0.00123187,420.009
4191,0,0.00119438,420.109
4192,0,0.00116676,420.209
4193,0,0.00114923,420.309
4194,0,0.00114205,420.409
4195,0,0.0011455,420.509
4196,0,0.00115984,420.609
4197,0,0.00118539,420.709
4198,0,0.00122246,420.809
4199,0,0.00127139,420.909
4200,0,0.00133254,421.009
4201,0,0.00140631,421.109
4202,0,0.00149309,421.208
4203,0,0.00159333,421.308
4204,0,0.0017075,421.408
4205,0,0.0018361,421.508
4206,0,0.00197968,421.608
4207,0,0.0021388,421.708
4208,0,0.0023141,421.808
4209,0,0.00250624,421.908
4210,0,0.00271593,422.008
4211,0,0.00294394,422.108
4212,0,0.0031911,422.208
4213,0,0.00345828,422.308
4214,0,0.00374643,422.408
4215,0,0.00405655,422.508
4216,0,0.00438967,422.608
4217,0,0.00474689,422.708
4218,0,0.00512933,422.808
4219,0,0.00553809,422.908
4220,0,0.00597419,423.008
4221,0,0.00643852,423.108
4222,0,0.00693166,423.208
4223,0,0.00745369,423.308
4224,0,0.00800385,423.408
4225,0,0.00858006,423.509
4226,0,0.00917827,423.609
4227,0,0.00979158,423.709
4228,0,0.0104093,423.81
4229,0,0.0110161,423.91
4230,0,0.0115924,424.011
4231,0,0.0121159,424.111
4232,0,0.0125653,424.212
4233,0,0.012925,424.313
4234,0,0.0131878,424.414
4235,0,0.0133554,424.515
4236,0,0.0134355,424.616
4237,0,0.0134393,424.716
4238,0,0.0133789,424.817
4239,0,0.0132655,424.918
4240,0,0.0131091,425.019
4241,0,0.012918,425.119
4242,0,0.0126992,425.22
4243,0,0.0124585,425.321
4244,0,0.0122003,425.421
4245,0,0.0119286,425.522
4246,0,0.0116463,425.622
4247,0,0.0113561,425.723
4248,0,0.01106,425.824
4249,0,0.0107597,425.924
4250,0,0.0104568,426.024
4251,0,0.0101523,426.125
4252,0,0.00984735,426.225
4253,0,0.00954279,426.326
4254,0,0.00923936,426.426
4255,0,0.0089377,426.526
4256,0,0.00863834,426.627
4257,0,0.00834178,426.727
4258,0,0.00804841,426.827
4259,0,0.00775861,426.928
4260,0,0.0074727,427.028
4261,0,0.00719097,427.128
4262,0,0.00691368,427.228
4263,0,0.00664106,427.329
4264,0,0.00637331,427.429
4265,0,0.00611064,427.529
4266,0,0.00585322,427.629
4267,0,0.00560122,427.729
4268,0,0.00535478,427.83
4269,0,0.00511406,427.93
4270,0,0.0048792,428.03
4271,0,0.00465032,428.13
4272,0,0.00442756,428.23
4273,0,0.00421103,428.33
4274,0,0.00400086,428.431
4275,0,0.00379717,428.531
4276,0,0.00360008,428.631
4277,0,0.00340971,428.731
4278,0,0.00322616,428.831
4279,0,0.00304958,428.931
4280,0,0.00288006,429.031
4281,0,0.00271775,429.131
4282,0,0.00256275,429.231
4283,0,0.00241521,429.331
4284,0,0.00227526,429.431
4285,0,0.00214302,429.531
4286,0,0.00201865,429.631
4287,0,0.00190229,429.731
4288,0,0.00179409,429.831
4289,0,0.00169422,429.932
4290,0,0.00160283,430.032
4291,0,0.00152011,430.132
4292,0,0.00144623,430.232
4293,0,0.00138138,430.332
4294,0,0.00132578,430.432
4295,0,0.00127962,430.532
4296,0,0.00124313,430.632
4297,0,0.00121654,430.731
4298,0,0.00120011,430.831
4299,0,0.00119409,430.931
4300,0,0.00119876,431.031
4301,0,0.00121443,431.131
4302,0,0.00124139,431.231
4303,0,0.00127999,431.331
4304,0,0.00133057,431.431
4305,0,0.00139352,431.531
4306,0,0.00146924,431.631
4307,0,0.00155815,431.731
4308,0,0.00166072,431.831
4309,0,0.00177744,431.931
4310,0,0.00190884,432.031
4311,0,0.00205548,432.131
4312,0,0.00221797,432.231
4313,0,0.00239696,432.331
4314,0,0.00259316,432.431
4315,0,0.00280731,432.531
4316,0,0.00304022,432.631
4317,0,0.00329277,432.731
4318,0,0.00356588,432.83
4319,0,0.00386054,432.93
4320,0,0.00417779,433.03
4321,0,0.00451874,433.13
4322,0,0.00488453,433.23
4323,0,0.00527632,433.33
4324,0,0.00569522,433.43
4325,0,0.00614227,433.53
4326,0,0.0066183,433.631
4327,0,0.00712376,433.731
4328,0,0.00765847,433.831
4329,0,0.00822123,433.931
4330,0,0.00880923,434.031
4331,0,0.00941731,434.132
4332,0,0.010037,434.232
4333,0,0.0106555,434.332
4334,0,0.0112556,434.433
4335,0,0.0118158,434.534
4336,0,0.0123138,434.634
4337,0,0.0127303,434.735
4338,0,0.0130532,434.836
4339,0,0.0132794,434.937
4340,0,0.0134136,435.038
4341,0,0.0134654,435.138
4342,0,0.0134465,435.239
4343,0,0.0133684,435.34
4344,0,0.0132419,435.441
4345,0,0.013076,435.542
4346,0,0.0128785,435.642
4347,0,0.0126556,435.743
4348,0,0.0124126,435.844
4349,0,0.0121536,435.944
4350,0,0.0118821,436.045
4351,0,0.011601,436.145
4352,0,0.0113125,436.246
4353,0,0.0110186,436.346
4354,0,0.0107209,436.447
4355,0,0.0104207,436.547
4356,0,0.0101192,436.648
4357,0,0.0098174,436.748
4358,0,0.009516,436.848
4359,0,0.00921576,436.949
4360,0,0.00891728,437.049
4361,0,0.00862108,437.149
4362,0,0.00832762,437.25
4363,0,0.0080373,437.35
4364,0,0.00775048,437.45
4365,0,0.00746747,437.551
4366,0,0.00718856,437.651
4367,0,0.00691399,437.751
4368,0,0.00664399,437.851
4369,0,0.00637878,437.952
4370,0,0.00611854,438.052
4371,0,0.00586346,438.152
4372,0,0.0056137,438.252
4373,0,0.00536942,438.352
4374,0,0.00513075,438.453
4375,0,0.00489785,438.553
4376,0,0.00467085,438.653
4377,0,0.00444988,438.753
4378,0,0.00423506,438.853
4379,0,0.00402652,438.953
4380,0,0.00382438,439.053
4381,0,0.00362877,439.153
4382,0,0.0034398,439.254
4383,0,0.0032576,439.354
4384,0,0.0030823,439.454
4385,0,0.00291401,439.554
4386,0,0.00275286,439.654
4387,0,0.00259899,439.754
4388,0,0.00245252,439.854
4389,0,0.0023136,439.954
4390,0,0.00218237,440.054
4391,0,0.00205898,440.154
4392,0,0.00194357,440.254
4393,0,0.0018363,440.354
4394,0,0.00173735,440.454
4395,0,0.00164687,440.554
4396,0,0.00156507,440.654
4397,0,0.00149211,440.754
4398,0,0.0014282,440.854
4399,0,0.00137355,440.954
4400,0,0.00132838,441.054
4401,0,0.00129292,441.154
4402,0,0.00126741,441.254
4403,0,0.00125211,441.354
4404,0,0.0012473,441.454
4405,0,0.00125326,441.554
4406,0,0.0012703,441.654
4407,0,0.00129875,441.754
4408,0,0.00133894,441.854
4409,0,0.00139126,441.954
4410,0,0.0014561,442.054
4411,0,0.00153388,442.154
4412,0,0.00162503,442.254
4413,0,0.00173006,442.354
4414,0,0.00184947,442.454
4415,0,0.00198382,442.554
4416,0,0.00213369,442.654
4417,0,0.00229973,442.753
4418,0,0.00248263,442.853
4419,0,0.00268312,442.953
4420,0,0.00290199,443.053
4421,0,0.00314009,443.153
4422,0,0.00339835,443.253
4423,0,0.00367773,443.353
4424,0,0.00397928,443.453
4425,0,0.00430411,443.553
4426,0,0.00465336,443.653
4427,0,0.00502823,443.753
4428,0,0.00542991,443.853
4429,0,0.00585954,443.953
4430,0,0.00631814,444.053
4431,0,0.00680646,444.153
4432,0,0.00732476,444.253
4433,0,0.00787254,444.353
4434,0,0.00844801,444.454
4435,0,0.00904748,444.554
4436,0,0.00966442,444.654
4437,0,0.0102885,444.755
4438,0,0.010905,444.855
4439,0,0.0114942,444.956
4440,0,0.0120339,445.056
4441,0,0.0125024,445.157
4442,0,0.0128834,445.258
4443,0,0.0131687,445.359
4444,0,0.0133592,445.46
4445,0,0.0134618,445.56
4446,0,0.0134874,445.661
4447,0,0.0134477,445.762
4448,0,0.0133538,445.863
4449,0,0.0132155,445.964
4450,0,0.0130413,446.064
4451,0,0.0128381,446.165
4452,0,0.0126118,446.266
4453,0,0.012367,446.366
4454,0,0.0121075,446.467
4455,0,0.0118365,446.567
4456,0,0.0115566,446.668
4457,0,0.0112699,446.768
4458,0,0.0109783,446.869
4459,0,0.0106831,446.969
4460,0,0.0103858,447.07
4461,0,0.0100872,447.17
4462,0,0.00978846,447.271
4463,0,0.00949018,447.371
4464,0,0.00919307,447.471
4465,0,0.00889772,447.572
4466,0,0.00860462,447.672
4467,0,0.00831422,447.772
4468,0,0.0080269,447.873
4469,0,0.00774301,447.973
4470,0,0.00746285,448.073
4471,0,0.00718669,448.174
4472,0,0.0069148,448.274
4473,0,0.00664739,448.374
4474,0,0.00638467,448.474
4475,0,0.00612684,448.574
4476,0,0.00587406,448.675
4477,0,0.00562652,448.775
4478,0,0.00538435,448.875
4479,0,0.00514772,448.975
4480,0,0.00491677,449.075
4481,0,0.00469163,449.176
4482,0,0.00447243,449.276
4483,0,0.0042593,449.376
4484,0,0.00405238,449.476
4485,0,0.00385179,449.576
4486,0,0.00365765,449.676
4487,0,0.00347009,449.776
4488,0,0.00328923,449.876
4489,0,0.0031152,449.976
4490,0,0.00294814,450.076
4491,0,0.00278817,450.177
4492,0,0.00263543,450.277
4493,0,0.00249005,450.377
4494,0,0.00235219,450.477
4495,0,0.00222198,450.577
4496,0,0.00209957,450.677
4497,0,0.00198513,450.777
4498,0,0.00187882,450.877
4499,0,0.00178081,450.977
4500,0,0.00169129,451.077
4501,0,0.00161042,451.177
4502,0,0.00153842,451.277
4503,0,0.00147549,451.377
4504,0,0.00142184,451.477
4505,0,0.00137771,451.577
4506,0,0.00134332,451.677
4507,0,0.00131895,451.777
4508,0,0.00130484,451.877
4509,0,0.0013013,451.977
4510,0,0.00130861,452.077
4511,0,0.0013271,452.177
4512,0,0.00135711,452.277
4513,0,0.001399,452.377
4514,0,0.00145315,452.477
4515,0,0.00151999,452.577
4516,0,0.00159993,452.676
4517,0,0.00169346,452.776
4518,0,0.00180109,452.876
4519,0,0.00192334,452.976
4520,0,0.0020608,453.076
4521,0,0.0022141,453.176
4522,0,0.0023839,453.276
4523,0,0.00257093,453.376
4524,0,0.00277595,453.476
4525,0,0.00299982,453.576
4526,0,0.00324342,453.676
4527,0,0.00350772,453.776
4528,0,0.00379376,453.876
4529,0,0.00410262,453.976
4530,0,0.00443547,454.076
4531,0,0.00479352,454.176
4532,0,0.005178,454.276
4533,0,0.00559014,454.376
4534,0,0.0060311,454.476
4535,0,0.00650184,454.576
4536,0,0.007003,454.676
4537,0,0.00753461,454.776
4538,0,0.00809572,454.876
4539,0,0.00868384,454.976
4540,0,0.00929414,455.077
4541,0,0.00991851,455.177
4542,0,0.0105446,455.277
4543,0,0.0111553,455.378
4544,0,0.0117293,455.479
4545,0,0.0122441,455.579
4546,0,0.0126797,455.68
4547,0,0.0130235,455.781
4548,0,0.0132714,455.882
4549,0,0.0134275,455.983
4550,0,0.0135007,456.084
4551,0,0.0135024,456.184
4552,0,0.0134439,456.285
4553,0,0.0133358,456.386
4554,0,0.0131872,456.487
4555,0,0.0130057,456.587
4556,0,0.0127978,456.688
4557,0,0.0125686,456.789
4558,0,0.0123224,456.889
4559,0,0.0120627,456.99
4560,0,0.0117924,457.09
4561,0,0.0115139,457.191
4562,0,0.0112292,457.291
4563,0,0.0109399,457.392
4564,0,0.0106473,457.492
4565,0,0.0103528,457.593
4566,0,0.0100572,457.693
4567,0,0.00976149,457.794
4568,0,0.0094663,457.894
4569,0,0.0091723,457.994
4570,0,0.00888004,458.095
4571,0,0.00859,458.195
4572,0,0.00830261,458.295
4573,0,0.00801825,458.396
4574,0,0.00773723,458.496
4575,0,0.00745988,458.596
4576,0,0.00718645,458.696
4577,0,0.00691719,458.797
4578,0,0.00665232,458.897
4579,0,0.00639206,458.997
4580,0,0.00613658,459.097
4581,0,0.00588607,459.198
4582,0,0.0056407,459.298
4583,0,0.00540062,459.398
4584,0,0.00516599,459.498
4585,0,0.00493694,459.598
4586,0,0.00471362,459.698
4587,0,0.00449616,459.799
4588,0,0.0042847,459.899
4589,0,0.00407936,459.999
4590,0,0.00388027,460.099
4591,0,0.00368757,460.199
4592,0,0.00350138,460.299
4593,0,0.00332183,460.399
4594,0,0.00314905,460.499
4595,0,0.00298318,460.599
4596,0,0.00282435,460.699
4597,0,0.00267271,460.799
4598,0,0.00252838,460.9
4599,0,0.00239153,461
4600,0,0.0022623,461.1
4601,0,0.00214086,461.2
4602,0,0.00202735,461.3
4603,0,0.00192196,461.4
4604,0,0.00182486,461.5
4605,0,0.00173624,461.6
4606,0,0.00165629,461.7
4607,0,0.00158521,461.8
4608,0,0.00152321,461.9
4609,0,0.00147053,462
4610,0,0.00142739,462.1
4611,0,0.00139405,462.2
4612,0,0.00137077,462.3
4613,0,0.00135783,462.4
4614,0,0.00135552,462.5
4615,0,0.00136415,462.6
4616,0,0.00138407,462.7
4617,0,0.00141561,462.799
4618,0,0.00145917,462.899
4619,0,0.00151513,462.999
4620,0,0.00158394,463.099
4621,0,0.00166604,463.199
4622,0,0.00176194,463.299
4623,0,0.00187215,463.399
4624,0,0.00199725,463.499
4625,0,0.00213784,463.599
4626,0,0.00229458,463.699
4627,0,0.00246817,463.799
4628,0,0.00265937,463.899
4629,0,0.002869,463.999
4630,0,0.00309794,464.099
4631,0,0.00334713,464.199
4632,0,0.00361759,464.299
4633,0,0.00391041,464.399
4634,0,0.00422675,464.499
4635,0,0.00456781,464.599
4636,0,0.00493487,464.699
4637,0,0.0053292,464.799
4638,0,0.00575206,464.899
4639,0,0.0062046,464.999
4640,0,0.00668773,465.099
4641,0,0.00720191,465.199
4642,0,0.00774687,465.299
4643,0,0.00832112,465.399
4644,0,0.00892129,465.499
4645,0,0.00954123,465.6
4646,0,0.0101711,465.7
4647,0,0.0107962,465.8
4648,0,0.0113974,465.901
4649,0,0.0119524,466.002
4650,0,0.012439,466.102
4651,0,0.0128402,466.203
4652,0,0.0131471,466.304
4653,0,0.0133596,466.405
4654,0,0.0134842,466.506
4655,0,0.0135312,466.607
4656,0,0.0135118,466.707
4657,0,0.0134371,466.808
4658,0,0.013317,466.909
4659,0,0.0131597,467.01
4660,0,0.0129722,467.11
4661,0,0.0127605,467.211
4662,0,0.0125292,467.312
4663,0,0.0122822,467.412
4664,0,0.0120228,467.513
4665,0,0.0117535,467.613
4666,0,0.0114766,467.714
4667,0,0.0111939,467.814
4668,0,0.010907,467.915
4669,0,0.0106171,468.015
4670,0,0.0103254,468.116
4671,0,0.0100327,468.216
4672,0,0.00973999,468.316
4673,0,0.00944783,468.417
4674,0,0.00915686,468.517
4675,0,0.00886761,468.617
4676,0,0.00858054,468.718
4677,0,0.00829607,468.818
4678,0,0.00801455,468.918
4679,0,0.00773632,469.019
4680,0,0.00746166,469.119
4681,0,0.00719084,469.219
4682,0,0.00692411,469.319
4683,0,0.00666168,469.42
4684,0,0.00640376,469.52
4685,0,0.00615054,469.62
4686,0,0.0059022,469.72
4687,0,0.00565889,469.82
4688,0,0.0054208,469.921
4689,0,0.00518805,470.021
4690,0,0.00496081,470.121
4691,0,0.00473921,470.221
4692,0,0.0045234,470.321
4693,0,0.00431349,470.421
4694,0,0.00410964,470.522
4695,0,0.00391197,470.622
4696,0,0.00372061,470.722
4697,0,0.0035357,470.822
4698,0,0.00335737,470.922
4699,0,0.00318575,471.022
4700,0,0.00302098,471.122
4701,0,0.00286321,471.222
4702,0,0.00271257,471.322
4703,0,0.00256922,471.422
4704,0,0.00243331,471.522
4705,0,0.00230498,471.622
4706,0,0.00218441,471.722
4707,0,0.00207177,471.822
4708,0,0.00196722,471.923
4709,0,0.00187096,472.023
4710,0,0.00178317,472.123
4711,0,0.00170406,472.223
4712,0,0.00163383,472.323
4713,0,0.00157272,472.423
4714,0,0.00152094,472.523
4715,0,0.00147874,472.622
4716,0,0.00144639,472.722
4717,0,0.00142415,472.822
4718,0,0.00141232,472.922
4719,0,0.0014112,473.022
4720,0,0.00142112,473.122
4721,0,0.00144242,473.222
4722,0,0.00147547,473.322
4723,0,0.00152067,473.422
4724,0,0.00157844,473.522
4725,0,0.00164921,473.622
4726,0,0.00173348,473.722
4727,0,0.00183175,473.822
4728,0,0.00194458,473.922
4729,0,0.00207257,474.022
4730,0,0.00221634,474.122
4731,0,0.00237659,474.222
4732,0,0.00255405,474.322
4733,0,0.00274954,474.422
4734,0,0.00296389,474.522
4735,0,0.00319806,474.622
4736,0,0.00345302,474.721
4737,0,0.00372986,474.821
4738,0,0.00402971,474.921
4739,0,0.0043538,475.021
4740,0,0.0047034,475.121
4741,0,0.00507982,475.221
4742,0,0.0054844,475.321
4743,0,0.0059184,475.421
4744,0,0.00638295,475.521
4745,0,0.00687885,475.621
4746,0,0.00740637,475.721
4747,0,0.00796483,475.822
4748,0,0.00855205,475.922
4749,0,0.00916361,476.022
4750,0,0.00979182,476.122
4751,0,0.0104248,476.223
4752,0,0.0110456,476.323
4753,0,0.0116334,476.424
4754,0,0.0121652,476.525
4755,0,0.0126207,476.625
4756,0,0.0129862,476.726
4757,0,0.0132569,476.827
4758,0,0.0134358,476.928
4759,0,0.0135315,477.029
4760,0,0.0135546,477.13
4761,0,0.0135166,477.23
4762,0,0.0134277,477.331
4763,0,0.013297,477.432
4764,0,0.0131323,477.533
4765,0,0.0129399,477.633
4766,0,0.0127251,477.734
4767,0,0.0124922,477.834
4768,0,0.0122448,477.935
4769,0,0.0119859,478.036
4770,0,0.0117178,478.136
4771,0,0.0114427,478.237
4772,0,0.0111622,478.337
4773,0,0.0108777,478.438
4774,0,0.0105904,478.538
4775,0,0.0103015,478.638
4776,0,0.0100118,478.739
4777,0,0.00972197,478.839
4778,0,0.00943278,478.94
4779,0,0.00914477,479.04
4780,0,0.00885846,479.14
4781,0,0.00857429,479.241
4782,0,0.00829266,479.341
4783,0,0.00801392,479.441
4784,0,0.00773839,479.541
4785,0,0.00746636,479.642
4786,0,0.00719808,479.742
4787,0,0.0069338,479.842
4788,0,0.00667373,479.942
4789,0,0.00641808,480.043
4790,0,0.00616704,480.143
4791,0,0.00592078,480.243
4792,0,0.00567948,480.343
4793,0,0.00544329,480.443
4794,0,0.00521237,480.544
4795,0,0.00498687,480.644
4796,0,0.00476692,480.744
4797,0,0.00455268,480.844
4798,0,0.00434427,480.944
4799,0,0.00414184,481.044
4800,0,0.00394552,481.144
4801,0,0.00375544,481.245
4802,0,0.00357175,481.345
4803,0,0.00339457,481.445
4804,0,0.00322406,481.545
4805,0,0.00306034,481.645
4806,0,0.00290356,481.745
4807,0,0.00275388,481.845
4808,0,0.00261144,481.945
4809,0,0.0024764,482.045
4810,0,0.00234893,482.145
4811,0,0.00222919,482.245
4812,0,0.00211735,482.345
4813,0,0.00201359,482.445
4814,0,0.00191812,482.545
4815,0,0.00183112,482.645
4816,0,0.0017528,482.745
4817,0,0.00168338,482.845
4818,0,0.00162309,482.945
4819,0,0.00157217,483.045
4820,0,0.00153088,483.145
4821,0,0.00149947,483.245
4822,0,0.00147824,483.345
4823,0,0.00146749,483.445
4824,0,0.00146753,483.545
4825,0,0.00147871,483.645
4826,0,0.00150137,483.745
4827,0,0.00153591,483.845
4828,0,0.00158274,483.945
4829,0,0.00164229,484.045
4830,0,0.00171503,484.145
4831,0,0.00180147,484.245
4832,0,0.00190213,484.345
4833,0,0.0020176,484.445
4834,0,0.00214849,484.545
4835,0,0.00229549,484.645
4836,0,0.00245931,484.744
4837,0,0.00264072,484.844
4838,0,0.00284057,484.944
4839,0,0.00305977,485.044
4840,0,0.00329929,485.144
4841,0,0.00356018,485.244
4842,0,0.00384357,485.344
4843,0,0.00415067,485.444
4844,0,0.00448275,485.544
4845,0,0.00484116,485.644
4846,0,0.00522726,485.744
4847,0,0.00564241,485.844
4848,0,0.00608789,485.944
4849,0,0.00656478,486.044
4850,0,0.00707375,486.144
4851,0,0.00761477,486.244
4852,0,0.00818666,486.344
4853,0,0.00878643,486.444
4854,0,0.00940837,486.545
4855,0,0.010043,486.645
4856,0,0.0106764,486.746
4857,0,0.0112894,486.846
4858,0,0.0118597,486.947
4859,0,0.012365,487.047
4860,0,0.0127874,487.148
4861,0,0.0131172,487.249
4862,0,0.013353,487.35
4863,0,0.0135009,487.451
4864,0,0.0135703,487.552
4865,0,0.0135724,487.652
4866,0,0.0135179,487.753
4867,0,0.0134167,487.854
4868,0,0.0132771,487.955
4869,0,0.0131062,488.055
4870,0,0.0129097,488.156
4871,0,0.0126925,488.257
4872,0,0.0124586,488.357
4873,0,0.0122112,488.458
4874,0,0.011953,488.558
4875,0,0.0116864,488.659
4876,0,0.0114131,488.759
4877,0,0.0111348,488.86
4878,0,0.0108528,488.96
4879,0,0.0105682,489.061
4880,0,0.0102821,489.161
4881,0,0.0099952,489.262
4882,0,0.00970831,489.362
4883,0,0.00942204,489.462
4884,0,0.00913694,489.563
4885,0,0.00885351,489.663
4886,0,0.00857217,489.763
4887,0,0.0082933,489.864
4888,0,0.00801726,489.964
4889,0,0.00774436,490.064
4890,0,0.00747486,490.165
4891,0,0.00720904,490.265
4892,0,0.00694713,490.365
4893,0,0.00668934,490.465
4894,0,0.00643587,490.565
4895,0,0.00618693,490.666
4896,0,0.00594267,490.766
4897,0,0.00570328,490.866
4898,0,0.00546892,490.966
4899,0,0.00523974,491.066
4900,0,0.00501588,491.167
4901,0,0.00479751,491.267
4902,0,0.00458475,491.367
4903,0,0.00437776,491.467
4904,0,0.00417666,491.567
4905,0,0.0039816,491.667
4906,0,0.00379272,491.767
4907,0,0.00361015,491.867
4908,0,0.00343404,491.967
4909,0,0.00326454,492.068
4910,0,0.00310177,492.168
4911,0,0.00294591,492.268
4912,0,0.00279708,492.368
4913,0,0.00265546,492.468
4914,0,0.00252121,492.568
4915,0,0.00239449,492.668
4916,0,0.00227547,492.768
4917,0,0.00216434,492.868
4918,0,0.00206128,492.968
4919,0,0.00196649,493.068
4920,0,0.00188017,493.168
4921,0,0.00180255,493.268
4922,0,0.00173383,493.368
4923,0,0.00167426,493.468
4924,0,0.00162409,493.568
4925,0,0.00158359,493.668
4926,0,0.00155302,493.768
4927,0,0.00153268,493.868
4928,0,0.0015229,493.968
4929,0,0.00152398,494.068
4930,0,0.00153629,494.168
4931,0,0.00156021,494.268
4932,0,0.00159612,494.368
4933,0,0.00164446,494.468
4934,0,0.00170568,494.568
4935,0,0.00178027,494.668
4936,0,0.00186876,494.767
4937,0,0.00197169,494.867
4938,0,0.00208969,494.967
4939,0,0.00222339,495.067
4940,0,0.00237351,495.167
4941,0,0.0025408,495.267
4942,0,0.00272607,495.367
4943,0,0.0029302,495.467
4944,0,0.00315417,495.567
4945,0,0.00339898,495.667
4946,0,0.00366575,495.767
4947,0,0.00395566,495.867
4948,0,0.00426999,495.967
4949,0,0.00461008,496.067
4950,0,0.00497731,496.167
4951,0,0.00537311,496.267
4952,0,0.00579888,496.367
4953,0,0.00625588,496.467
4954,0,0.00674511,496.567
4955,0,0.00726707,496.667
4956,0,0.00782138,496.767
4957,0,0.00840624,496.867
4958,0,0.00901769,496.967
4959,0,0.00964858,497.068
4960,0,0.0102875,497.168
4961,0,0.0109183,497.268
4962,0,0.0115201,497.369
4963,0,0.0120699,497.47
4964,0,0.0125467,497.57
4965,0,0.0129359,497.671
4966,0,0.0132314,497.772
4967,0,0.0134354,497.873
4968,0,0.0135554,497.974
4969,0,0.013602,498.074
4970,0,0.0135859,498.175
4971,0,0.0135177,498.276
4972,0,0.0134062,498.377
4973,0,0.0132593,498.478
4974,0,0.0130833,498.578
4975,0,0.0128838,498.679
4976,0,0.012665,498.779
4977,0,0.0124306,498.88
4978,0,0.0121836,498.981
4979,0,0.0119266,499.081
4980,0,0.0116615,499.182
4981,0,0.0113903,499.282
4982,0,0.0111143,499.383
4983,0,0.0108348,499.483
4984,0,0.0105529,499.584
4985,0,0.0102695,499.684
4986,0,0.00998549,499.784
4987,0,0.00970144,499.885
4988,0,0.00941801,499.985
4989,0,0.00913574,500.085
4990,0,0.00885508,500.186
4991,0,0.00857646,500.286
4992,0,0.00830025,500.386
4993,0,0.00802679,500.487
4994,0,0.00775639,500.587
4995,0,0.00748931,500.687
4996,0,0.00722582,500.787
4997,0,0.00696615,500.888
4998,0,0.00671051,500.988
4999,0,0.0064591,501.088
5000,0,0.00621212,501.188
5001,0,0.00596974,501.289
5002,0,0.00573214,501.389
5003,0,0.00549947,501.489
5004,0,0.0052719,501.589
5005,0,0.00504957,501.689
5006,0,0.00483263,501.789
5007,0,0.00462124,501.89
5008,0,0.00441552,501.99
5009,0,0.00421564,502.09
5010,0,0.00402171,502.19
5011,0,0.0038339,502.29
5012,0,0.00365234,502.39
5013,0,0.00347718,502.49
5014,0,0.00330855,502.59
5015,0,0.00314663,502.69
5016,0,0.00299154,502.79
5017,0,0.00284346,502.89
5018,0,0.00270254,502.99
5019,0,0.00256895,503.091
5020,0,0.00244286,503.191
5021,0,0.00232446,503.291
5022,0,0.00221392,503.391
5023,0,0.00211143,503.491
5024,0,0.00201721,503.591
5025,0,0.00193147,503.691
5026,0,0.00185441,503.791
5027,0,0.00178629,503.891
5028,0,0.00172733,503.991
5029,0,0.00167781,504.091
5030,0,0.00163799,504.191
5031,0,0.00160815,504.291
5032,0,0.00158861,504.391
5033,0,0.00157969,504.491
5034,0,0.00158172,504.59
5035,0,0.00159508,504.69
5036,0,0.00162015,504.79
5037,0,0.00165736,504.89
5038,0,0.00170713,504.99
5039,0,0.00176995,505.09
5040,0,0.00184632,505.19
5041,0,0.00193679,505.29
5042,0,0.00204195,505.39
5043,0,0.00216243,505.49
5044,0,0.00229892,505.59
5045,0,0.00245213,505.69
5046,0,0.00262288,505.79
5047,0,0.00281202,505.89
5048,0,0.00302047,505.989
5049,0,0.00324925,506.089
5050,0,0.00349942,506.189
5051,0,0.00377217,506.289
5052,0,0.00406873,506.389
5053,0,0.00439044,506.489
5054,0,0.00473871,506.589
5055,0,0.00511499,506.689
5056,0,0.00552074,506.789
5057,0,0.00595737,506.889
5058,0,0.00642614,506.989
5059,0,0.00692793,507.089
5060,0,0.00746301,507.189
5061,0,0.00803055,507.289
5062,0,0.00862801,507.39
5063,0,0.00925027,507.49
5064,0,0.00988854,507.59
5065,0,0.0105294,507.691
5066,0,0.0111544,507.791
5067,0,0.0117414,507.892
5068,0,0.0122676,507.992
5069,0,0.0127142,508.093
5070,0,0.0130701,508.194
5071,0,0.0133328,508.295
5072,0,0.0135071,508.396
5073,0,0.013602,508.496
5074,0,0.0136281,508.597
5075,0,0.0135962,508.698
5076,0,0.0135159,508.799
5077,0,0.0133956,508.9
5078,0,0.0132426,509
5079,0,0.0130626,509.101
5080,0,0.0128606,509.202
5081,0,0.0126407,509.302
5082,0,0.0124061,509.403
5083,0,0.0121598,509.503
5084,0,0.0119041,509.604
5085,0,0.0116408,509.704
5086,0,0.0113716,509.805
5087,0,0.011098,509.905
5088,0,0.010821,510.006
5089,0,0.0105418,510.106
5090,0,0.0102611,510.207
5091,0,0.00997985,510.307
5092,0,0.00969859,510.407
5093,0,0.00941793,510.508
5094,0,0.00913839,510.608
5095,0,0.00886043,510.708
5096,0,0.00858444,510.809
5097,0,0.00831081,510.909
5098,0,0.00803984,511.009
5099,0,0.00777185,511.11
5100,0,0.0075071,511.21
5101,0,0.00724586,511.31
5102,0,0.00698833,511.41
5103,0,0.00673475,511.511
5104,0,0.00648532,511.611
5105,0,0.00624022,511.711
5106,0,0.00599963,511.811
5107,0,0.00576373,511.911
5108,0,0.00553267,512.012
5109,0,0.00530662,512.112
5110,0,0.00508574,512.212
5111,0,0.00487017,512.312
5112,0,0.00466005,512.412
5113,0,0.00445555,512.512
5114,0,0.00425679,512.612
5115,0,0.00406393,512.713
5116,0,0.00387712,512.813
5117,0,0.00369649,512.913
5118,0,0.00352219,513.013
5119,0,0.00335439,513.113
5120,0,0.00319322,513.213
5121,0,0.00303885,513.313
5122,0,0.00289144,513.413
5123,0,0.00275116,513.513
5124,0,0.00261816,513.613
5125,0,0.00249265,513.713
5126,0,0.00237478,513.813
5127,0,0.00226477,513.913
5128,0,0.0021628,514.013
5129,0,0.00206909,514.113
5130,0,0.00198385,514.213
5131,0,0.00190732,514.313
5132,0,0.00183972,514.413
5133,0,0.00178132,514.513
5134,0,0.00173239,514.613
5135,0,0.00169319,514.713
5136,0,0.00166404,514.813
5137,0,0.00164524,514.913
5138,0,0.00163714,515.013
5139,0,0.00164008,515.113
5140,0,0.00165445,515.213
5141,0,0.00168064,515.313
5142,0,0.00171909,515.413
5143,0,0.00177027,515.513
5144,0,0.00183466,515.613
5145,0,0.0019128,515.713
5146,0,0.00200525,515.813
5147,0,0.00211263,515.913
5148,0,0.00223561,516.013
5149,0,0.00237488,516.112
5150,0,0.00253123,516.212
5151,0,0.00270549,516.312
5152,0,0.00289855,516.412
5153,0,0.0031114,516.512
5154,0,0.00334509,516.612
5155,0,0.00360075,516.712
5156,0,0.00387962,516.812
5157,0,0.004183,516.912
5158,0,0.00451231,517.012
5159,0,0.00486899,517.112
5160,0,0.00525458,517.212
5161,0,0.00567056,517.312
5162,0,0.00611838,517.412
5163,0,0.00659921,517.512
5164,0,0.0071138,517.612
5165,0,0.0076621,517.712
5166,0,0.00824275,517.812
5167,0,0.00885231,517.912
5168,0,0.0094843,518.012
5169,0,0.0101281,518.113
5170,0,0.0107681,518.213
5171,0,0.011384,518.314
5172,0,0.0119529,518.414
5173,0,0.0124529,518.515
5174,0,0.0128682,518.616
5175,0,0.0131913,518.717
5176,0,0.013423,518.818
5177,0,0.01357,518.918
5178,0,0.0136423,519.019
5179,0,0.0136503,519.12
5180,0,0.0136045,519.221
5181,0,0.0135138,519.322
5182,0,0.0133861,519.422
5183,0,0.0132278,519.523
5184,0,0.0130446,519.624
5185,0,0.0128408,519.724
5186,0,0.0126202,519.825
5187,0,0.0123859,519.925
5188,0,0.0121406,520.026
5189,0,0.0118863,520.126
5190,0,0.0116248,520.227
5191,0,0.0113578,520.327
5192,0,0.0110866,520.428
5193,0,0.0108122,520.528
5194,0,0.0105356,520.629
5195,0,0.0102577,520.729
5196,0,0.00997911,520.83
5197,0,0.00970059,520.93
5198,0,0.00942265,521.03
5199,0,0.00914579,521.131
5200,0,0.00887045,521.231
5201,0,0.00859703,521.331
5202,0,0.00832589,521.432
5203,0,0.00805734,521.532
5204,0,0.00779169,521.632
5205,0,0.00752919,521.732
5206,0,0.0072701,521.833
5207,0,0.00701464,521.933
5208,0,0.00676304,522.033
5209,0,0.00651549,522.133
5210,0,0.00627218,522.234
5211,0,0.00603329,522.334
5212,0,0.005799,522.434
5213,0,0.00556947,522.534
5214,0,0.00534486,522.634
5215,0,0.00512533,522.734
5216,0,0.00491103,522.835
5217,0,0.00470211,522.935
5218,0,0.00449871,523.035
5219,0,0.004301,523.135
5220,0,0.00410911,523.235
5221,0,0.00392319,523.335
5222,0,0.0037434,523.435
5223,0,0.00356989,523.535
5224,0,0.0034028,523.635
5225,0,0.0032423,523.735
5226,0,0.00308855,523.836
5227,0,0.00294171,523.936
5228,0,0.00280196,524.036
5229,0,0.00266947,524.136
5230,0,0.00254442,524.236
5231,0,0.002427,524.336
5232,0,0.00231741,524.436
5233,0,0.00221585,524.536
5234,0,0.00212254,524.636
5235,0,0.00203771,524.736
5236,0,0.00196158,524.836
5237,0,0.00189441,524.936
5238,0,0.00183646,525.036
5239,0,0.00178801,525.136
5240,0,0.00174933,525.236
5241,0,0.00172075,525.336
5242,0,0.00170258,525.436
5243,0,0.00169519,525.536
5244,0,0.00169892,525.636
5245,0,0.00171418,525.736
5246,0,0.00174139,525.836
5247,0,0.00178098,525.935
5248,0,0.00183346,526.035
5249,0,0.00189931,526.135
5250,0,0.00197911,526.235
5251,0,0.00207344,526.335
5252,0,0.00218295,526.435
5253,0,0.00230832,526.535
5254,0,0.00245031,526.635
5255,0,0.00260971,526.735
5256,0,0.0027874,526.835
5257,0,0.00298434,526.935
5258,0,0.00320153,527.034
5259,0,0.0034401,527.134
5260,0,0.00370124,527.234
5261,0,0.00398623,527.334
5262,0,0.00429647,527.434
5263,0,0.00463341,527.534
5264,0,0.00499859,527.634
5265,0,0.00539358,527.734
5266,0,0.00581992,527.834
5267,0,0.00627902,527.934
5268,0,0.006772,528.034
5269,0,0.00729941,528.134
5270,0,0.00786083,528.234
5271,0,0.00845422,528.334
5272,0,0.0090751,528.435
5273,0,0.00971545,528.535
5274,0,0.0103627,528.635
5275,0,0.0109991,528.736
5276,0,0.0116029,528.836
5277,0,0.0121509,528.937
5278,0,0.0126232,529.038
5279,0,0.0130072,529.139
5280,0,0.013299,529.239
5281,0,0.0135021,529.34
5282,0,0.0136245,529.441
5283,0,0.0136767,529.542
5284,0,0.013669,529.643
5285,0,0.0136111,529.743
5286,0,0.0135116,529.844
5287,0,0.0133776,529.945
5288,0,0.0132152,530.046
5289,0,0.0130294,530.146
5290,0,0.0128243,530.247
5291,0,0.0126035,530.347
5292,0,0.0123698,530.448
5293,0,0.0121256,530.549
5294,0,0.0118729,530.649
5295,0,0.0116134,530.75
5296,0,0.0113487,530.85
5297,0,0.0110798,530.951
5298,0,0.0108079,531.051
5299,0,0.010534,531.151
5300,0,0.0102587,531.252
5301,0,0.00998289,531.352
5302,0,0.00970705,531.453
5303,0,0.00943177,531.553
5304,0,0.00915752,531.653
5305,0,0.00888474,531.754
5306,0,0.00861382,531.854
5307,0,0.00834509,531.954
5308,0,0.00807888,532.054
5309,0,0.00781548,532.155
5310,0,0.00755515,532.255
5311,0,0.00729813,532.355
5312,0,0.00704467,532.455
5313,0,0.00679496,532.556
5314,0,0.00654921,532.656
5315,0,0.00630761,532.756
5316,0,0.00607035,532.856
5317,0,0.00583759,532.956
5318,0,0.0056095,533.057
5319,0,0.00538625,533.157
5320,0,0.00516799,533.257
5321,0,0.00495488,533.357
5322,0,0.00474707,533.457
5323,0,0.00454471,533.557
5324,0,0.00434796,533.657
5325,0,0.00415696,533.758
5326,0,0.00397187,533.858
5327,0,0.00379284,533.958
5328,0,0.00362002,534.058
5329,0,0.00345357,534.158
5330,0,0.00329366,534.258
5331,0,0.00314045,534.358
5332,0,0.0029941,534.458
5333,0,0.0028548,534.558
5334,0,0.00272273,534.658
5335,0,0.00259807,534.758
5336,0,0.00248101,534.858
5337,0,0.00237177,534.958
5338,0,0.00227054,535.058
5339,0,0.00217756,535.158
5340,0,0.00209305,535.258
5341,0,0.00201725,535.358
5342,0,0.00195043,535.458
5343,0,0.00189285,535.558
5344,0,0.00184479,535.658
5345,0,0.00180656,535.758
5346,0,0.00177847,535.858
5347,0,0.00176086,535.958
5348,0,0.0017541,536.058
5349,0,0.00175855,536.158
5350,0,0.00177464,536.258
5351,0,0.00180279,536.358
5352,0,0.00184347,536.458
5353,0,0.00189718,536.558
5354,0,0.00196445,536.658
5355,0,0.00204586,536.758
5356,0,0.00214203,536.858
5357,0,0.00225363,536.958
5358,0,0.00238138,537.057
5359,0,0.00252606,537.157
5360,0,0.00268851,537.257
5361,0,0.00286965,537.357
5362,0,0.00307048,537.457
5363,0,0.00329207,537.557
5364,0,0.00353559,537.657
5365,0,0.0038023,537.757
5366,0,0.00409354,537.857
5367,0,0.00441078,537.957
5368,0,0.00475554,538.057
5369,0,0.00512943,538.157
5370,0,0.00553406,538.257
5371,0,0.00597101,538.357
5372,0,0.00644165,538.457
5373,0,0.006947,538.557
5374,0,0.00748737,538.657
5375,0,0.00806183,538.757
5376,0,0.00866759,538.857
5377,0,0.00929891,538.957
5378,0,0.00994607,539.057
5379,0,0.0105944,539.158
5380,0,0.0112242,539.258
5381,0,0.0118127,539.359
5382,0,0.0123373,539.46
5383,0,0.0127808,539.56
5384,0,0.0131339,539.661
5385,0,0.0133959,539.762
5386,0,0.0135725,539.863
5387,0,0.0136727,539.964
5388,0,0.013707,540.065
5389,0,0.0136854,540.165
5390,0,0.0136172,540.266
5391,0,0.0135101,540.367
5392,0,0.0133708,540.468
5393,0,0.013205,540.568
5394,0,0.0130172,540.669
5395,0,0.0128114,540.769
5396,0,0.0125907,540.87
5397,0,0.0123577,540.971
5398,0,0.0121149,541.071
5399,0,0.0118639,541.172
5400,0,0.0116065,541.272
5401,0,0.011344,541.373
5402,0,0.0110776,541.473
5403,0,0.0108083,541.574
5404,0,0.0105369,541.674
5405,0,0.0102643,541.774
5406,0,0.00999113,541.875
5407,0,0.00971793,541.975
5408,0,0.00944524,542.076
5409,0,0.00917354,542.176
5410,0,0.00890325,542.276
5411,0,0.00863474,542.376
5412,0,0.00836835,542.477
5413,0,0.0081044,542.577
5414,0,0.00784317,542.677
5415,0,0.00758493,542.778
5416,0,0.00732991,542.878
5417,0,0.00707834,542.978
5418,0,0.00683044,543.078
5419,0,0.00658641,543.178
5420,0,0.00634644,543.279
5421,0,0.00611071,543.379
5422,0,0.0058794,543.479
5423,0,0.00565267,543.579
5424,0,0.00543069,543.679
5425,0,0.00521362,543.78
5426,0,0.00500162,543.88
5427,0,0.00479483,543.98
5428,0,0.00459342,544.08
5429,0,0.00439755,544.18
5430,0,0.00420735,544.28
5431,0,0.004023,544.38
5432,0,0.00384463,544.48
5433,0,0.00367243,544.58
5434,0,0.00350654,544.681
5435,0,0.00334713,544.781
5436,0,0.00319437,544.881
5437,0,0.00304843,544.981
5438,0,0.0029095,545.081
5439,0,0.00277775,545.181
5440,0,0.00265339,545.281
5441,0,0.00253661,545.381
5442,0,0.00242762,545.481
5443,0,0.00232664,545.581
5444,0,0.0022339,545.681
5445,0,0.00214962,545.781
5446,0,0.00207407,545.881
5447,0,0.00200751,545.981
5448,0,0.00195021,546.081
5449,0,0.00190247,546.181
5450,0,0.00186459,546.281
5451,0,0.00183692,546.381
5452,0,0.00181979,546.481
5453,0,0.00181357,546.581
5454,0,0.00181867,546.681
5455,0,0.00183551,546.781
5456,0,0.00186453,546.881
5457,0,0.00190622,546.981
5458,0,0.00196109,547.08
5459,0,0.00202972,547.18
5460,0,0.00211268,547.28
5461,0,0.00221064,547.38
5462,0,0.00232428,547.48
5463,0,0.00245436,547.58
5464,0,0.0026017,547.68
5465,0,0.00276719,547.78
5466,0,0.00295178,547.88
5467,0,0.00315652,547.98
5468,0,0.00338253,548.08
5469,0,0.00363104,548.18
5470,0,0.00390338,548.279
5471,0,0.00420096,548.379
5472,0,0.00452532,548.479
5473,0,0.00487805,548.579
5474,0,0.00526081,548.679
5475,0,0.00567527,548.779
5476,0,0.00612302,548.879
5477,0,0.0066054,548.979
5478,0,0.00712325,549.079
5479,0,0.00767657,549.179
5480,0,0.00826387,549.279
5481,0,0.0088814,549.38
5482,0,0.00952203,549.48
5483,0,0.0101742,549.58
5484,0,0.010821,549.681
5485,0,0.0114413,549.781
5486,0,0.0120116,549.882
5487,0,0.012511,549.983
5488,0,0.0129252,550.083
5489,0,0.0132483,550.184
5490,0,0.0134824,550.285
5491,0,0.0136347,550.386
5492,0,0.0137149,550.487
5493,0,0.0137333,550.588
5494,0,0.0136995,550.688
5495,0,0.0136221,550.789
5496,0,0.0135085,550.89
5497,0,0.0133648,550.99
5498,0,0.0131961,551.091
5499,0,0.0130068,551.192
5500,0,0.0128005,551.292
5501,0,0.0125801,551.393
5502,0,0.0123481,551.494
5503,0,0.0121066,551.594
5504,0,0.0118574,551.695
5505,0,0.011602,551.795
5506,0,0.0113418,551.896
5507,0,0.0110778,551.996
5508,0,0.0108109,552.096
5509,0,0.0105421,552.197
5510,0,0.010272,552.297
5511,0,0.0100014,552.398
5512,0,0.00973072,552.498
5513,0,0.00946053,552.598
5514,0,0.00919128,552.699
5515,0,0.00892337,552.799
5516,0,0.00865718,552.899
5517,0,0.00839304,553
5518,0,0.00813126,553.1
5519,0,0.00787211,553.2
5520,0,0.00761586,553.3
5521,0,0.00736276,553.401
5522,0,0.00711302,553.501
5523,0,0.00686686,553.601
5524,0,0.00662448,553.701
5525,0,0.00638607,553.801
5526,0,0.00615181,553.902
5527,0,0.00592189,554.002
5528,0,0.00569647,554.102
5529,0,0.00547571,554.202
5530,0,0.00525979,554.302
5531,0,0.00504885,554.402
5532,0,0.00484306,554.503
5533,0,0.00464258,554.603
5534,0,0.00444755,554.703
5535,0,0.00425814,554.803
5536,0,0.00407451,554.903
5537,0,0.00389682,555.003
5538,0,0.00372522,555.103
5539,0,0.00355989,555.203
5540,0,0.003401,555.303
5541,0,0.00324871,555.403
5542,0,0.0031032,555.503
5543,0,0.00296467,555.604
5544,0,0.00283329,555.704
5545,0,0.00270928,555.804
5546,0,0.00259283,555.904
5547,0,0.00248416,556.004
5548,0,0.00238348,556.104
5549,0,0.00229105,556.204
5550,0,0.0022071,556.304
5551,0,0.00213189,556.404
5552,0,0.00206568,556.504
5553,0,0.00200878,556.604
5554,0,0.00196148,556.704
5555,0,0.0019241,556.804
5556,0,0.00189699,556.904
5557,0,0.0018805,557.004
5558,0,0.00187501,557.104
5559,0,0.00188095,557.203
5560,0,0.00189875,557.303
5561,0,0.00192886,557.403
5562,0,0.00197181,557.503
5563,0,0.00202813,557.603
5564,0,0.0020984,557.703
5565,0,0.00218324,557.803
5566,0,0.00228333,557.903
5567,0,0.0023994,558.003
5568,0,0.00253224,558.103
5569,0,0.0026827,558.203
5570,0,0.00285172,558.303
5571,0,0.00304031,558.402
5572,0,0.00324955,558.502
5573,0,0.00348065,558.602
5574,0,0.00373488,558.702
5575,0,0.00401365,558.802
5576,0,0.00431844,558.902
5577,0,0.00465087,559.002
5578,0,0.0050126,559.102
5579,0,0.00540536,559.202
5580,0,0.00583085,559.302
5581,0,0.00629065,559.402
5582,0,0.00678602,559.502
5583,0,0.00731758,559.602
5584,0,0.00788488,559.702
5585,0,0.00848568,559.802
5586,0,0.00911501,559.902
5587,0,0.00976404,560.003
5588,0,0.010419,560.103
5589,0,0.011061,560.203
5590,0,0.0116674,560.304
5591,0,0.0122151,560.405
5592,0,0.0126855,560.505
5593,0,0.0130678,560.606
5594,0,0.0133596,560.707
5595,0,0.0135654,560.808
5596,0,0.0136935,560.909
5597,0,0.013754,561.01
5598,0,0.0137569,561.11
5599,0,0.0137112,561.211
5600,0,0.0136249,561.312
5601,0,0.0135049,561.413
5602,0,0.0133568,561.513
5603,0,0.0131853,561.614
5604,0,0.0129945,561.715
5605,0,0.0127877,561.815
5606,0,0.0125675,561.916
5607,0,0.0123364,562.016
5608,0,0.0120962,562.117
5609,0,0.0118488,562.217
5610,0,0.0115954,562.318
5611,0,0.0113373,562.418
5612,0,0.0110756,562.519
5613,0,0.0108112,562.619
5614,0,0.0105449,562.719
5615,0,0.0102774,562.82
5616,0,0.0100092,562.92
5617,0,0.00974109,563.021
5618,0,0.00947338,563.121
5619,0,0.00920656,563.221
5620,0,0.00894104,563.322
5621,0,0.00867717,563.422
5622,0,0.00841529,563.522
5623,0,0.00815568,563.622
5624,0,0.00789863,563.723
5625,0,0.0076444,563.823
5626,0,0.00739323,563.923
5627,0,0.00714534,564.023
5628,0,0.00690095,564.124
5629,0,0.00666025,564.224
5630,0,0.00642343,564.324
5631,0,0.00619069,564.424
5632,0,0.0059622,564.525
5633,0,0.00573812,564.625
5634,0,0.00551863,564.725
5635,0,0.0053039,564.825
5636,0,0.00509408,564.925
5637,0,0.00488933,565.025
5638,0,0.00468982,565.125
5639,0,0.0044957,565.226
5640,0,0.00430714,565.326
5641,0,0.00412428,565.426
5642,0,0.00394731,565.526
5643,0,0.00377639,565.626
5644,0,0.00361167,565.726
5645,0,0.00345335,565.826
5646,0,0.00330159,565.926
5647,0,0.00315658,566.026
5648,0,0.00301851,566.126
5649,0,0.00288757,566.226
5650,0,0.00276397,566.326
5651,0,0.00264791,566.426
5652,0,0.00253963,566.526
5653,0,0.00243934,566.626
5654,0,0.00234729,566.726
5655,0,0.00226374,566.826
5656,0,0.00218895,566.926
5657,0,0.00212319,567.026
5658,0,0.00206678,567.126
5659,0,0.00202001,567.226
5660,0,0.00198322,567.326
5661,0,0.00195677,567.426
5662,0,0.00194102,567.526
5663,0,0.00193639,567.626
5664,0,0.00194328,567.726
5665,0,0.00196216,567.826
5666,0,0.00199352,567.926
5667,0,0.00203788,568.026
5668,0,0.00209579,568.126
5669,0,0.00216788,568.226
5670,0,0.00225478,568.326
5671,0,0.00235721,568.426
5672,0,0.00247593,568.525
5673,0,0.00261177,568.625
5674,0,0.00276563,568.725
5675,0,0.00293847,568.825
5676,0,0.00313138,568.925
5677,0,0.00334548,569.025
5678,0,0.00358206,569.125
5679,0,0.00384245,569.225
5680,0,0.00412813,569.325
5681,0,0.00444067,569.425
5682,0,0.00478175,569.525
5683,0,0.00515313,569.625
5684,0,0.00555657,569.724
5685,0,0.00599382,569.824
5686,0,0.00646641,569.924
5687,0,0.00697547,570.024
5688,0,0.00752131,570.125
5689,0,0.00810292,570.225
5690,0,0.0087171,570.325
5691,0,0.00935743,570.425
5692,0,0.0100131,570.525
5693,0,0.0106681,570.626
5694,0,0.0113016,570.726
5695,0,0.0118901,570.827
5696,0,0.012412,570.928
5697,0,0.0128515,571.028
5698,0,0.0132014,571.129
5699,0,0.0134627,571.23
5700,0,0.0136415,571.331
5701,0,0.0137471,571.432
5702,0,0.0137894,571.532
5703,0,0.013778,571.633
5704,0,0.0137215,571.734
5705,0,0.0136272,571.835
5706,0,0.0135015,571.935
5707,0,0.0133495,572.036
5708,0,0.0131757,572.137
5709,0,0.0129837,572.237
5710,0,0.0127765,572.338
5711,0,0.0125567,572.438
5712,0,0.0123266,572.539
5713,0,0.0120879,572.64
5714,0,0.0118422,572.74
5715,0,0.0115908,572.841
5716,0,0.0113349,572.941
5717,0,0.0110756,573.041
5718,0,0.0108136,573.142
5719,0,0.0105497,573.242
5720,0,0.0102846,573.343
5721,0,0.010019,573.443
5722,0,0.00975333,573.543
5723,0,0.00948806,573.644
5724,0,0.00922364,573.744
5725,0,0.00896046,573.844
5726,0,0.00869887,573.945
5727,0,0.00843919,574.045
5728,0,0.00818171,574.145
5729,0,0.00792672,574.246
5730,0,0.00767447,574.346
5731,0,0.00742519,574.446
5732,0,0.00717911,574.546
5733,0,0.00693644,574.646
5734,0,0.00669738,574.747
5735,0,0.00646213,574.847
5736,0,0.00623086,574.947
5737,0,0.00600376,575.047
5738,0,0.005781,575.147
5739,0,0.00556274,575.248
5740,0,0.00534917,575.348
5741,0,0.00514043,575.448
5742,0,0.0049367,575.548
5743,0,0.00473813,575.648
5744,0,0.00454489,575.748
5745,0,0.00435714,575.848
5746,0,0.00417505,575.948
5747,0,0.00399878,576.049
5748,0,0.0038285,576.149
5749,0,0.00366439,576.249
5750,0,0.00350662,576.349
5751,0,0.00335538,576.449
5752,0,0.00321086,576.549
5753,0,0.00307324,576.649
5754,0,0.00294273,576.749
5755,0,0.00281953,576.849
5756,0,0.00270388,576.949
5757,0,0.00259598,577.049
5758,0,0.00249609,577.149
5759,0,0.00240444,577.249
5760,0,0.0023213,577.349
5761,0,0.00224694,577.449
5762,0,0.00218166,577.549
5763,0,0.00212576,577.649
5764,0,0.00207956,577.749
5765,0,0.00204341,577.849
5766,0,0.00201767,577.949
5767,0,0.00200273,578.049
5768,0,0.001999,578.149
5769,0,0.00200693,578.249
5770,0,0.00202698,578.349
5771,0,0.00205968,578.449
5772,0,0.00210556,578.549
5773,0,0.0021652,578.648
5774,0,0.00223925,578.748
5775,0,0.00232838,578.848
5776,0,0.00243333,578.948
5777,0,0.00255491,579.048
5778,0,0.00269398,579.148
5779,0,0.00285149,579.248
5780,0,0.00302846,579.348
5781,0,0.00322602,579.448
5782,0,0.00344537,579.548
5783,0,0.00368785,579.648
5784,0,0.00395488,579.748
5785,0,0.00424801,579.847
5786,0,0.0045689,579.947
5787,0,0.00491931,580.047
5788,0,0.00530105,580.147
5789,0,0.00571597,580.247
5790,0,0.0061658,580.347
5791,0,0.00665202,580.447
5792,0,0.00717554,580.547
5793,0,0.00773627,580.647
5794,0,0.00833246,580.747
5795,0,0.00895972,580.848
5796,0,0.00960993,580.948
5797,0,0.01027,581.048
5798,0,0.0109218,581.149
5799,0,0.0115426,581.249
5800,0,0.0121092,581.35
5801,0,0.0126021,581.451
5802,0,0.013009,581.551
5803,0,0.0133264,581.652
5804,0,0.0135578,581.753
5805,0,0.0137108,581.854
5806,0,0.0137951,581.955
5807,0,0.0138203,582.055
5808,0,0.0137957,582.156
5809,0,0.0137291,582.257
5810,0,0.0136274,582.358
5811,0,0.0134963,582.458
5812,0,0.0133408,582.559
5813,0,0.0131647,582.66
5814,0,0.0129716,582.76
5815,0,0.0127641,582.861
5816,0,0.0125448,582.961
5817,0,0.0123156,583.062
5818,0,0.0120783,583.163
5819,0,0.0118342,583.263
5820,0,0.0115848,583.363
5821,0,0.011331,583.464
5822,0,0.0110739,583.564
5823,0,0.0108142,583.665
5824,0,0.0105528,583.765
5825,0,0.0102901,583.866
5826,0,0.0100269,583.966
5827,0,0.00976362,584.066
5828,0,0.00950072,584.167
5829,0,0.00923864,584.267
5830,0,0.00897774,584.367
5831,0,0.00871838,584.468
5832,0,0.00846086,584.568
5833,0,0.00820548,584.668
5834,0,0.00795252,584.768
5835,0,0.00770221,584.869
5836,0,0.0074548,584.969
5837,0,0.00721051,585.069
5838,0,0.00696955,585.169
5839,0,0.00673212,585.27
5840,0,0.00649842,585.37
5841,0,0.00626863,585.47
5842,0,0.00604293,585.57
5843,0,0.00582149,585.67
5844,0,0.00560449,585.77
5845,0,0.00539209,585.871
5846,0,0.00518446,585.971
5847,0,0.00498177,586.071
5848,0,0.00478417,586.171
5849,0,0.00459184,586.271
5850,0,0.00440495,586.371
5851,0,0.00422365,586.471
5852,0,0.00404813,586.571
5853,0,0.00387855,586.672
5854,0,0.00371509,586.772
5855,0,0.00355794,586.872
5856,0,0.00340728,586.972
5857,0,0.0032633,587.072
5858,0,0.0031262,587.172
5859,0,0.00299619,587.272
5860,0,0.00287348,587.372
5861,0,0.0027583,587.472
5862,0,0.00265089,587.572
5863,0,0.00255147,587.672
5864,0,0.00246032,587.772
5865,0,0.0023777,587.872
5866,0,0.00230389,587.972
5867,0,0.00223919,588.072
5868,0,0.00218393,588.172
5869,0,0.00213843,588.272
5870,0,0.00210304,588.372
5871,0,0.00207816,588.472
5872,0,0.00206418,588.572
5873,0,0.00206152,588.672
5874,0,0.00207066,588.772
5875,0,0.00209208,588.872
5876,0,0.00212631,588.971
5877,0,0.00217393,589.071
5878,0,0.00223553,589.171
5879,0,0.00231179,589.271
5880,0,0.00240342,589.371
5881,0,0.00251119,589.471
5882,0,0.00263595,589.571
5883,0,0.0027786,589.671
5884,0,0.00294014,589.771
5885,0,0.00312166,589.871
5886,0,0.00332433,589.971
5887,0,0.00354943,590.07
5888,0,0.00379837,590.17
5889,0,0.00407264,590.27
5890,0,0.0043739,590.37
5891,0,0.00470387,590.47
5892,0,0.0050644,590.57
5893,0,0.00545738,590.67
5894,0,0.00588468,590.77
5895,0,0.00634804,590.87
5896,0,0.00684879,590.97
5897,0,0.00738757,591.07
5898,0,0.00796375,591.17
5899,0,0.00857461,591.27
5900,0,0.00921433,591.37
5901,0,0.00987274,591.471
5902,0,0.0105344,591.571
5903,0,0.0111788,591.672
5904,0,0.0117826,591.772
5905,0,0.0123234,591.873
5906,0,0.0127846,591.974
5907,0,0.0131579,592.074
5908,0,0.0134431,592.175
5909,0,0.0136456,592.276
5910,0,0.0137741,592.377
5911,0,0.0138384,592.478
5912,0,0.0138478,592.578
5913,0,0.0138108,592.679
5914,0,0.0137349,592.78
5915,0,0.0136264,592.881
5916,0,0.0134905,592.981
5917,0,0.0133317,593.082
5918,0,0.0131536,593.183
5919,0,0.0129595,593.283
5920,0,0.0127519,593.384
5921,0,0.0125331,593.484
5922,0,0.0123049,593.585
5923,0,0.0120689,593.685
5924,0,0.0118266,593.786
5925,0,0.0115791,593.886
5926,0,0.0113274,593.987
5927,0,0.0110724,594.087
5928,0,0.0108151,594.188
5929,0,0.0105559,594.288
5930,0,0.0102957,594.388
5931,0,0.0100348,594.489
5932,0,0.00977392,594.589
5933,0,0.00951337,594.689
5934,0,0.00925358,594.79
5935,0,0.00899494,594.89
5936,0,0.00873777,594.99
5937,0,0.00848239,595.091
5938,0,0.00822908,595.191
5939,0,0.00797811,595.291
5940,0,0.00772972,595.391
5941,0,0.00748416,595.492
5942,0,0.00724165,595.592
5943,0,0.00700238,595.692
5944,0,0.00676657,595.792
5945,0,0.00653441,595.893
5946,0,0.00630609,595.993
5947,0,0.00608177,596.093
5948,0,0.00586165,596.193
5949,0,0.00564589,596.293
5950,0,0.00543466,596.393
5951,0,0.00522814,596.494
5952,0,0.00502648,596.594
5953,0,0.00482986,596.694
5954,0,0.00463845,596.794
5955,0,0.00445241,596.894
5956,0,0.00427191,596.994
5957,0,0.00409714,597.094
5958,0,0.00392827,597.194
5959,0,0.00376547,597.294
5960,0,0.00360894,597.394
5961,0,0.00345886,597.494
5962,0,0.00331544,597.594
5963,0,0.00317887,597.695
5964,0,0.00304938,597.795
5965,0,0.00292717,597.895
5966,0,0.00281249,597.995
5967,0,0.00270556,598.095
5968,0,0.00260665,598.195
5969,0,0.00251601,598.295
5970,0,0.00243393,598.395
5971,0,0.00236069,598.495
5972,0,0.00229661,598.595
5973,0,0.00224201,598.695
5974,0,0.00219724,598.795
5975,0,0.00216267,598.895
5976,0,0.00213868,598.995
5977,0,0.0021257,599.094
5978,0,0.00212417,599.194
5979,0,0.00213458,599.294
5980,0,0.00215743,599.394
5981,0,0.00219327,599.494
5982,0,0.00224271,599.594
5983,0,0.00230637,599.694
5984,0,0.00238494,599.794
5985,0,0.00247919,599.894
5986,0,0.00258992,599.994
5987,0,0.00271802,600.094
5988,0,0.00286443,600.194
5989,0,0.00303022,600.293
5990,0,0.00321651,600.393
5991,0,0.00342456,600.493
5992,0,0.00365572,600.593
5993,0,0.00391146,600.693
5994,0,0.00419338,600.793
5995,0,0.0045032,600.893
5996,0,0.00484275,600.993
5997,0,0.00521395,601.093
5998,0,0.00561877,601.193
5999,0,0.00605908,601.293
6000,0,0.00653658,601.393
6001,0,0.00705242,601.493
6002,0,0.00760686,601.593
6003,0,0.00819854,601.693
6004,0,0.00882359,601.793
6005,0,0.00947445,601.893
6006,0,0.0101387,601.994
6007,0,0.0107985,602.094
6008,0,0.0114315,602.194
6009,0,0.0120143,602.295
6010,0,0.0125265,602.396
6011,0,0.0129549,602.497
6012,0,0.0132951,602.597
6013,0,0.0135494,602.698
6014,0,0.0137251,602.799
6015,0,0.0138313,602.9
6016,0,0.0138775,603.001
6017,0,0.0138727,603.101
6018,0,0.0138249,603.202
6019,0,0.0137409,603.303
6020,0,0.0136264,603.404
6021,0,0.0134863,603.504
6022,0,0.0133248,603.605
6023,0,0.0131452,603.705
6024,0,0.0129505,603.806
6025,0,0.012743,603.907
6026,0,0.0125249,604.007
6027,0,0.0122978,604.108
6028,0,0.0120633,604.208
6029,0,0.0118227,604.309
6030,0,0.0115771,604.409
6031,0,0.0113275,604.51
6032,0,0.0110748,604.61
6033,0,0.0108197,604.71
6034,0,0.0105629,604.811
6035,0,0.010305,604.911
6036,0,0.0100465,605.012
6037,0,0.00978794,605.112
6038,0,0.00952968,605.212
6039,0,0.00927214,605.313
6040,0,0.0090157,605.413
6041,0,0.00876067,605.513
6042,0,0.00850736,605.613
6043,0,0.00825606,605.714
6044,0,0.00800703,605.814
6045,0,0.00776051,605.914
6046,0,0.00751673,606.014
6047,0,0.00727592,606.115
6048,0,0.00703829,606.215
6049,0,0.00680403,606.315
6050,0,0.00657335,606.415
6051,0,0.00634641,606.515
6052,0,0.00612342,606.616
6053,0,0.00590455,606.716
6054,0,0.00568996,606.816
6055,0,0.00547984,606.916
6056,0,0.00527434,607.016
6057,0,0.00507366,607.116
6058,0,0.00487794,607.216
6059,0,0.00468737,607.317
6060,0,0.00450212,607.417
6061,0,0.00432235,607.517
6062,0,0.00414826,607.617
6063,0,0.00398001,607.717
6064,0,0.0038178,607.817
6065,0,0.00366182,607.917
6066,0,0.00351226,608.017
6067,0,0.00336932,608.117
6068,0,0.00323321,608.217
6069,0,0.00310416,608.317
6070,0,0.00298238,608.417
6071,0,0.00286812,608.517
6072,0,0.00276162,608.617
6073,0,0.00266313,608.717
6074,0,0.00257294,608.817
6075,0,0.00249133,608.917
6076,0,0.00241859,609.017
6077,0,0.00235506,609.117
6078,0,0.00230106,609.217
6079,0,0.00225695,609.317
6080,0,0.00222312,609.417
6081,0,0.00219998,609.517
6082,0,0.00218795,609.617
6083,0,0.00218751,609.717
6084,0,0.00219914,609.817
6085,0,0.00222338,609.917
6086,0,0.0022608,610.017
6087,0,0.00231203,610.117
6088,0,0.00237774,610.217
6089,0,0.00245864,610.317
6090,0,0.00255552,610.416
6091,0,0.00266923,610.516
6092,0,0.00280071,610.616
6093,0,0.00295095,610.716
6094,0,0.00312107,610.816
6095,0,0.00331226,610.916
6096,0,0.00352583,611.016
6097,0,0.00376322,611.116
6098,0,0.00402598,611.216
6099,0,0.0043158,611.316
6100,0,0.00463448,611.416
6101,0,0.00498396,611.516
6102,0,0.00536622,611.615
6103,0,0.00578329,611.715
6104,0,0.00623705,611.815
6105,0,0.00672908,611.915
6106,0,0.00726032,612.015
6107,0,0.00783048,612.115
6108,0,0.00843734,612.216
6109,0,0.00907562,612.316
6110,0,0.00973578,612.416
6111,0,0.010403,612.516
6112,0,0.0110572,612.617
6113,0,0.0116749,612.717
6114,0,0.0122335,612.818
6115,0,0.0127153,612.919
6116,0,0.0131111,613.02
6117,0,0.0134194,613.12
6118,0,0.013645,613.221
6119,0,0.0137962,613.322
6120,0,0.0138823,613.423
6121,0,0.0139124,613.524
6122,0,0.0138951,613.624
6123,0,0.0138377,613.725
6124,0,0.0137465,613.826
6125,0,0.0136269,613.926
6126,0,0.0134833,614.027
6127,0,0.0133196,614.128
6128,0,0.0131388,614.228
6129,0,0.0129437,614.329
6130,0,0.0127365,614.43
6131,0,0.0125191,614.53
6132,0,0.0122932,614.631
6133,0,0.0120603,614.731
6134,0,0.0118214,614.832
6135,0,0.0115778,614.932
6136,0,0.0113303,615.032
6137,0,0.0110798,615.133
6138,0,0.0108269,615.233
6139,0,0.0105724,615.334
6140,0,0.0103168,615.434
6141,0,0.0100605,615.534
6142,0,0.00980419,615.635
6143,0,0.00954815,615.735
6144,0,0.00929279,615.835
6145,0,0.00903847,615.936
6146,0,0.0087855,616.036
6147,0,0.0085342,616.136
6148,0,0.00828483,616.237
6149,0,0.00803765,616.337
6150,0,0.00779292,616.437
6151,0,0.00755085,616.537
6152,0,0.00731168,616.638
6153,0,0.00707561,616.738
6154,0,0.00684284,616.838
6155,0,0.00661356,616.938
6156,0,0.00638796,617.038
6157,0,0.00616623,617.138
6158,0,0.00594854,617.239
6159,0,0.00573507,617.339
6160,0,0.00552599,617.439
6161,0,0.00532148,617.539
6162,0,0.00512171,617.639
6163,0,0.00492685,617.739
6164,0,0.00473707,617.839
6165,0,0.00455256,617.94
6166,0,0.00437349,618.04
6167,0,0.00420003,618.14
6168,0,0.00403238,618.24
6169,0,0.00387073,618.34
6170,0,0.00371526,618.44
6171,0,0.00356619,618.54
6172,0,0.00342371,618.64
6173,0,0.00328805,618.74
6174,0,0.00315942,618.84
6175,0,0.00303806,618.94
6176,0,0.00292421,619.04
6177,0,0.00281813,619.14
6178,0,0.00272007,619.24
6179,0,0.00263033,619.34
6180,0,0.0025492,619.44
6181,0,0.00247699,619.54
6182,0,0.00241403,619.64
6183,0,0.00236066,619.74
6184,0,0.00231726,619.84
6185,0,0.00228423,619.94
6186,0,0.00226199,620.04
6187,0,0.00225098,620.14
6188,0,0.00225169,620.24
6189,0,0.00226463,620.34
6190,0,0.00229037,620.44
6191,0,0.00232949,620.54
6192,0,0.00238266,620.64
6193,0,0.00245056,620.739
6194,0,0.00253395,620.839
6195,0,0.00263366,620.939
6196,0,0.00275058,621.039
6197,0,0.00288569,621.139
6198,0,0.00304005,621.239
6199,0,0.00321482,621.339
6200,0,0.00341127,621.439
6201,0,0.00363078,621.539
6202,0,0.00387487,621.639
6203,0,0.00414518,621.739
6204,0,0.00444348,621.839
6205,0,0.0047717,621.938
6206,0,0.00513183,622.038
6207,0,0.00552595,622.138
6208,0,0.00595612,622.238
6209,0,0.00642419,622.338
6210,0,0.0069316,622.438
6211,0,0.00747892,622.538
6212,0,0.0080652,622.638
6213,0,0.00868708,622.738
6214,0,0.00933761,622.839
6215,0,0.010005,622.939
6216,0,0.0106719,623.039
6217,0,0.0113163,623.14
6218,0,0.0119144,623.24
6219,0,0.0124454,623.341
6220,0,0.012895,623.442
6221,0,0.0132576,623.543
6222,0,0.0135348,623.644
6223,0,0.0137332,623.744
6224,0,0.0138614,623.845
6225,0,0.0139287,623.946
6226,0,0.0139439,624.047
6227,0,0.0139151,624.148
6228,0,0.0138489,624.248
6229,0,0.0137512,624.349
6230,0,0.0136269,624.45
6231,0,0.0134802,624.55
6232,0,0.0133144,624.651
6233,0,0.0131326,624.751
6234,0,0.0129373,624.852
6235,0,0.0127304,624.953
6236,0,0.0125139,625.053
6237,0,0.0122892,625.154
6238,0,0.0120578,625.254
6239,0,0.0118207,625.355
6240,0,0.011579,625.455
6241,0,0.0113335,625.555
6242,0,0.0110851,625.656
6243,0,0.0108344,625.756
6244,0,0.0105821,625.857
6245,0,0.0103287,625.957
6246,0,0.0100747,626.057
6247,0,0.00982054,626.158
6248,0,0.00956666,626.258
6249,0,0.00931342,626.358
6250,0,0.00906117,626.459
6251,0,0.00881022,626.559
6252,0,0.00856087,626.659
6253,0,0.00831339,626.76
6254,0,0.00806804,626.86
6255,0,0.00782506,626.96
6256,0,0.00758468,627.06
6257,0,0.00734711,627.161
6258,0,0.00711257,627.261
6259,0,0.00688126,627.361
6260,0,0.00665337,627.461
6261,0,0.00642909,627.561
6262,0,0.0062086,627.661
6263,0,0.00599208,627.762
6264,0,0.00577972,627.862
6265,0,0.00557168,627.962
6266,0,0.00536814,628.062
6267,0,0.00516928,628.162
6268,0,0.00497528,628.262
6269,0,0.0047863,628.362
6270,0,0.00460254,628.463
6271,0,0.00442416,628.563
6272,0,0.00425136,628.663
6273,0,0.00408432,628.763
6274,0,0.00392324,628.863
6275,0,0.00376831,628.963
6276,0,0.00361975,629.063
6277,0,0.00347776,629.163
6278,0,0.00334257,629.263
6279,0,0.0032144,629.363
6280,0,0.0030935,629.463
6281,0,0.0029801,629.563
6282,0,0.00287449,629.663
6283,0,0.00277692,629.763
6284,0,0.00268769,629.863
6285,0,0.0026071,629.963
6286,0,0.00253548,630.063
6287,0,0.00247317,630.163
6288,0,0.00242052,630.263
6289,0,0.00237792,630.363
6290,0,0.00234579,630.463
6291,0,0.00232456,630.563
6292,0,0.00231469,630.663
6293,0,0.00231669,630.763
6294,0,0.0023311,630.863
6295,0,0.0023585,630.963
6296,0,0.00239951,631.063
6297,0,0.00245481,631.163
6298,0,0.00252514,631.262
6299,0,0.00261128,631.362
6300,0,0.0027141,631.462
6301,0,0.00283454,631.562
6302,0,0.00297363,631.662
6303,0,0.00313249,631.762
6304,0,0.00331235,631.862
6305,0,0.00351455,631.962
6306,0,0.00374054,632.062
6307,0,0.00399194,632.162
6308,0,0.00427048,632.262
6309,0,0.00457804,632.362
6310,0,0.00491662,632.461
6311,0,0.00528833,632.561
6312,0,0.00569531,632.661
6313,0,0.00613962,632.761
6314,0,0.00662305,632.861
6315,0,0.00714681,632.961
6316,0,0.00771096,633.061
6317,0,0.00831368,633.161
6318,0,0.0089502,633.262
6319,0,0.00961151,633.362
6320,0,0.0102833,633.462
6321,0,0.0109459,633.563
6322,0,0.0115758,633.663
6323,0,0.01215,633.764
6324,0,0.0126502,633.864
6325,0,0.0130661,633.965
6326,0,0.0133956,634.066
6327,0,0.0136426,634.167
6328,0,0.0138149,634.268
6329,0,0.0139214,634.368
6330,0,0.0139713,634.469
6331,0,0.0139728,634.57
6332,0,0.0139332,634.671
6333,0,0.0138589,634.771
6334,0,0.0137552,634.872
6335,0,0.0136267,634.973
6336,0,0.013477,635.073
6337,0,0.0133095,635.174
6338,0,0.0131269,635.275
6339,0,0.0129313,635.375
6340,0,0.0127249,635.476
6341,0,0.0125092,635.576
6342,0,0.0122858,635.677
6343,0,0.0120558,635.777
6344,0,0.0118204,635.878
6345,0,0.0115806,635.978
6346,0,0.0113371,636.079
6347,0,0.0110908,636.179
6348,0,0.0108423,636.279
6349,0,0.0105921,636.38
6350,0,0.0103409,636.48
6351,0,0.0100891,636.58
6352,0,0.00983706,636.681
6353,0,0.0095853,636.781
6354,0,0.00933414,636.881
6355,0,0.00908392,636.982
6356,0,0.00883495,637.082
6357,0,0.00858751,637.182
6358,0,0.00834189,637.283
6359,0,0.00809832,637.383
6360,0,0.00785705,637.483
6361,0,0.00761832,637.583
6362,0,0.00738233,637.684
6363,0,0.0071493,637.784
6364,0,0.00691942,637.884
6365,0,0.00669289,637.984
6366,0,0.0064699,638.084
6367,0,0.00625063,638.185
6368,0,0.00603527,638.285
6369,0,0.00582399,638.385
6370,0,0.00561698,638.485
6371,0,0.00541441,638.585
6372,0,0.00521645,638.685
6373,0,0.00502329,638.785
6374,0,0.00483511,638.885
6375,0,0.00465209,638.986
6376,0,0.0044744,639.086
6377,0,0.00430225,639.186
6378,0,0.00413583,639.286
6379,0,0.00397532,639.386
6380,0,0.00382094,639.486
6381,0,0.0036729,639.586
6382,0,0.00353142,639.686
6383,0,0.00339671,639.786
6384,0,0.00326902,639.886
6385,0,0.00314859,639.986
6386,0,0.00303568,640.086
6387,0,0.00293056,640.186
6388,0,0.00283351,640.286
6389,0,0.00274484,640.386
6390,0,0.00266484,640.486
6391,0,0.00259386,640.586
6392,0,0.00253225,640.686
6393,0,0.00248039,640.786
6394,0,0.00243867,640.886
6395,0,0.00240751,640.986
6396,0,0.00238738,641.086
6397,0,0.00237876,641.186
6398,0,0.00238217,641.286
6399,0,0.00239818,641.386
6400,0,0.00242738,641.486
6401,0,0.00247044,641.586
6402,0,0.00252806,641.685
6403,0,0.00260101,641.785
6404,0,0.00269012,641.885
6405,0,0.0027963,641.985
6406,0,0.00292055,642.085
6407,0,0.00306395,642.185
6408,0,0.00322767,642.285
6409,0,0.00341303,642.385
6410,0,0.00362142,642.485
6411,0,0.00385442,642.584
6412,0,0.0041137,642.684
6413,0,0.00440112,642.784
6414,0,0.00471865,642.884
6415,0,0.00506839,642.984
6416,0,0.00545254,643.084
6417,0,0.0058733,643.184
6418,0,0.0063327,643.284
6419,0,0.00683242,643.384
6420,0,0.00737328,643.484
6421,0,0.00795472,643.584
6422,0,0.00857377,643.684
6423,0,0.00922392,643.784
6424,0,0.00989383,643.885
6425,0,0.0105666,643.985
6426,0,0.0112203,644.085
6427,0,0.0118311,644.186
6428,0,0.0123775,644.287
6429,0,0.0128448,644.387
6430,0,0.0132265,644.488
6431,0,0.0135236,644.589
6432,0,0.0137419,644.69
6433,0,0.0138897,644.791
6434,0,0.0139762,644.891
6435,0,0.0140099,644.992
6436,0,0.0139987,645.093
6437,0,0.0139494,645.194
6438,0,0.0138677,645.294
6439,0,0.0137586,645.395
6440,0,0.0136261,645.496
6441,0,0.0134739,645.596
6442,0,0.0133048,645.697
6443,0,0.0131214,645.797
6444,0,0.0129258,645.898
6445,0,0.0127198,645.999
6446,0,0.012505,646.099
6447,0,0.0122828,646.2
6448,0,0.0120543,646.3
6449,0,0.0118206,646.401
6450,0,0.0115826,646.501
6451,0,0.0113411,646.601
6452,0,0.0110968,646.702
6453,0,0.0108504,646.802
6454,0,0.0106023,646.903
6455,0,0.0103532,647.003
6456,0,0.0101035,647.103
6457,0,0.00985357,647.204
6458,0,0.00960388,647.304
6459,0,0.00935475,647.404
6460,0,0.0091065,647.505
6461,0,0.00885946,647.605
6462,0,0.00861389,647.705
6463,0,0.00837007,647.805
6464,0,0.00812825,647.906
6465,0,0.00788866,648.006
6466,0,0.00765153,648.106
6467,0,0.00741708,648.206
6468,0,0.00718552,648.307
6469,0,0.00695704,648.407
6470,0,0.00673185,648.507
6471,0,0.00651012,648.607
6472,0,0.00629205,648.707
6473,0,0.00607783,648.807
6474,0,0.00586762,648.908
6475,0,0.00566161,649.008
6476,0,0.00545998,649.108
6477,0,0.00526292,649.208
6478,0,0.00507059,649.308
6479,0,0.00488319,649.408
6480,0,0.0047009,649.508
6481,0,0.00452391,649.608
6482,0,0.0043524,649.709
6483,0,0.00418659,649.809
6484,0,0.00402666,649.909
6485,0,0.00387283,650.009
6486,0,0.00372531,650.109
6487,0,0.00358433,650.209
6488,0,0.00345012,650.309
6489,0,0.00332292,650.409
6490,0,0.00320299,650.509
6491,0,0.00309058,650.609
6492,0,0.00298598,650.709
6493,0,0.00288947,650.809
6494,0,0.00280137,650.909
6495,0,0.002722,651.009
6496,0,0.0026517,651.109
6497,0,0.00259084,651.209
6498,0,0.0025398,651.309
6499,0,0.00249901,651.409
6500,0,0.00246889,651.509
6501,0,0.00244993,651.609
6502,0,0.00244263,651.709
6503,0,0.00244753,651.808
6504,0,0.00246523,651.908
6505,0,0.00249635,652.008
6506,0,0.00254157,652.108
6507,0,0.00260165,652.208
6508,0,0.00267738,652.308
6509,0,0.00276964,652.408
6510,0,0.00287939,652.508
6511,0,0.00300767,652.608
6512,0,0.00315563,652.708
6513,0,0.00332451,652.807
6514,0,0.00351569,652.907
6515,0,0.00373067,653.007
6516,0,0.00397109,653.107
6517,0,0.00423875,653.207
6518,0,0.00453559,653.307
6519,0,0.00486369,653.407
6520,0,0.00522528,653.507
6521,0,0.0056226,653.607
6522,0,0.0060579,653.706
6523,0,0.00653315,653.806
6524,0,0.00704981,653.906
6525,0,0.00760823,654.006
6526,0,0.00820698,654.107
6527,0,0.00884167,654.207
6528,0,0.00950376,654.307
6529,0,0.0101793,654.407
6530,0,0.0108489,654.508
6531,0,0.0114892,654.608
6532,0,0.0120767,654.709
6533,0,0.0125927,654.81
6534,0,0.0130263,654.91
6535,0,0.0133745,655.011
6536,0,0.0136408,655.112
6537,0,0.0138324,655.213
6538,0,0.0139579,655.313
6539,0,0.0140262,655.414
6540,0,0.0140455,655.515
6541,0,0.0140229,655.616
6542,0,0.0139649,655.716
6543,0,0.0138766,655.817
6544,0,0.0137627,655.918
6545,0,0.0136269,656.018
6546,0,0.0134725,656.119
6547,0,0.0133022,656.22
6548,0,0.0131183,656.32
6549,0,0.0129227,656.421
6550,0,0.0127173,656.521
6551,0,0.0125035,656.622
6552,0,0.0122825,656.722
6553,0,0.0120556,656.823
6554,0,0.0118236,656.923
6555,0,0.0115874,657.024
6556,0,0.0113478,657.124
6557,0,0.0111055,657.224
6558,0,0.0108611,657.325
6559,0,0.0106151,657.425
6560,0,0.010368,657.526
6561,0,0.0101204,657.626
6562,0,0.00987249,657.726
6563,0,0.0096248,657.827
6564,0,0.00937762,657.927
6565,0,0.00913129,658.027
6566,0,0.0088861,658.128
6567,0,0.00864233,658.228
6568,0,0.00840025,658.328
6569,0,0.0081601,658.428
6570,0,0.00792212,658.529
6571,0,0.00768653,658.629
6572,0,0.00745356,658.729
6573,0,0.0072234,658.829
6574,0,0.00699626,658.929
6575,0,0.00677233,659.03
6576,0,0.0065518,659.13
6577,0,0.00633486,659.23
6578,0,0.0061217,659.33
6579,0,0.0059125,659.43
6580,0,0.00570744,659.53
6581,0,0.0055067,659.631
6582,0,0.00531046,659.731
6583,0,0.00511891,659.831
6584,0,0.00493223,659.931
6585,0,0.00475062,660.031
6586,0,0.00457426,660.131
6587,0,0.00440335,660.231
6588,0,0.00423809,660.331
6589,0,0.00407869,660.431
6590,0,0.00392536,660.531
6591,0,0.00377832,660.631
6592,0,0.0036378,660.731
6593,0,0.00350404,660.831
6594,0,0.00337729,660.932
6595,0,0.00325781,661.032
6596,0,0.00314586,661.132
6597,0,0.00304174,661.232
6598,0,0.00294575,661.332
6599,0,0.0028582,661.432
6600,0,0.00277942,661.531
6601,0,0.00270978,661.631
6602,0,0.00264966,661.731
6603,0,0.00259944,661.831
6604,0,0.00255957,661.931
6605,0,0.00253049,662.031
6606,0,0.00251271,662.131
6607,0,0.00250675,662.231
6608,0,0.00251317,662.331
6609,0,0.00253259,662.431
6610,0,0.00256568,662.531
6611,0,0.00261313,662.631
6612,0,0.00267574,662.731
6613,0,0.00275435,662.831
6614,0,0.00284988,662.931
6615,0,0.00296334,663.03
6616,0,0.00309582,663.13
6617,0,0.00324854,663.23
6618,0,0.00342281,663.33
6619,0,0.00362009,663.43
6620,0,0.00384197,663.53
6621,0,0.0040902,663.63
6622,0,0.00436666,663.729
6623,0,0.00467341,663.829
6624,0,0.00501264,663.929
6625,0,0.00538667,664.029
6626,0,0.00579782,664.129
6627,0,0.00624832,664.229
6628,0,0.00674004,664.329
6629,0,0.0072741,664.429
6630,0,0.00785025,664.529
6631,0,0.00846593,664.629
6632,0,0.00911506,664.729
6633,0,0.00978673,664.829
6634,0,0.0104644,664.93
6635,0,0.0111264,665.03
6636,0,0.0117488,665.131
6637,0,0.0123098,665.232
6638,0,0.0127938,665.332
6639,0,0.0131938,665.433
6640,0,0.0135099,665.534
6641,0,0.0137477,665.635
6642,0,0.0139148,665.735
6643,0,0.0140202,665.836
6644,0,0.0140723,665.937
6645,0,0.0140787,666.038
6646,0,0.0140462,666.138
6647,0,0.0139805,666.239
6648,0,0.0138866,666.34
6649,0,0.0137686,666.44
6650,0,0.01363,666.541
6651,0,0.0134738,666.642
6652,0,0.0133025,666.742
6653,0,0.0131184,666.843
6654,0,0.0129231,666.943
6655,0,0.0127185,667.044
6656,0,0.0125057,667.144
6657,0,0.0122861,667.245
6658,0,0.0120607,667.345
6659,0,0.0118304,667.446
6660,0,0.011596,667.546
6661,0,0.0113584,667.647
6662,0,0.011118,667.747
6663,0,0.0108756,667.847
6664,0,0.0106316,667.948
6665,0,0.0103866,668.048
6666,0,0.010141,668.148
6667,0,0.00989507,668.249
6668,0,0.00964932,668.349
6669,0,0.00940404,668.449
6670,0,0.00915955,668.55
6671,0,0.00891616,668.65
6672,0,0.00867412,668.75
6673,0,0.00843371,668.851
6674,0,0.00819516,668.951
6675,0,0.00795872,669.051
6676,0,0.0077246,669.151
6677,0,0.00749302,669.251
6678,0,0.00726419,669.352
6679,0,0.00703831,669.452
6680,0,0.00681557,669.552
6681,0,0.00659617,669.652
6682,0,0.00638029,669.752
6683,0,0.00616811,669.853
6684,0,0.00595984,669.953
6685,0,0.00575564,670.053
6686,0,0.0055557,670.153
6687,0,0.00536021,670.253
6688,0,0.00516935,670.353
6689,0,0.00498331,670.453
6690,0,0.00480229,670.553
6691,0,0.00462648,670.654
6692,0,0.00445607,670.754
6693,0,0.00429128,670.854
6694,0,0.00413232,670.954
6695,0,0.00397939,671.054
6696,0,0.00383274,671.154
6697,0,0.00369259,671.254
6698,0,0.0035592,671.354
6699,0,0.0034328,671.454
6700,0,0.00331367,671.554
6701,0,0.00320209,671.654
6702,0,0.00309836,671.754
6703,0,0.00300278,671.854
6704,0,0.00291568,671.954
6705,0,0.0028374,672.054
6706,0,0.00276832,672.154
6707,0,0.00270882,672.254
6708,0,0.00265933,672.354
6709,0,0.00262028,672.454
6710,0,0.00259215,672.554
6711,0,0.00257545,672.654
6712,0,0.00257073,672.754
6713,0,0.00257858,672.854
6714,0,0.00259964,672.953
6715,0,0.0026346,673.053
6716,0,0.00268421,673.153
6717,0,0.00274928,673.253
6718,0,0.0028307,673.353
6719,0,0.00292944,673.453
6720,0,0.00304656,673.553
6721,0,0.00318322,673.653
6722,0,0.00334069,673.753
6723,0,0.00352036,673.852
6724,0,0.00372378,673.952
6725,0,0.00395262,674.052
6726,0,0.00420874,674.152
6727,0,0.00449412,674.252
6728,0,0.00481095,674.352
6729,0,0.00516151,674.452
6730,0,0.00554821,674.552
6731,0,0.00597342,674.651
6732,0,0.00643933,674.751
6733,0,0.00694763,674.851
6734,0,0.00749902,674.951
6735,0,0.00809244,675.051
6736,0,0.00872399,675.151
6737,0,0.00938564,675.252
6738,0,0.010064,675.352
6739,0,0.01074,675.452
6740,0,0.0113904,675.553
6741,0,0.0119917,675.654
6742,0,0.0125243,675.754
6743,0,0.0129764,675.855
6744,0,0.0133445,675.956
6745,0,0.0136313,676.056
6746,0,0.0138433,676.157
6747,0,0.0139889,676.258
6748,0,0.0140766,676.359
6749,0,0.0141146,676.459
6750,0,0.0141099,676.56
6751,0,0.0140689,676.661
6752,0,0.0139968,676.762
6753,0,0.0138982,676.862
6754,0,0.0137769,676.963
6755,0,0.0136362,677.064
6756,0,0.0134787,677.164
6757,0,0.0133069,677.265
6758,0,0.0131228,677.365
6759,0,0.0129281,677.466
6760,0,0.0127244,677.566
6761,0,0.0125128,677.667
6762,0,0.0122947,677.767
6763,0,0.0120709,677.868
6764,0,0.0118424,677.968
6765,0,0.0116099,678.069
6766,0,0.0113741,678.169
6767,0,0.0111358,678.269
6768,0,0.0108954,678.37
6769,0,0.0106534,678.47
6770,0,0.0104104,678.571
6771,0,0.0101667,678.671
6772,0,0.00992272,678.771
6773,0,0.00967886,678.872
6774,0,0.00943542,678.972
6775,0,0.00919272,679.072
6776,0,0.00895105,679.172
6777,0,0.00871068,679.273
6778,0,0.00847186,679.373
6779,0,0.00823485,679.473
6780,0,0.00799986,679.574
6781,0,0.00776713,679.674
6782,0,0.00753687,679.774
6783,0,0.00730928,679.874
6784,0,0.00708457,679.974
6785,0,0.00686294,680.075
6786,0,0.00664456,680.175
6787,0,0.00642965,680.275
6788,0,0.00621837,680.375
6789,0,0.00601092,680.475
6790,0,0.00580749,680.575
6791,0,0.00560825,680.676
6792,0,0.00541341,680.776
6793,0,0.00522314,680.876
6794,0,0.00503764,680.976
6795,0,0.0048571,681.076
6796,0,0.00468172,681.176
6797,0,0.00451171,681.276
6798,0,0.00434727,681.376
6799,0,0.00418863,681.476
6800,0,0.004036,681.576
6801,0,0.00388961,681.676
6802,0,0.00374971,681.776
6803,0,0.00361654,681.876
6804,0,0.00349037,681.976
6805,0,0.00337148,682.076
6806,0,0.00326013,682.177
6807,0,0.00315665,682.276
6808,0,0.00306135,682.376
6809,0,0.00297456,682.476
6810,0,0.00289664,682.576
6811,0,0.00282797,682.676
6812,0,0.00276897,682.776
6813,0,0.00272004,682.876
6814,0,0.00268167,682.976
6815,0,0.00265433,683.076
6816,0,0.00263856,683.176
6817,0,0.00263493,683.276
6818,0,0.00264406,683.376
6819,0,0.00266661,683.476
6820,0,0.0027033,683.576
6821,0,0.00275492,683.676
6822,0,0.00282231,683.776
6823,0,0.00290641,683.876
6824,0,0.00300823,683.975
6825,0,0.00312889,684.075
6826,0,0.00326961,684.175
6827,0,0.00343173,684.275
6828,0,0.00361673,684.375
6829,0,0.00382622,684.475
6830,0,0.004062,684.575
6831,0,0.00432599,684.674
6832,0,0.00462033,684.774
6833,0,0.00494728,684.874
6834,0,0.00530925,684.974
6835,0,0.00570871,685.074
6836,0,0.00614806,685.174
6837,0,0.00662943,685.274
6838,0,0.00715423,685.374
6839,0,0.00772262,685.474
6840,0,0.00833255,685.574
6841,0,0.00897858,685.674
6842,0,0.00965048,685.774
6843,0,0.0103324,685.875
6844,0,0.011003,685.975
6845,0,0.0116383,686.076
6846,0,0.012216,686.176
6847,0,0.0127197,686.277
6848,0,0.0131411,686.378
6849,0,0.0134795,686.478
6850,0,0.0137396,686.579
6851,0,0.0139287,686.68
6852,0,0.0140554,686.781
6853,0,0.0141278,686.882
6854,0,0.0141536,686.982
6855,0,0.0141395,687.083
6856,0,0.0140913,687.184
6857,0,0.0140138,687.284
6858,0,0.0139114,687.385
6859,0,0.0137874,687.486
6860,0,0.013645,687.586
6861,0,0.0134867,687.687
6862,0,0.0133147,687.787
6863,0,0.0131309,687.888
6864,0,0.0129369,687.989
6865,0,0.0127342,688.089
6866,0,0.012524,688.19
6867,0,0.0123073,688.29
6868,0,0.0120852,688.391
6869,0,0.0118585,688.491
6870,0,0.0116278,688.591
6871,0,0.011394,688.692
6872,0,0.0111576,688.792
6873,0,0.0109191,688.893
6874,0,0.0106791,688.993
6875,0,0.010438,689.093
6876,0,0.0101962,689.194
6877,0,0.00995411,689.294
6878,0,0.00971206,689.394
6879,0,0.00947038,689.495
6880,0,0.00922939,689.595
6881,0,0.00898936,689.695
6882,0,0.00875057,689.795
6883,0,0.00851326,689.896
6884,0,0.00827769,689.996
6885,0,0.00804408,690.096
6886,0,0.00781265,690.196
6887,0,0.00758362,690.297
6888,0,0.00735719,690.397
6889,0,0.00713357,690.497
6890,0,0.00691295,690.597
6891,0,0.00669553,690.697
6892,0,0.00648149,690.797
6893,0,0.00627103,690.898
6894,0,0.00606433,690.998
6895,0,0.00586158,691.098
6896,0,0.00566298,691.198
6897,0,0.0054687,691.298
6898,0,0.00527894,691.398
6899,0,0.00509391,691.498
6900,0,0.00491378,691.599
6901,0,0.00473878,691.699
6902,0,0.00456909,691.799
6903,0,0.00440495,691.899
6904,0,0.00424657,691.999
6905,0,0.00409417,692.099
6906,0,0.003948,692.199
6907,0,0.00380829,692.299
6908,0,0.00367531,692.399
6909,0,0.00354932,692.499
6910,0,0.00343061,692.599
6911,0,0.00331947,692.699
6912,0,0.00321621,692.799
6913,0,0.00312116,692.899
6914,0,0.00303467,692.999
6915,0,0.0029571,693.099
6916,0,0.00288885,693.199
6917,0,0.00283034,693.299
6918,0,0.002782,693.399
6919,0,0.00274433,693.499
6920,0,0.00271783,693.599
6921,0,0.00270305,693.699
6922,0,0.00270058,693.799
6923,0,0.00271108,693.898
6924,0,0.00273522,693.998
6925,0,0.00277377,694.098
6926,0,0.00282755,694.198
6927,0,0.00289744,694.298
6928,0,0.00298443,694.398
6929,0,0.00308958,694.498
6930,0,0.00321407,694.598
6931,0,0.00335919,694.698
6932,0,0.00352636,694.797
6933,0,0.00371712,694.897
6934,0,0.00393321,694.997
6935,0,0.0041765,695.097
6936,0,0.00444904,695.197
6937,0,0.00475309,695.297
6938,0,0.00509101,695.396
6939,0,0.00546533,695.496
6940,0,0.00587857,695.596
6941,0,0.00633314,695.696
6942,0,0.00683098,695.796
6943,0,0.00737317,695.896
6944,0,0.00795911,695.996
6945,0,0.00858549,696.096
6946,0,0.00924498,696.196
6947,0,0.0099249,696.297
6948,0,0.0106068,696.397
6949,0,0.0112678,696.498
6950,0,0.0118838,696.598
6951,0,0.0124348,696.699
6952,0,0.0129079,696.799
6953,0,0.0132982,696.9
6954,0,0.0136077,697.001
6955,0,0.0138423,697.102
6956,0,0.0140099,697.203
6957,0,0.0141188,697.303
6958,0,0.014177,697.404
6959,0,0.0141916,697.505
6960,0,0.0141688,697.606
6961,0,0.0141139,697.706
6962,0,0.0140316,697.807
6963,0,0.0139256,697.908
6964,0,0.0137993,698.008
6965,0,0.0136555,698.109
6966,0,0.0134965,698.209
6967,0,0.0133244,698.31
6968,0,0.013141,698.41
6969,0,0.0129479,698.511
6970,0,0.0127462,698.612
6971,0,0.0125374,698.712
6972,0,0.0123222,698.812
6973,0,0.0121018,698.913
6974,0,0.0118768,699.013
6975,0,0.011648,699.114
6976,0,0.0114161,699.214
6977,0,0.0111816,699.315
6978,0,0.0109451,699.415
6979,0,0.010707,699.515
6980,0,0.0104678,699.616
6981,0,0.0102279,699.716
6982,0,0.00998762,699.816
6983,0,0.00974736,699.917
6984,0,0.00950742,700.017
6985,0,0.00926811,700.117
6986,0,0.00902969,700.218
6987,0,0.00879245,700.318
6988,0,0.00855662,700.418
6989,0,0.00832246,700.518
6990,0,0.00809019,700.619
6991,0,0.00786003,700.719
6992,0,0.00763219,700.819
6993,0,0.00740689,700.919
6994,0,0.00718431,701.019
6995,0,0.00696467,701.12
6996,0,0.00674815,701.22
6997,0,0.00653495,701.32
6998,0,0.00632526,701.42
6999,0,0.00611926,701.52
7000,0,0.00591715,701.62
7001,0,0.00571911,701.721
7002,0,0.00552535,701.821
7003,0,0.00533605,701.921
7004,0,0.00515141,702.021
7005,0,0.00497163,702.121
7006,0,0.00479692,702.221
7007,0,0.0046275,702.321
7008,0,0.00446357,702.421
7009,0,0.00430536,702.521
7010,0,0.00415311,702.621
7011,0,0.00400706,702.721
7012,0,0.00386745,702.821
7013,0,0.00373456,702.921
7014,0,0.00360865,703.021
7015,0,0.00349002,703.121
7016,0,0.00337896,703.221
7017,0,0.0032758,703.321
7018,0,0.00318087,703.421
7019,0,0.00309454,703.521
7020,0,0.00301718,703.621
7021,0,0.00294919,703.721
7022,0,0.00289102,703.821
7023,0,0.00284311,703.921
7024,0,0.00280597,704.021
7025,0,0.00278012,704.121
7026,0,0.00276613,704.221
7027,0,0.00276463,704.321
7028,0,0.00277628,704.421
7029,0,0.00280181,704.521
7030,0,0.00284199,704.621
7031,0,0.00289769,704.721
7032,0,0.00296984,704.82
7033,0,0.00305947,704.92
7034,0,0.00316769,705.02
7035,0,0.00329575,705.12
7036,0,0.00344499,705.22
7037,0,0.00361691,705.32
7038,0,0.00381316,705.42
7039,0,0.00403555,705.519
7040,0,0.00428606,705.619
7041,0,0.00456686,705.719
7042,0,0.00488031,705.819
7043,0,0.0052289,705.919
7044,0,0.00561524,706.019
7045,0,0.0060419,706.119
7046,0,0.00651124,706.219
7047,0,0.007025,706.319
7048,0,0.00758378,706.419
7049,0,0.00818609,706.519
7050,0,0.00882721,706.619
7051,0,0.00949775,706.719
7052,0,0.0101826,706.819
7053,0,0.0108612,706.92
7054,0,0.0115095,707.02
7055,0,0.0121046,707.121
7056,0,0.0126291,707.221
7057,0,0.0130734,707.322
7058,0,0.0134358,707.423
7059,0,0.0137198,707.524
7060,0,0.0139325,707.624
7061,0,0.0140819,707.725
7062,0,0.0141761,707.826
7063,0,0.0142226,707.927
7064,0,0.0142281,708.027
7065,0,0.0141983,708.128
7066,0,0.0141383,708.229
7067,0,0.0140522,708.329
7068,0,0.0139437,708.43
7069,0,0.0138158,708.531
7070,0,0.0136712,708.631
7071,0,0.0135121,708.732
7072,0,0.0133403,708.833
7073,0,0.0131577,708.933
7074,0,0.0129656,709.034
7075,0,0.0127653,709.134
7076,0,0.012558,709.235
7077,0,0.0123445,709.335
7078,0,0.0121258,709.435
7079,0,0.0119027,709.536
7080,0,0.0116758,709.636
7081,0,0.0114459,709.737
7082,0,0.0112133,709.837
7083,0,0.0109787,709.938
7084,0,0.0107425,710.038
7085,0,0.0105052,710.138
7086,0,0.0102671,710.239
7087,0,0.0100286,710.339
7088,0,0.0097901,710.439
7089,0,0.00955183,710.54
7090,0,0.00931412,710.64
7091,0,0.00907723,710.74
7092,0,0.00884145,710.84
7093,0,0.00860702,710.941
7094,0,0.00837416,711.041
7095,0,0.00814313,711.141
7096,0,0.00791413,711.241
7097,0,0.00768737,711.342
7098,0,0.00746307,711.442
7099,0,0.00724143,711.542
7100,0,0.00702264,711.642
7101,0,0.0068069,711.742
7102,0,0.0065944,711.842
7103,0,0.00638534,711.943
7104,0,0.00617991,712.043
7105,0,0.00597829,712.143
7106,0,0.00578068,712.243
7107,0,0.00558728,712.343
7108,0,0.00539828,712.443
7109,0,0.00521389,712.543
7110,0,0.0050343,712.643
7111,0,0.00485973,712.744
7112,0,0.00469039,712.844
7113,0,0.00452651,712.944
7114,0,0.00436831,713.044
7115,0,0.00421603,713.144
7116,0,0.00406991,713.244
7117,0,0.00393023,713.344
7118,0,0.00379723,713.444
7119,0,0.00367121,713.544
7120,0,0.00355245,713.644
7121,0,0.00344128,713.744
7122,0,0.00333802,713.844
7123,0,0.00324301,713.944
7124,0,0.00315662,714.044
7125,0,0.00307925,714.144
7126,0,0.00301131,714.244
7127,0,0.00295324,714.344
7128,0,0.00290553,714.444
7129,0,0.00286869,714.544
7130,0,0.00284325,714.644
7131,0,0.00282982,714.744
7132,0,0.00282904,714.844
7133,0,0.0028416,714.943
7134,0,0.00286825,715.043
7135,0,0.00290982,715.143
7136,0,0.00296719,715.243
7137,0,0.00304134,715.343
7138,0,0.00313335,715.443
7139,0,0.00324439,715.543
7140,0,0.00337575,715.643
7141,0,0.00352887,715.742
7142,0,0.00370532,715.842
7143,0,0.00390682,715.942
7144,0,0.00413528,716.042
7145,0,0.00439281,716.142
7146,0,0.00468168,716.242
7147,0,0.00500435,716.342
7148,0,0.00536345,716.441
7149,0,0.00576164,716.541
7150,0,0.00620153,716.641
7151,0,0.00668538,716.741
7152,0,0.00721468,716.841
7153,0,0.00778941,716.941
7154,0,0.00840706,717.041
7155,0,0.0090613,717.141
7156,0,0.0097406,717.242
7157,0,0.0104275,717.342
7158,0,0.0110997,717.442
7159,0,0.0117329,717.543
7160,0,0.0123059,717.644
7161,0,0.0128043,717.744
7162,0,0.0132218,717.845
7163,0,0.0135587,717.946
7164,0,0.0138203,718.047
7165,0,0.014014,718.147
7166,0,0.0141477,718.248
7167,0,0.0142293,718.349
7168,0,0.014266,718.45
7169,0,0.0142639,718.55
7170,0,0.0142284,718.651
7171,0,0.0141643,718.752
7172,0,0.0140754,718.852
7173,0,0.013965,718.953
7174,0,0.0138362,719.054
7175,0,0.0136912,719.154
7176,0,0.0135323,719.255
7177,0,0.0133612,719.355
7178,0,0.0131796,719.456
7179,0,0.0129887,719.556
7180,0,0.0127899,719.657
7181,0,0.0125842,719.757
7182,0,0.0123725,719.858
7183,0,0.0121556,719.958
7184,0,0.0119344,720.059
7185,0,0.0117095,720.159
7186,0,0.0114814,720.259
7187,0,0.0112508,720.36
7188,0,0.0110181,720.46
7189,0,0.0107838,720.561
7190,0,0.0105483,720.661
7191,0,0.010312,720.761
7192,0,0.0100752,720.862
7193,0,0.00983833,720.962
7194,0,0.00960165,721.062
7195,0,0.00936546,721.163
7196,0,0.00913004,721.263
7197,0,0.00889563,721.363
7198,0,0.00866249,721.463
7199,0,0.00843087,721.564
7200,0,0.00820098,721.664
7201,0,0.00797304,721.764
7202,0,0.00774727,721.864
7203,0,0.00752388,721.964
7204,0,0.00730306,722.065
7205,0,0.00708503,722.165
7206,0,0.00686996,722.265
7207,0,0.00665807,722.365
7208,0,0.00644953,722.465
7209,0,0.00624455,722.565
7210,0,0.00604332,722.666
7211,0,0.00584604,722.766
7212,0,0.00565289,722.866
7213,0,0.00546408,722.966
7214,0,0.00527982,723.066
7215,0,0.00510031,723.166
7216,0,0.00492577,723.266
7217,0,0.00475641,723.366
7218,0,0.00459246,723.466
7219,0,0.00443415,723.566
7220,0,0.00428173,723.667
7221,0,0.00413545,723.767
7222,0,0.00399556,723.867
7223,0,0.00386235,723.967
7224,0,0.0037361,724.067
7225,0,0.00361712,724.167
7226,0,0.00350572,724.267
7227,0,0.00340224,724.367
7228,0,0.00330704,724.467
7229,0,0.00322049,724.567
7230,0,0.00314301,724.667
7231,0,0.00307501,724.767
7232,0,0.00301696,724.867
7233,0,0.00296935,724.966
7234,0,0.0029327,725.066
7235,0,0.0029076,725.166
7236,0,0.00289464,725.266
7237,0,0.0028945,725.366
7238,0,0.0029079,725.466
7239,0,0.00293562,725.566
7240,0,0.00297852,725.666
7241,0,0.00303752,725.766
7242,0,0.00311366,725.866
7243,0,0.00320805,725.965
7244,0,0.00332193,726.065
7245,0,0.00345665,726.165
7246,0,0.00361372,726.265
7247,0,0.0037948,726.365
7248,0,0.0040017,726.465
7249,0,0.00423644,726.565
7250,0,0.00450123,726.664
7251,0,0.00479847,726.764
7252,0,0.00513073,726.864
7253,0,0.00550074,726.964
7254,0,0.00591125,727.064
7255,0,0.00636484,727.164
7256,0,0.00686364,727.264
7257,0,0.00740876,727.364
7258,0,0.00799943,727.464
7259,0,0.00863191,727.564
7260,0,0.00929801,727.664
7261,0,0.00998391,727.764
7262,0,0.0106699,727.865
7263,0,0.0113325,727.965
7264,0,0.011948,728.066
7265,0,0.0124974,728.166
7266,0,0.0129695,728.267
7267,0,0.0133608,728.368
7268,0,0.0136738,728.469
7269,0,0.0139146,728.569
7270,0,0.0140908,728.67
7271,0,0.0142103,728.771
7272,0,0.0142806,728.872
7273,0,0.0143085,728.972
7274,0,0.0142996,729.073
7275,0,0.0142592,729.174
7276,0,0.0141915,729.274
7277,0,0.0141002,729.375
7278,0,0.0139884,729.476
7279,0,0.0138588,729.576
7280,0,0.0137137,729.677
7281,0,0.0135552,729.777
7282,0,0.0133849,729.878
7283,0,0.0132044,729.979
7284,0,0.0130149,730.079
7285,0,0.0128176,730.18
7286,0,0.0126135,730.28
7287,0,0.0124036,730.38
7288,0,0.0121886,730.481
7289,0,0.0119693,730.581
7290,0,0.0117463,730.682
7291,0,0.0115201,730.782
7292,0,0.0112914,730.883
7293,0,0.0110606,730.983
7294,0,0.0108281,731.083
7295,0,0.0105944,731.184
7296,0,0.0103599,731.284
7297,0,0.0101248,731.384
7298,0,0.0098896,731.485
7299,0,0.00965449,731.585
7300,0,0.0094198,731.685
7301,0,0.00918579,731.786
7302,0,0.00895272,731.886
7303,0,0.00872085,731.986
7304,0,0.00849041,732.086
7305,0,0.00826162,732.187
7306,0,0.00803471,732.287
7307,0,0.00780989,732.387
7308,0,0.00758735,732.487
7309,0,0.00736732,732.587
7310,0,0.00714999,732.688
7311,0,0.00693555,732.788
7312,0,0.0067242,732.888
7313,0,0.00651614,732.988
7314,0,0.00631156,733.088
7315,0,0.00611066,733.188
7316,0,0.00591363,733.288
7317,0,0.00572067,733.389
7318,0,0.00553199,733.489
7319,0,0.0053478,733.589
7320,0,0.0051683,733.689
7321,0,0.0049937,733.789
7322,0,0.00482424,733.889
7323,0,0.00466015,733.989
7324,0,0.00450165,734.089
7325,0,0.004349,734.189
7326,0,0.00420245,734.289
7327,0,0.00406228,734.389
7328,0,0.00392875,734.489
7329,0,0.00380218,734.589
7330,0,0.00368286,734.689
7331,0,0.00357113,734.789
7332,0,0.00346733,734.889
7333,0,0.00337182,734.989
7334,0,0.003285,735.089
7335,0,0.00320727,735.189
7336,0,0.00313909,735.289
7337,0,0.00308093,735.389
7338,0,0.00303329,735.489
7339,0,0.00299672,735.589
7340,0,0.0029718,735.689
7341,0,0.00295919,735.789
7342,0,0.00295955,735.889
7343,0,0.00297366,735.989
7344,0,0.00300231,736.089
7345,0,0.0030464,736.188
7346,0,0.0031069,736.288
7347,0,0.00318488,736.388
7348,0,0.00328152,736.488
7349,0,0.00339811,736.588
7350,0,0.00353607,736.688
7351,0,0.00369699,736.788
7352,0,0.00388259,736.887
7353,0,0.00409481,736.987
7354,0,0.00433577,737.087
7355,0,0.00460778,737.187
7356,0,0.00491336,737.287
7357,0,0.00525522,737.387
7358,0,0.00563616,737.487
7359,0,0.00605899,737.586
7360,0,0.00652627,737.686
7361,0,0.0070399,737.786
7362,0,0.00760052,737.886
7363,0,0.00820649,737.986
7364,0,0.00885262,738.086
7365,0,0.00952875,738.187
7366,0,0.0102188,738.287
7367,0,0.0109011,738.387
7368,0,0.0115515,738.488
7369,0,0.0121478,738.588
7370,0,0.0126735,738.689
7371,0,0.0131204,738.79
7372,0,0.0134874,738.891
7373,0,0.0137787,738.991
7374,0,0.0140008,739.092
7375,0,0.0141616,739.193
7376,0,0.0142687,739.294
7377,0,0.0143292,739.394
7378,0,0.0143495,739.495
7379,0,0.0143349,739.596
7380,0,0.0142903,739.697
7381,0,0.0142196,739.797
7382,0,0.0141264,739.898
7383,0,0.0140135,739.998
7384,0,0.0138835,740.099
7385,0,0.0137386,740.2
7386,0,0.0135806,740.3
7387,0,0.0134113,740.401
7388,0,0.0132319,740.501
7389,0,0.0130438,740.602
7390,0,0.0128481,740.702
7391,0,0.0126457,740.803
7392,0,0.0124375,740.903
7393,0,0.0122244,741.004
7394,0,0.0120069,741.104
7395,0,0.0117857,741.204
7396,0,0.0115614,741.305
7397,0,0.0113346,741.405
7398,0,0.0111056,741.506
7399,0,0.0108749,741.606
7400,0,0.0106429,741.706
7401,0,0.0104101,741.807
7402,0,0.0101766,741.907
7403,0,0.00994294,742.007
7404,0,0.00970931,742.108
7405,0,0.00947602,742.208
7406,0,0.00924334,742.308
7407,0,0.00901154,742.409
7408,0,0.00878085,742.509
7409,0,0.00855151,742.609
7410,0,0.00832374,742.709
7411,0,0.00809777,742.809
7412,0,0.0078738,742.91
7413,0,0.00765206,743.01
7414,0,0.00743273,743.11
7415,0,0.00721602,743.21
7416,0,0.00700214,743.31
7417,0,0.00679126,743.411
7418,0,0.00658361,743.511
7419,0,0.00637936,743.611
7420,0,0.00617872,743.711
7421,0,0.00598188,743.811
7422,0,0.00578906,743.911
7423,0,0.00560045,744.011
7424,0,0.00541626,744.111
7425,0,0.00523671,744.212
7426,0,0.00506202,744.312
7427,0,0.00489241,744.412
7428,0,0.00472812,744.512
7429,0,0.0045694,744.612
7430,0,0.00441648,744.712
7431,0,0.00426964,744.812
7432,0,0.00412914,744.912
7433,0,0.00399528,745.012
7434,0,0.00386836,745.112
7435,0,0.00374869,745.212
7436,0,0.00363661,745.312
7437,0,0.00353248,745.412
7438,0,0.00343666,745.512
7439,0,0.00334957,745.612
7440,0,0.00327162,745.712
7441,0,0.00320327,745.812
7442,0,0.00314502,745.912
7443,0,0.00309738,746.012
7444,0,0.00306093,746.112
7445,0,0.00303626,746.212
7446,0,0.00302405,746.311
7447,0,0.003025,746.411
7448,0,0.0030399,746.511
7449,0,0.00306959,746.611
7450,0,0.003115,746.711
7451,0,0.00317716,746.811
7452,0,0.00325717,746.911
7453,0,0.00335627,747.011
7454,0,0.00347582,747.11
7455,0,0.00361731,747.21
7456,0,0.0037824,747.31
7457,0,0.00397292,747.41
7458,0,0.00419091,747.51
7459,0,0.00443859,747.61
7460,0,0.0047184,747.71
7461,0,0.00503299,747.809
7462,0,0.00538517,747.909
7463,0,0.00577786,748.009
7464,0,0.00621387,748.109
7465,0,0.00669568,748.209
7466,0,0.0072249,748.309
7467,0,0.00780153,748.409
7468,0,0.00842284,748.509
7469,0,0.00908195,748.609
7470,0,0.00976647,748.709
7471,0,0.010458,748.81
7472,0,0.0111335,748.91
7473,0,0.0117688,749.011
7474,0,0.0123435,749.111
7475,0,0.0128444,749.212
7476,0,0.0132659,749.313
7477,0,0.0136094,749.413
7478,0,0.0138798,749.514
7479,0,0.0140843,749.615
7480,0,0.0142306,749.716
7481,0,0.0143261,749.816
7482,0,0.0143775,749.917
7483,0,0.0143907,750.018
7484,0,0.0143709,750.119
7485,0,0.0143224,750.219
7486,0,0.0142491,750.32
7487,0,0.0141542,750.421
7488,0,0.0140404,750.521
7489,0,0.0139102,750.622
7490,0,0.0137655,750.722
7491,0,0.0136082,750.823
7492,0,0.0134398,750.923
7493,0,0.0132617,751.024
7494,0,0.0130751,751.124
7495,0,0.0128809,751.225
7496,0,0.0126803,751.325
7497,0,0.0124739,751.426
7498,0,0.0122626,751.526
7499,0,0.012047,751.627
7500,0,0.0118277,751.727
7501,0,0.0116053,751.828
7502,0,0.0113803,751.928
7503,0,0.0111531,752.028
7504,0,0.0109242,752.129
7505,0,0.010694,752.229
7506,0,0.0104628,752.329
7507,0,0.010231,752.43
7508,0,0.00999887,752.53
7509,0,0.00976673,752.63
7510,0,0.00953485,752.731
7511,0,0.00930351,752.831
7512,0,0.00907296,752.931
7513,0,0.00884344,753.031
7514,0,0.00861519,753.132
7515,0,0.00838844,753.232
7516,0,0.0081634,753.332
7517,0,0.00794029,753.432
7518,0,0.00771931,753.532
7519,0,0.00750066,753.633
7520,0,0.00728456,753.733
7521,0,0.0070712,753.833
7522,0,0.00686078,753.933
7523,0,0.00665349,754.033
7524,0,0.00644953,754.133
7525,0,0.00624911,754.234
7526,0,0.00605243,754.334
7527,0,0.00585969,754.434
7528,0,0.00567109,754.534
7529,0,0.00548685,754.634
7530,0,0.00530719,754.734
7531,0,0.00513233,754.834
7532,0,0.0049625,754.934
7533,0,0.00479794,755.034
7534,0,0.00463889,755.134
7535,0,0.00448561,755.234
7536,0,0.00433837,755.334
7537,0,0.00419744,755.435
7538,0,0.00406313,755.535
7539,0,0.00393573,755.635
7540,0,0.00381558,755.735
7541,0,0.00370301,755.835
7542,0,0.00359839,755.935
7543,0,0.00350211,756.034
7544,0,0.00341457,756.134
7545,0,0.00333622,756.234
7546,0,0.00326752,756.334
7547,0,0.00320897,756.434
7548,0,0.00316112,756.534
7549,0,0.00312455,756.634
7550,0,0.00309989,756.734
7551,0,0.00308783,756.834
7552,0,0.0030891,756.934
7553,0,0.00310451,757.034
7554,0,0.00313495,757.134
7555,0,0.00318138,757.234
7556,0,0.00324486,757.333
7557,0,0.00332656,757.433
7558,0,0.00342777,757.533
7559,0,0.0035499,757.633
7560,0,0.00369452,757.733
7561,0,0.00386338,757.833
7562,0,0.0040584,757.933
7563,0,0.00428171,758.032
7564,0,0.00453565,758.132
7565,0,0.00482279,758.232
7566,0,0.0051459,758.332
7567,0,0.0055079,758.432
7568,0,0.00591177,758.532
7569,0,0.00636034,758.632
7570,0,0.00685595,758.732
7571,0,0.00739985,758.831
7572,0,0.00799133,758.932
7573,0,0.00862643,759.032
7574,0,0.00929649,759.132
7575,0,0.00998696,759.232
7576,0,0.0106775,759.332
7577,0,0.011344,759.433
7578,0,0.0119633,759.533
7579,0,0.0125171,759.634
7580,0,0.0129949,759.735
7581,0,0.0133939,759.835
7582,0,0.0137168,759.936
7583,0,0.0139694,760.037
7584,0,0.0141591,760.138
7585,0,0.0142934,760.239
7586,0,0.0143794,760.339
7587,0,0.0144235,760.44
7588,0,0.0144312,760.541
7589,0,0.0144074,760.641
7590,0,0.0143561,760.742
7591,0,0.014281,760.843
7592,0,0.0141851,760.943
7593,0,0.014071,761.044
7594,0,0.013941,761.145
7595,0,0.013797,761.245
7596,0,0.0136406,761.346
7597,0,0.0134735,761.446
7598,0,0.0132968,761.547
7599,0,0.0131117,761.647
7600,0,0.0129193,761.748
7601,0,0.0127205,761.848
7602,0,0.012516,761.949
7603,0,0.0123065,762.049
7604,0,0.0120928,762.149
7605,0,0.0118754,762.25
7606,0,0.0116549,762.35
7607,0,0.0114317,762.451
7608,0,0.0112064,762.551
7609,0,0.0109792,762.651
7610,0,0.0107507,762.752
7611,0,0.0105211,762.852
7612,0,0.0102908,762.952
7613,0,0.0100602,763.053
7614,0,0.00982944,763.153
7615,0,0.00959889,763.253
7616,0,0.00936879,763.354
7617,0,0.0091394,763.454
7618,0,0.00891097,763.554
7619,0,0.00868372,763.654
7620,0,0.00845788,763.755
7621,0,0.00823367,763.855
7622,0,0.0080113,763.955
7623,0,0.00779098,764.055
7624,0,0.00757292,764.155
7625,0,0.00735732,764.256
7626,0,0.00714438,764.356
7627,0,0.00693429,764.456
7628,0,0.00672726,764.556
7629,0,0.0065235,764.656
7630,0,0.00632319,764.756
7631,0,0.00612654,764.856
7632,0,0.00593377,764.957
7633,0,0.00574507,765.057
7634,0,0.00556068,765.157
7635,0,0.0053808,765.257
7636,0,0.00520566,765.357
7637,0,0.00503549,765.457
7638,0,0.00487055,765.557
7639,0,0.00471107,765.657
7640,0,0.00455732,765.757
7641,0,0.00440958,765.857
7642,0,0.00426812,765.957
7643,0,0.00413325,766.057
7644,0,0.00400528,766.157
7645,0,0.00388454,766.257
7646,0,0.00377139,766.357
7647,0,0.00366619,766.457
7648,0,0.00356935,766.557
7649,0,0.00348128,766.657
7650,0,0.00340244,766.757
7651,0,0.00333331,766.857
7652,0,0.0032744,766.957
7653,0,0.00322628,767.057
7654,0,0.00318954,767.157
7655,0,0.00316485,767.257
7656,0,0.0031529,767.357
7657,0,0.00315446,767.457
7658,0,0.00317038,767.557
7659,0,0.00320158,767.656
7660,0,0.00324905,767.756
7661,0,0.00331391,767.856
7662,0,0.00339737,767.956
7663,0,0.00350078,768.056
7664,0,0.00362563,768.156
7665,0,0.00377357,768.255
7666,0,0.00394642,768.355
7667,0,0.00414621,768.455
7668,0,0.00437517,768.555
7669,0,0.00463578,768.655
7670,0,0.00493072,768.755
7671,0,0.00526289,768.855
7672,0,0.00563531,768.954
7673,0,0.00605103,769.054
7674,0,0.00651286,769.154
7675,0,0.00702293,769.254
7676,0,0.00758201,769.354
7677,0,0.00818849,769.454
7678,0,0.00883696,769.554
7679,0,0.00951678,769.654
7680,0,0.0102112,769.755
7681,0,0.010898,769.855
7682,0,0.011553,769.956
7683,0,0.0121541,770.056
7684,0,0.0126858,770.157
7685,0,0.0131405,770.258
7686,0,0.0135173,770.358
7687,0,0.0138204,770.459
7688,0,0.0140562,770.56
7689,0,0.0142319,770.661
7690,0,0.014355,770.761
7691,0,0.0144322,770.862
7692,0,0.0144694,770.963
7693,0,0.014472,771.063
7694,0,0.0144444,771.164
7695,0,0.0143906,771.265
7696,0,0.0143139,771.365
7697,0,0.0142171,771.466
7698,0,0.0141028,771.567
7699,0,0.013973,771.667
7700,0,0.0138296,771.768
7701,0,0.0136743,771.868
7702,0,0.0135084,771.969
7703,0,0.0133331,772.069
7704,0,0.0131497,772.17
7705,0,0.012959,772.27
7706,0,0.0127619,772.371
7707,0,0.0125592,772.471
7708,0,0.0123516,772.572
7709,0,0.0121398,772.672
7710,0,0.0119242,772.773
7711,0,0.0117055,772.873
7712,0,0.0114842,772.973
7713,0,0.0112606,773.074
7714,0,0.0110351,773.174
7715,0,0.0108082,773.274
7716,0,0.0105803,773.375
7717,0,0.0103515,773.475
7718,0,0.0101223,773.575
7719,0,0.00989295,773.676
7720,0,0.0096637,773.776
7721,0,0.00943483,773.876
7722,0,0.00920658,773.977
7723,0,0.0089792,774.077
7724,0,0.00875292,774.177
7725,0,0.00852797,774.277
7726,0,0.00830457,774.377
7727,0,0.00808292,774.478
7728,0,0.00786324,774.578
7729,0,0.00764574,774.678
7730,0,0.00743061,774.778
7731,0,0.00721806,774.878
7732,0,0.00700829,774.979
7733,0,0.0068015,775.079
7734,0,0.00659789,775.179
7735,0,0.00639766,775.279
7736,0,0.00620103,775.379
7737,0,0.0060082,775.479
7738,0,0.00581938,775.579
7739,0,0.00563479,775.679
7740,0,0.00545466,775.78
7741,0,0.00527921,775.88
7742,0,0.00510868,775.98
7743,0,0.00494332,776.08
7744,0,0.00478338,776.18
7745,0,0.00462913,776.28
7746,0,0.00448084,776.38
7747,0,0.00433881,776.48
7748,0,0.00420334,776.58
7749,0,0.00407476,776.68
7750,0,0.00395339,776.78
7751,0,0.00383961,776.88
7752,0,0.0037338,776.98
7753,0,0.00363635,777.08
7754,0,0.00354771,777.18
7755,0,0.00346833,777.28
7756,0,0.00339871,777.38
7757,0,0.00333939,777.48
7758,0,0.00329095,777.58
7759,0,0.003254,777.68
7760,0,0.00322921,777.779
7761,0,0.00321733,777.879
7762,0,0.00321915,777.979
7763,0,0.00323554,778.079
7764,0,0.00326745,778.179
7765,0,0.00331593,778.279
7766,0,0.00338214,778.379
7767,0,0.00346734,778.479
7768,0,0.00357296,778.578
7769,0,0.00370053,778.678
7770,0,0.0038518,778.778
7771,0,0.00402869,778.878
7772,0,0.00423331,778.978
7773,0,0.00446804,779.078
7774,0,0.00473544,779.178
7775,0,0.00503835,779.277
7776,0,0.00537977,779.377
7777,0,0.00576285,779.477
7778,0,0.00619066,779.577
7779,0,0.00666593,779.677
7780,0,0.00719054,779.777
7781,0,0.00776466,779.877
7782,0,0.00838561,779.977
7783,0,0.00904635,780.077
7784,0,0.00973414,780.177
7785,0,0.0104301,780.277
7786,0,0.0111108,780.378
7787,0,0.0117522,780.478
7788,0,0.0123341,780.579
7789,0,0.0128439,780.68
7790,0,0.0132763,780.78
7791,0,0.0136325,780.881
7792,0,0.0139174,780.982
7793,0,0.0141378,781.083
7794,0,0.0143011,781.183
7795,0,0.0144141,781.284
7796,0,0.0144835,781.385
7797,0,0.0145147,781.486
7798,0,0.0145129,781.586
7799,0,0.0144822,781.687
7800,0,0.0144262,781.788
7801,0,0.0143483,781.888
7802,0,0.0142509,781.989
7803,0,0.0141366,782.089
7804,0,0.0140073,782.19
7805,0,0.0138647,782.291
7806,0,0.0137104,782.391
7807,0,0.0135458,782.492
7808,0,0.0133721,782.592
7809,0,0.0131902,782.693
7810,0,0.0130012,782.793
7811,0,0.0128059,782.894
7812,0,0.0126051,782.994
7813,0,0.0123993,783.095
7814,0,0.0121893,783.195
7815,0,0.0119756,783.295
7816,0,0.0117587,783.396
7817,0,0.0115391,783.496
7818,0,0.0113173,783.596
7819,0,0.0110935,783.697
7820,0,0.0108682,783.797
7821,0,0.0106418,783.898
7822,0,0.0104145,783.998
7823,0,0.0101867,784.098
7824,0,0.00995866,784.198
7825,0,0.00973066,784.299
7826,0,0.00950295,784.399
7827,0,0.00927578,784.499
7828,0,0.0090494,784.6
7829,0,0.00882404,784.7
7830,0,0.00859992,784.8
7831,0,0.00837727,784.9
7832,0,0.00815629,785
7833,0,0.00793719,785.101
7834,0,0.00772018,785.201
7835,0,0.00750547,785.301
7836,0,0.00729325,785.401
7837,0,0.00708374,785.501
7838,0,0.00687712,785.602
7839,0,0.00667362,785.702
7840,0,0.00647342,785.802
7841,0,0.00627674,785.902
7842,0,0.00608379,786.002
7843,0,0.00589479,786.102
7844,0,0.00570996,786.202
7845,0,0.00552951,786.302
7846,0,0.0053537,786.402
7847,0,0.00518275,786.503
7848,0,0.00501691,786.603
7849,0,0.00485646,786.703
7850,0,0.00470164,786.803
7851,0,0.00455276,786.903
7852,0,0.00441011,787.003
7853,0,0.00427399,787.103
7854,0,0.00414474,787.203
7855,0,0.0040227,787.303
7856,0,0.00390824,787.403
7857,0,0.00380175,787.503
7858,0,0.00370366,787.603
7859,0,0.0036144,787.703
7860,0,0.00353444,787.803
7861,0,0.00346431,787.903
7862,0,0.00340455,788.003
7863,0,0.00335575,788.102
7864,0,0.00331857,788.202
7865,0,0.00329368,788.302
7866,0,0.00328186,788.402
7867,0,0.00328393,788.502
7868,0,0.0033008,788.602
7869,0,0.00333345,788.702
7870,0,0.00338299,788.802
7871,0,0.0034506,788.902
7872,0,0.00353763,789.001
7873,0,0.00364555,789.101
7874,0,0.00377599,789.201
7875,0,0.00393076,789.301
7876,0,0.00411189,789.401
7877,0,0.0043216,789.501
7878,0,0.00456238,789.601
7879,0,0.00483694,789.7
7880,0,0.00514823,789.8
7881,0,0.00549939,789.9
7882,0,0.00589363,790
7883,0,0.00633407,790.1
7884,0,0.0068233,790.2
7885,0,0.00736283,790.3
7886,0,0.00795208,790.4
7887,0,0.00858711,790.5
7888,0,0.00925905,790.6
7889,0,0.00995296,790.7
7890,0,0.010648,790.8
7891,0,0.01132,790.901
7892,0,0.0119458,791.001
7893,0,0.0125076,791.102
7894,0,0.0129952,791.203
7895,0,0.0134061,791.303
7896,0,0.0137426,791.404
7897,0,0.0140106,791.505
7898,0,0.0142169,791.606
7899,0,0.0143687,791.706
7900,0,0.0144727,791.807
7901,0,0.014535,791.908
7902,0,0.0145609,792.009
7903,0,0.0145552,792.109
7904,0,0.0145218,792.21
7905,0,0.0144641,792.311
7906,0,0.0143852,792.411
7907,0,0.0142875,792.512
7908,0,0.0141734,792.612
7909,0,0.0140447,792.713
7910,0,0.013903,792.814
7911,0,0.01375,792.914
7912,0,0.0135868,793.015
7913,0,0.0134146,793.115
7914,0,0.0132345,793.216
7915,0,0.0130473,793.316
7916,0,0.0128538,793.417
7917,0,0.0126548,793.517
7918,0,0.0124509,793.617
7919,0,0.0122428,793.718
7920,0,0.0120309,793.818
7921,0,0.0118158,793.919
7922,0,0.011598,794.019
7923,0,0.0113778,794.119
7924,0,0.0111557,794.22
7925,0,0.010932,794.32
7926,0,0.0107071,794.42
7927,0,0.0104813,794.521
7928,0,0.0102549,794.621
7929,0,0.0100281,794.721
7930,0,0.00980136,794.822
7931,0,0.00957478,794.922
7932,0,0.00934867,795.022
7933,0,0.00912325,795.122
7934,0,0.00889877,795.223
7935,0,0.00867544,795.323
7936,0,0.00845349,795.423
7937,0,0.00823313,795.523
7938,0,0.00801457,795.624
7939,0,0.00779801,795.724
7940,0,0.00758366,795.824
7941,0,0.00737172,795.924
7942,0,0.0071624,796.024
7943,0,0.0069559,796.124
7944,0,0.00675243,796.225
7945,0,0.0065522,796.325
7946,0,0.00635541,796.425
7947,0,0.00616227,796.525
7948,0,0.00597301,796.625
7949,0,0.00578785,796.725
7950,0,0.00560702,796.825
7951,0,0.00543076,796.925
7952,0,0.0052593,797.025
7953,0,0.0050929,797.125
7954,0,0.00493184,797.225
7955,0,0.00477637,797.326
7956,0,0.0046268,797.426
7957,0,0.00448342,797.526
7958,0,0.00434655,797.626
7959,0,0.00421653,797.726
7960,0,0.00409371,797.826
7961,0,0.00397847,797.926
7962,0,0.0038712,798.026
7963,0,0.00377235,798.126
7964,0,0.00368235,798.226
7965,0,0.00360171,798.326
7966,0,0.00353095,798.425
7967,0,0.00347063,798.525
7968,0,0.00342137,798.625
7969,0,0.00338383,798.725
7970,0,0.00335873,798.825
7971,0,0.00334686,798.925
7972,0,0.00334907,799.025
7973,0,0.00336631,799.125
7974,0,0.00339961,799.225
7975,0,0.0034501,799.324
7976,0,0.00351904,799.424
7977,0,0.00360783,799.524
7978,0,0.00371799,799.624
7979,0,0.00385126,799.724
7980,0,0.00400952,799.824
7981,0,0.0041949,799.924
7982,0,0.00440975,800.023
7983,0,0.00465667,800.123
7984,0,0.00493851,800.223
7985,0,0.00525835,800.323
7986,0,0.00561945,800.423
7987,0,0.0060251,800.523
7988,0,0.0064784,800.623
7989,0,0.00698175,800.722
7990,0,0.00753619,800.822
7991,0,0.00814025,800.922
7992,0,0.00878854,801.023
7993,0,0.00947022,801.123
7994,0,0.0101682,801.223
7995,0,0.01086,801.323
7996,0,0.0115212,801.424
7997,0,0.01213,801.524
7998,0,0.0126713,801.625
7999,0,0.0131375,801.726
8000,0,0.0135279,801.826
8001,0,0.0138462,801.927
8002,0,0.0140986,802.028
8003,0,0.014292,802.129
8004,0,0.0144334,802.229
8005,0,0.0145292,802.33
8006,0,0.0145852,802.431
8007,0,0.0146064,802.532
8008,0,0.0145972,802.632
8009,0,0.0145615,802.733
8010,0,0.0145023,802.834
8011,0,0.0144226,802.934
8012,0,0.0143248,803.035
8013,0,0.014211,803.135
8014,0,0.0140829,803.236
8015,0,0.0139423,803.336
8016,0,0.0137905,803.437
8017,0,0.0136287,803.538
8018,0,0.0134581,803.638
8019,0,0.0132796,803.739
8020,0,0.0130941,803.839
8021,0,0.0129024,803.939
8022,0,0.0127051,804.04
8023,0,0.0125031,804.14
8024,0,0.0122967,804.241
8025,0,0.0120866,804.341
8026,0,0.0118733,804.442
8027,0,0.0116572,804.542
8028,0,0.0114387,804.642
8029,0,0.0112181,804.743
8030,0,0.010996,804.843
8031,0,0.0107725,804.943
8032,0,0.0105481,805.044
8033,0,0.010323,805.144
8034,0,0.0100975,805.244
8035,0,0.00987184,805.344
8036,0,0.00964634,805.445
8037,0,0.00942121,805.545
8038,0,0.0091967,805.645
8039,0,0.00897304,805.746
8040,0,0.00875045,805.846
8041,0,0.00852915,805.946
8042,0,0.00830935,806.046
8043,0,0.00809127,806.146
8044,0,0.00787511,806.247
8045,0,0.00766108,806.347
8046,0,0.00744939,806.447
8047,0,0.00724023,806.547
8048,0,0.00703381,806.647
8049,0,0.00683034,806.747
8050,0,0.00663004,806.848
8051,0,0.0064331,806.948
8052,0,0.00623976,807.048
8053,0,0.00605022,807.148
8054,0,0.00586472,807.248
8055,0,0.00568348,807.348
8056,0,0.00550676,807.448
8057,0,0.00533479,807.548
8058,0,0.00516783,807.648
8059,0,0.00500616,807.748
8060,0,0.00485005,807.848
8061,0,0.00469979,807.948
8062,0,0.0045557,808.048
8063,0,0.00441811,808.148
8064,0,0.00428734,808.248
8065,0,0.00416377,808.348
8066,0,0.00404779,808.448
8067,0,0.0039398,808.548
8068,0,0.00384024,808.648
8069,0,0.00374958,808.748
8070,0,0.00366832,808.848
8071,0,0.00359702,808.948
8072,0,0.00353624,809.048
8073,0,0.00348663,809.148
8074,0,0.00344886,809.248
8075,0,0.0034237,809.348
8076,0,0.00341194,809.448
8077,0,0.00341449,809.548
8078,0,0.00343232,809.648
8079,0,0.0034665,809.747
8080,0,0.00351823,809.847
8081,0,0.00358881,809.947
8082,0,0.00367971,810.047
8083,0,0.00379253,810.147
8084,0,0.00392908,810.247
8085,0,0.00409136,810.347
8086,0,0.00428159,810.446
8087,0,0.00450226,810.546
8088,0,0.0047561,810.646
8089,0,0.0050461,810.746
8090,0,0.00537547,810.846
8091,0,0.00574759,810.946
8092,0,0.00616582,811.045
8093,0,0.00663315,811.145
8094,0,0.00715174,811.245
8095,0,0.00772199,811.345
8096,0,0.00834129,811.445
8097,0,0.00900254,811.545
8098,0,0.00969268,811.646
8099,0,0.0103925,811.746
8100,0,0.0110782,811.846
8101,0,0.0117258,811.947
8102,0,0.0123156,812.047
8103,0,0.012835,812.148
8104,0,0.0132791,812.249
8105,0,0.0136489,812.349
8106,0,0.0139492,812.45
8107,0,0.0141863,812.551
8108,0,0.0143671,812.652
8109,0,0.0144983,812.752
8110,0,0.0145861,812.853
8111,0,0.0146359,812.954
8112,0,0.0146524,813.055
8113,0,0.0146398,813.155
8114,0,0.0146017,813.256
8115,0,0.0145411,813.356
8116,0,0.0144606,813.457
8117,0,0.0143625,813.558
8118,0,0.0142489,813.658
8119,0,0.0141215,813.759
8120,0,0.0139817,813.859
8121,0,0.0138311,813.96
8122,0,0.0136706,814.06
8123,0,0.0135015,814.161
8124,0,0.0133245,814.261
8125,0,0.0131407,814.362
8126,0,0.0129507,814.462
8127,0,0.0127552,814.563
8128,0,0.0125549,814.663
8129,0,0.0123503,814.764
8130,0,0.0121419,814.864
8131,0,0.0119303,814.964
8132,0,0.0117158,815.065
8133,0,0.0114989,815.165
8134,0,0.0112799,815.266
8135,0,0.0110593,815.366
8136,0,0.0108373,815.466
8137,0,0.0106142,815.567
8138,0,0.0103904,815.667
8139,0,0.0101661,815.767
8140,0,0.00994156,815.867
8141,0,0.00971711,815.968
8142,0,0.00949296,816.068
8143,0,0.00926935,816.168
8144,0,0.0090465,816.268
8145,0,0.00882464,816.369
8146,0,0.00860398,816.469
8147,0,0.00838475,816.569
8148,0,0.00816715,816.669
8149,0,0.00795139,816.77
8150,0,0.00773767,816.87
8151,0,0.00752621,816.97
8152,0,0.00731721,817.07
8153,0,0.00711087,817.17
8154,0,0.00690741,817.27
8155,0,0.00670703,817.37
8156,0,0.00650995,817.471
8157,0,0.0063164,817.571
8158,0,0.00612658,817.671
8159,0,0.00594074,817.771
8160,0,0.0057591,817.871
8161,0,0.00558191,817.971
8162,0,0.00540942,818.071
8163,0,0.0052419,818.171
8164,0,0.00507962,818.271
8165,0,0.00492286,818.371
8166,0,0.00477192,818.471
8167,0,0.00462712,818.571
8168,0,0.00448879,818.671
8169,0,0.00435728,818.771
8170,0,0.00423296,818.871
8171,0,0.00411623,818.971
8172,0,0.00400751,819.071
8173,0,0.00390724,819.171
8174,0,0.00381591,819.271
8175,0,0.00373405,819.371
8176,0,0.00366219,819.471
8177,0,0.00360096,819.571
8178,0,0.003551,819.671
8179,0,0.00351302,819.771
8180,0,0.0034878,819.871
8181,0,0.00347618,819.971
8182,0,0.00347908,820.071
8183,0,0.00349753,820.17
8184,0,0.00353264,820.27
8185,0,0.00358566,820.37
8186,0,0.00365795,820.47
8187,0,0.00375104,820.57
8188,0,0.00386663,820.67
8189,0,0.00400661,820.77
8190,0,0.00417307,820.869
8191,0,0.00436837,820.969
8192,0,0.00459511,821.069
8193,0,0.00485616,821.169
8194,0,0.00515466,821.269
8195,0,0.00549396,821.368
8196,0,0.00587754,821.468
8197,0,0.00630877,821.568
8198,0,0.00679054,821.668
8199,0,0.00732461,821.768
8200,0,0.0079106,821.868
8201,0,0.00854459,821.968
8202,0,0.00921753,822.068
8203,0,0.00991414,822.168
8204,0,0.0106132,822.269
8205,0,0.0112904,822.369
8206,0,0.0119226,822.47
8207,0,0.0124924,822.57
8208,0,0.0129902,822.671
8209,0,0.0134131,822.771
8210,0,0.0137636,822.872
8211,0,0.0140471,822.973
8212,0,0.0142702,823.074
8213,0,0.0144395,823.174
8214,0,0.0145615,823.275
8215,0,0.0146421,823.376
8216,0,0.0146864,823.477
8217,0,0.0146988,823.577
8218,0,0.0146833,823.678
8219,0,0.0146431,823.779
8220,0,0.0145813,823.879
8221,0,0.0145002,823.98
8222,0,0.0144021,824.08
8223,0,0.0142888,824.181
8224,0,0.0141621,824.281
8225,0,0.0140233,824.382
8226,0,0.0138739,824.483
8227,0,0.0137148,824.583
8228,0,0.0135471,824.684
8229,0,0.0133718,824.784
8230,0,0.0131896,824.885
8231,0,0.0130013,824.985
8232,0,0.0128076,825.085
8233,0,0.012609,825.186
8234,0,0.0124061,825.286
8235,0,0.0121994,825.387
8236,0,0.0119894,825.487
8237,0,0.0117766,825.587
8238,0,0.0115612,825.688
8239,0,0.0113438,825.788
8240,0,0.0111245,825.888
8241,0,0.0109039,825.989
8242,0,0.0106821,826.089
8243,0,0.0104596,826.189
8244,0,0.0102364,826.29
8245,0,0.010013,826.39
8246,0,0.00978957,826.49
8247,0,0.00956634,826.591
8248,0,0.00934356,826.691
8249,0,0.00912147,826.791
8250,0,0.00890028,826.891
8251,0,0.00868022,826.992
8252,0,0.00846149,827.092
8253,0,0.00824432,827.192
8254,0,0.0080289,827.292
8255,0,0.00781544,827.392
8256,0,0.00760416,827.492
8257,0,0.00739526,827.593
8258,0,0.00718894,827.693
8259,0,0.00698543,827.793
8260,0,0.00678492,827.893
8261,0,0.00658764,827.993
8262,0,0.00639382,828.093
8263,0,0.00620366,828.193
8264,0,0.00601741,828.294
8265,0,0.00583531,828.394
8266,0,0.0056576,828.494
8267,0,0.00548453,828.594
8268,0,0.00531639,828.694
8269,0,0.00515343,828.794
8270,0,0.00499595,828.894
8271,0,0.00484427,828.994
8272,0,0.00469869,829.094
8273,0,0.00455956,829.194
8274,0,0.00442724,829.294
8275,0,0.0043021,829.394
8276,0,0.00418455,829.494
8277,0,0.00407503,829.594
8278,0,0.00397398,829.694
8279,0,0.00388192,829.794
8280,0,0.00379937,829.894
8281,0,0.0037269,829.994
8282,0,0.00366515,830.094
8283,0,0.00361477,830.194
8284,0,0.00357651,830.293
8285,0,0.00355117,830.393
8286,0,0.00353963,830.493
8287,0,0.00354283,830.593
8288,0,0.00356185,830.693
8289,0,0.00359785,830.793
8290,0,0.00365213,830.893
8291,0,0.00372611,830.993
8292,0,0.00382139,831.092
8293,0,0.00393976,831.192
8294,0,0.00408318,831.292
8295,0,0.00425389,831.392
8296,0,0.00445433,831.492
8297,0,0.00468725,831.591
8298,0,0.00495566,831.691
8299,0,0.00526285,831.791
8300,0,0.00561229,831.891
8301,0,0.00600755,831.991
8302,0,0.00645199,832.091
8303,0,0.00694832,832.191
8304,0,0.0074978,832.29
8305,0,0.00809911,832.39
8306,0,0.00874682,832.49
8307,0,0.00942985,832.591
8308,0,0.0101307,832.691
8309,0,0.0108266,832.791
8310,0,0.0114932,832.892
8311,0,0.0121088,832.992
8312,0,0.0126586,833.093
8313,0,0.0131354,833.193
8314,0,0.0135384,833.294
8315,0,0.0138712,833.395
8316,0,0.0141395,833.496
8317,0,0.0143499,833.596
8318,0,0.0145091,833.697
8319,0,0.014623,833.798
8320,0,0.0146973,833.898
8321,0,0.0147368,833.999
8322,0,0.0147458,834.1
8323,0,0.0147278,834.2
8324,0,0.0146861,834.301
8325,0,0.0146234,834.402
8326,0,0.014542,834.502
8327,0,0.0144441,834.603
8328,0,0.0143314,834.703
8329,0,0.0142056,834.804
8330,0,0.014068,834.905
8331,0,0.0139198,835.005
8332,0,0.0137622,835.106
8333,0,0.0135961,835.206
8334,0,0.0134224,835.307
8335,0,0.013242,835.407
8336,0,0.0130554,835.508
8337,0,0.0128634,835.608
8338,0,0.0126666,835.708
8339,0,0.0124654,835.809
8340,0,0.0122604,835.909
8341,0,0.0120521,836.01
8342,0,0.0118409,836.11
8343,0,0.0116271,836.21
8344,0,0.0114112,836.311
8345,0,0.0111934,836.411
8346,0,0.0109741,836.511
8347,0,0.0107537,836.612
8348,0,0.0105323,836.712
8349,0,0.0103103,836.812
8350,0,0.0100879,836.913
8351,0,0.00986548,837.013
8352,0,0.00964315,837.113
8353,0,0.00942118,837.213
8354,0,0.00919982,837.314
8355,0,0.00897927,837.414
8356,0,0.00875975,837.514
8357,0,0.00854149,837.614
8358,0,0.0083247,837.715
8359,0,0.00810957,837.815
8360,0,0.00789633,837.915
8361,0,0.00768517,838.015
8362,0,0.00747632,838.115
8363,0,0.00726996,838.215
8364,0,0.00706633,838.316
8365,0,0.00686563,838.416
8366,0,0.00666809,838.516
8367,0,0.00647391,838.616
8368,0,0.00628335,838.716
8369,0,0.00609661,838.816
8370,0,0.00591396,838.916
8371,0,0.00573564,839.016
8372,0,0.0055619,839.116
8373,0,0.00539303,839.216
8374,0,0.0052293,839.316
8375,0,0.005071,839.416
8376,0,0.00491845,839.516
8377,0,0.00477198,839.617
8378,0,0.00463193,839.717
8379,0,0.00449866,839.817
8380,0,0.00437257,839.917
8381,0,0.00425406,840.016
8382,0,0.00414358,840.116
8383,0,0.0040416,840.216
8384,0,0.00394864,840.316
8385,0,0.00386523,840.416
8386,0,0.00379197,840.516
8387,0,0.0037295,840.616
8388,0,0.00367852,840.716
8389,0,0.00363977,840.816
8390,0,0.0036141,840.916
8391,0,0.0036024,841.016
8392,0,0.00360568,841.116
8393,0,0.00362502,841.216
8394,0,0.00366166,841.315
8395,0,0.00371693,841.415
8396,0,0.00379233,841.515
8397,0,0.00388953,841.615
8398,0,0.00401039,841.715
8399,0,0.00415698,841.815
8400,0,0.00433163,841.914
8401,0,0.00453692,842.014
8402,0,0.00477572,842.114
8403,0,0.0050512,842.214
8404,0,0.00536676,842.314
8405,0,0.00572602,842.413
8406,0,0.0061326,842.513
8407,0,0.00658981,842.613
8408,0,0.00710012,842.713
8409,0,0.00766421,842.813
8410,0,0.0082797,842.913
8411,0,0.00893954,843.013
8412,0,0.0096306,843.113
8413,0,0.0103334,843.213
8414,0,0.0110242,843.314
8415,0,0.0116789,843.414
8416,0,0.0122779,843.515
8417,0,0.0128087,843.616
8418,0,0.0132664,843.716
8419,0,0.0136518,843.817
8420,0,0.013969,843.918
8421,0,0.0142242,844.018
8422,0,0.0144239,844.119
8423,0,0.0145744,844.22
8424,0,0.0146816,844.32
8425,0,0.0147508,844.421
8426,0,0.0147865,844.522
8427,0,0.0147927,844.623
8428,0,0.014773,844.723
8429,0,0.0147303,844.824
8430,0,0.0146672,844.924
8431,0,0.014586,845.025
8432,0,0.0144885,845.126
8433,0,0.0143767,845.226
8434,0,0.014252,845.327
8435,0,0.0141156,845.427
8436,0,0.0139689,845.528
8437,0,0.0138129,845.628
8438,0,0.0136484,845.729
8439,0,0.0134765,845.829
8440,0,0.0132977,845.93
8441,0,0.013113,846.03
8442,0,0.0129227,846.131
8443,0,0.0127276,846.231
8444,0,0.0125282,846.331
8445,0,0.0123249,846.432
8446,0,0.0121182,846.532
8447,0,0.0119085,846.633
8448,0,0.0116963,846.733
8449,0,0.0114818,846.833
8450,0,0.0112654,846.934
8451,0,0.0110474,847.034
8452,0,0.0108282,847.134
8453,0,0.010608,847.235
8454,0,0.0103871,847.335
8455,0,0.0101657,847.435
8456,0,0.00994414,847.536
8457,0,0.00972262,847.636
8458,0,0.00950138,847.736
8459,0,0.00928066,847.836
8460,0,0.00906066,847.937
8461,0,0.00884162,848.037
8462,0,0.00862374,848.137
8463,0,0.00840724,848.237
8464,0,0.00819232,848.337
8465,0,0.0079792,848.438
8466,0,0.00776809,848.538
8467,0,0.0075592,848.638
8468,0,0.00735273,848.738
8469,0,0.00714889,848.838
8470,0,0.00694792,848.938
8471,0,0.00675002,849.038
8472,0,0.00655543,849.139
8473,0,0.00636437,849.239
8474,0,0.00617708,849.339
8475,0,0.0059938,849.439
8476,0,0.0058148,849.539
8477,0,0.00564032,849.639
8478,0,0.00547066,849.739
8479,0,0.00530609,849.839
8480,0,0.00514692,849.939
8481,0,0.00499345,850.039
8482,0,0.00484604,850.139
8483,0,0.00470502,850.239
8484,0,0.00457077,850.339
8485,0,0.00444369,850.439
8486,0,0.0043242,850.539
8487,0,0.00421275,850.639
8488,0,0.00410983,850.739
8489,0,0.00401597,850.839
8490,0,0.00393172,850.939
8491,0,0.00385769,851.039
8492,0,0.00379455,851.139
8493,0,0.00374301,851.239
8494,0,0.00370386,851.339
8495,0,0.00367795,851.439
8496,0,0.00366622,851.538
8497,0,0.00366971,851.638
8498,0,0.00368957,851.738
8499,0,0.00372705,851.838
8500,0,0.00378357,851.938
8501,0,0.0038607,852.038
8502,0,0.00396017,852.138
8503,0,0.00408393,852.237
8504,0,0.00423418,852.337
8505,0,0.00441334,852.437
8506,0,0.00462415,852.537
8507,0,0.0048696,852.636
8508,0,0.00515302,852.736
8509,0,0.00547796,852.836
8510,0,0.00584815,852.936
8511,0,0.00626725,853.036
8512,0,0.00673847,853.136
8513,0,0.00726392,853.236
8514,0,0.00784352,853.336
8515,0,0.00847359,853.436
8516,0,0.00914518,853.536
8517,0,0.00984297,853.636
8518,0,0.0105456,853.736
8519,0,0.0112288,853.837
8520,0,0.0118693,853.937
8521,0,0.0124498,854.038
8522,0,0.0129606,854.138
8523,0,0.0133986,854.239
8524,0,0.013766,854.34
8525,0,0.0140676,854.44
8526,0,0.0143096,854.541
8527,0,0.0144985,854.642
8528,0,0.0146403,854.743
8529,0,0.0147407,854.843
8530,0,0.0148047,854.944
8531,0,0.0148365,855.045
8532,0,0.0148399,855.145
8533,0,0.0148182,855.246
8534,0,0.0147743,855.347
8535,0,0.0147107,855.447
8536,0,0.0146293,855.548
8537,0,0.0145322,855.648
8538,0,0.0144211,855.749
8539,0,0.0142972,855.849
8540,0,0.014162,855.95
8541,0,0.0140166,856.051
8542,0,0.013862,856.151
8543,0,0.013699,856.252
8544,0,0.0135286,856.352
8545,0,0.0133515,856.452
8546,0,0.0131684,856.553
8547,0,0.0129798,856.653
8548,0,0.0127863,856.754
8549,0,0.0125885,856.854
8550,0,0.0123867,856.955
8551,0,0.0121816,857.055
8552,0,0.0119734,857.155
8553,0,0.0117626,857.256
8554,0,0.0115495,857.356
8555,0,0.0113344,857.456
8556,0,0.0111176,857.557
8557,0,0.0108996,857.657
8558,0,0.0106805,857.757
8559,0,0.0104605,857.858
8560,0,0.0102401,857.958
8561,0,0.0100194,858.058
8562,0,0.00979866,858.159
8563,0,0.00957811,858.259
8564,0,0.009358,858.359
8565,0,0.00913853,858.459
8566,0,0.00891993,858.559
8567,0,0.00870241,858.66
8568,0,0.00848619,858.76
8569,0,0.00827147,858.86
8570,0,0.00805848,858.96
8571,0,0.00784741,859.06
8572,0,0.00763847,859.161
8573,0,0.00743189,859.261
8574,0,0.00722787,859.361
8575,0,0.00702664,859.461
8576,0,0.00682842,859.561
8577,0,0.00663343,859.661
8578,0,0.00644191,859.761
8579,0,0.0062541,859.861
8580,0,0.00607024,859.962
8581,0,0.00589061,860.062
8582,0,0.00571546,860.162
8583,0,0.00554507,860.262
8584,0,0.00537973,860.362
8585,0,0.00521976,860.462
8586,0,0.00506547,860.562
8587,0,0.00491721,860.662
8588,0,0.00477533,860.762
8589,0,0.00464022,860.862
8590,0,0.00451228,860.962
8591,0,0.00439195,861.062
8592,0,0.00427969,861.162
8593,0,0.00417601,861.262
8594,0,0.00408144,861.362
8595,0,0.00399656,861.462
8596,0,0.003922,861.562
8597,0,0.00385844,861.661
8598,0,0.00380662,861.761
8599,0,0.00376737,861.861
8600,0,0.00374156,861.961
8601,0,0.00373019,862.061
8602,0,0.00373432,862.161
8603,0,0.00375515,862.261
8604,0,0.00379401,862.361
8605,0,0.00385237,862.461
8606,0,0.00393187,862.56
8607,0,0.00403434,862.66
8608,0,0.00416185,862.76
8609,0,0.00431669,862.86
8610,0,0.00450143,862.96
8611,0,0.00471894,863.059
8612,0,0.00497239,863.159
8613,0,0.00526526,863.259
8614,0,0.00560126,863.359
8615,0,0.00598421,863.459
8616,0,0.00641777,863.558
8617,0,0.00690498,863.658
8618,0,0.00744739,863.758
8619,0,0.00804391,863.858
8620,0,0.0086892,863.958
8621,0,0.00937209,864.058
8622,0,0.0100749,864.159
8623,0,0.0107747,864.259
8624,0,0.0114469,864.359
8625,0,0.0120702,864.46
8626,0,0.0126299,864.56
8627,0,0.0131188,864.661
8628,0,0.0135359,864.762
8629,0,0.0138845,864.863
8630,0,0.0141698,864.963
8631,0,0.0143981,865.064
8632,0,0.0145758,865.165
8633,0,0.0147085,865.265
8634,0,0.0148017,865.366
8635,0,0.01486,865.467
8636,0,0.0148875,865.567
8637,0,0.0148877,865.668
8638,0,0.0148638,865.769
8639,0,0.0148183,865.869
8640,0,0.0147537,865.97
8641,0,0.014672,866.071
8642,0,0.014575,866.171
8643,0,0.0144642,866.272
8644,0,0.014341,866.372
8645,0,0.0142067,866.473
8646,0,0.0140624,866.573
8647,0,0.0139089,866.674
8648,0,0.0137473,866.774
8649,0,0.0135783,866.875
8650,0,0.0134027,866.975
8651,0,0.013221,867.076
8652,0,0.0130339,867.176
8653,0,0.0128419,867.276
8654,0,0.0126456,867.377
8655,0,0.0124454,867.477
8656,0,0.0122417,867.578
8657,0,0.0120349,867.678
8658,0,0.0118254,867.778
8659,0,0.0116136,867.879
8660,0,0.0113998,867.979
8661,0,0.0111842,868.079
8662,0,0.0109673,868.18
8663,0,0.0107492,868.28
8664,0,0.0105303,868.38
8665,0,0.0103107,868.481
8666,0,0.0100909,868.581
8667,0,0.00987088,868.681
8668,0,0.00965101,868.781
8669,0,0.0094315,868.882
8670,0,0.00921255,868.982
8671,0,0.0089944,869.082
8672,0,0.00877725,869.182
8673,0,0.00856132,869.283
8674,0,0.00834681,869.383
8675,0,0.00813395,869.483
8676,0,0.00792294,869.583
8677,0,0.00771399,869.683
8678,0,0.00750732,869.783
8679,0,0.00730315,869.884
8680,0,0.00710169,869.984
8681,0,0.00690317,870.084
8682,0,0.00670782,870.184
8683,0,0.00651588,870.284
8684,0,0.0063276,870.384
8685,0,0.00614321,870.484
8686,0,0.00596299,870.584
8687,0,0.00578721,870.684
8688,0,0.00561615,870.784
8689,0,0.00545011,870.884
8690,0,0.0052894,870.984
8691,0,0.00513434,871.084
8692,0,0.0049853,871.185
8693,0,0.00484263,871.284
8694,0,0.00470674,871.384
8695,0,0.00457802,871.484
8696,0,0.00445694,871.584
8697,0,0.00434396,871.684
8698,0,0.00423961,871.784
8699,0,0.00414444,871.884
8700,0,0.00405904,871.984
8701,0,0.00398406,872.084
8702,0,0.00392022,872.184
8703,0,0.00386827,872.284
8704,0,0.00382907,872.384
8705,0,0.00380355,872.484
8706,0,0.00379271,872.584
8707,0,0.00379769,872.684
8708,0,0.00381974,872.783
8709,0,0.00386023,872.883
8710,0,0.00392073,872.983
8711,0,0.00400294,873.083
8712,0,0.00410881,873.183
8713,0,0.00424049,873.283
8714,0,0.00440042,873.382
8715,0,0.0045913,873.482
8716,0,0.00481617,873.582
8717,0,0.00507835,873.682
8718,0,0.00538149,873.781
8719,0,0.00572945,873.881
8720,0,0.00612612,873.981
8721,0,0.0065751,874.081
8722,0,0.00707913,874.181
8723,0,0.00763905,874.281
8724,0,0.00825251,874.381
8725,0,0.00891224,874.481
8726,0,0.00960469,874.581
8727,0,0.0103099,874.681
8728,0,0.0110039,874.782
8729,0,0.0116627,874.882
8730,0,0.0122671,874.983
8731,0,0.0128053,875.083
8732,0,0.0132724,875.184
8733,0,0.0136692,875.284
8734,0,0.0139996,875.385
8735,0,0.0142695,875.486
8736,0,0.014485,875.587
8737,0,0.0146521,875.687
8738,0,0.0147763,875.788
8739,0,0.0148628,875.889
8740,0,0.0149158,875.989
8741,0,0.0149394,876.09
8742,0,0.0149366,876.191
8743,0,0.0149106,876.291
8744,0,0.0148639,876.392
8745,0,0.0147985,876.493
8746,0,0.0147165,876.593
8747,0,0.0146196,876.694
8748,0,0.0145093,876.794
8749,0,0.0143869,876.895
8750,0,0.0142535,876.995
8751,0,0.0141103,877.096
8752,0,0.0139581,877.196
8753,0,0.0137979,877.297
8754,0,0.0136303,877.397
8755,0,0.0134561,877.498
8756,0,0.0132759,877.598
8757,0,0.0130904,877.699
8758,0,0.0128999,877.799
8759,0,0.0127051,877.9
8760,0,0.0125063,878
8761,0,0.0123041,878.1
8762,0,0.0120987,878.201
8763,0,0.0118906,878.301
8764,0,0.0116801,878.401
8765,0,0.0114675,878.502
8766,0,0.0112532,878.602
8767,0,0.0110374,878.702
8768,0,0.0108203,878.803
8769,0,0.0106024,878.903
8770,0,0.0103838,879.003
8771,0,0.0101647,879.104
8772,0,0.0099455,879.204
8773,0,0.00972631,879.304
8774,0,0.00950739,879.404
8775,0,0.00928896,879.505
8776,0,0.00907124,879.605
8777,0,0.00885445,879.705
8778,0,0.00863879,879.805
8779,0,0.00842448,879.905
8780,0,0.00821173,880.006
8781,0,0.00800076,880.106
8782,0,0.00779177,880.206
8783,0,0.00758498,880.306
8784,0,0.00738062,880.406
8785,0,0.0071789,880.506
8786,0,0.00698004,880.606
8787,0,0.00678429,880.707
8788,0,0.00659188,880.807
8789,0,0.00640306,880.907
8790,0,0.00621809,881.007
8791,0,0.00603722,881.107
8792,0,0.00586074,881.207
8793,0,0.00568893,881.307
8794,0,0.0055221,881.407
8795,0,0.00536056,881.507
8796,0,0.00520465,881.607
8797,0,0.00505473,881.707
8798,0,0.00491116,881.807
8799,0,0.00477436,881.907
8800,0,0.00464474,882.007
8801,0,0.00452277,882.107
8802,0,0.00440893,882.207
8803,0,0.00430376,882.307
8804,0,0.00420781,882.407
8805,0,0.00412172,882.507
8806,0,0.00404614,882.607
8807,0,0.00398181,882.707
8808,0,0.00392953,882.807
8809,0,0.00389017,882.906
8810,0,0.00386469,883.006
8811,0,0.00385415,883.106
8812,0,0.00385972,883.206
8813,0,0.00388271,883.306
8814,0,0.00392456,883.406
8815,0,0.00398689,883.506
8816,0,0.00407151,883.605
8817,0,0.00418045,883.705
8818,0,0.00431598,883.805
8819,0,0.00448065,883.905
8820,0,0.00467733,884.005
8821,0,0.00490919,884.104
8822,0,0.00517973,884.204
8823,0,0.00549276,884.304
8824,0,0.00585225,884.404
8825,0,0.00626215,884.504
8826,0,0.00672597,884.604
8827,0,0.00724601,884.703
8828,0,0.00782234,884.803
8829,0,0.00845116,884.903
8830,0,0.00912322,885.003
8831,0,0.00982267,885.104
8832,0,0.0105277,885.204
8833,0,0.0112139,885.304
8834,0,0.0118584,885.405
8835,0,0.0124444,885.505
8836,0,0.0129625,885.606
8837,0,0.01341,885.707
8838,0,0.0137889,885.807
8839,0,0.0141037,885.908
8840,0,0.0143604,886.009
8841,0,0.014565,886.109
8842,0,0.0147232,886.21
8843,0,0.0148405,886.311
8844,0,0.0149215,886.412
8845,0,0.0149704,886.512
8846,0,0.0149908,886.613
8847,0,0.0149859,886.714
8848,0,0.0149585,886.814
8849,0,0.0149109,886.915
8850,0,0.0148453,887.015
8851,0,0.0147635,887.116
8852,0,0.014667,887.216
8853,0,0.0145575,887.317
8854,0,0.014436,887.418
8855,0,0.0143038,887.518
8856,0,0.0141618,887.619
8857,0,0.014011,887.719
8858,0,0.0138523,887.82
8859,0,0.0136862,887.92
8860,0,0.0135136,888.021
8861,0,0.013335,888.121
8862,0,0.013151,888.221
8863,0,0.0129621,888.322
8864,0,0.0127688,888.422
8865,0,0.0125715,888.523
8866,0,0.0123707,888.623
8867,0,0.0121667,888.723
8868,0,0.01196,888.824
8869,0,0.0117508,888.924
8870,0,0.0115394,889.024
8871,0,0.0113262,889.125
8872,0,0.0111115,889.225
8873,0,0.0108954,889.325
8874,0,0.0106784,889.426
8875,0,0.0104607,889.526
8876,0,0.0102424,889.626
8877,0,0.0100239,889.726
8878,0,0.00980527,889.827
8879,0,0.00958688,889.927
8880,0,0.00936889,890.027
8881,0,0.00915154,890.127
8882,0,0.00893502,890.228
8883,0,0.00871956,890.328
8884,0,0.00850536,890.428
8885,0,0.00829265,890.528
8886,0,0.00808163,890.628
8887,0,0.00787251,890.729
8888,0,0.00766552,890.829
8889,0,0.00746088,890.929
8890,0,0.0072588,891.029
8891,0,0.00705953,891.129
8892,0,0.00686328,891.229
8893,0,0.00667031,891.329
8894,0,0.00648087,891.429
8895,0,0.00629521,891.529
8896,0,0.0061136,891.63
8897,0,0.00593632,891.73
8898,0,0.00576367,891.83
8899,0,0.00559595,891.93
8900,0,0.00543349,892.03
8901,0,0.00527663,892.13
8902,0,0.00512574,892.23
8903,0,0.00498118,892.33
8904,0,0.00484338,892.43
8905,0,0.00471278,892.53
8906,0,0.00458983,892.63
8907,0,0.00447505,892.73
8908,0,0.00436898,892.83
8909,0,0.0042722,892.93
8910,0,0.00418534,893.029
8911,0,0.00410911,893.129
8912,0,0.00404425,893.229
8913,0,0.00399159,893.329
8914,0,0.00395204,893.429
8915,0,0.00392659,893.529
8916,0,0.00391634,893.629
8917,0,0.00392253,893.729
8918,0,0.00394651,893.829
8919,0,0.00398979,893.928
8920,0,0.00405407,894.028
8921,0,0.00414124,894.128
8922,0,0.00425345,894.228
8923,0,0.00439308,894.328
8924,0,0.00456282,894.427
8925,0,0.00476568,894.527
8926,0,0.005005,894.627
8927,0,0.00528447,894.727
8928,0,0.00560803,894.827
8929,0,0.00597979,894.926
8930,0,0.0064037,895.026
8931,0,0.00688307,895.126
8932,0,0.00741971,895.226
8933,0,0.00801263,895.326
8934,0,0.00865639,895.426
8935,0,0.00933954,895.526
8936,0,0.010044,895.626
8937,0,0.0107464,895.727
8938,0,0.0114224,895.827
8939,0,0.0120509,895.928
8940,0,0.0126176,896.028
8941,0,0.0131155,896.129
8942,0,0.0135438,896.229
8943,0,0.0139054,896.33
8944,0,0.0142052,896.431
8945,0,0.0144493,896.532
8946,0,0.0146435,896.632
8947,0,0.0147933,896.733
8948,0,0.0149039,896.834
8949,0,0.0149797,896.934
8950,0,0.0150246,897.035
8951,0,0.015042,897.136
8952,0,0.015035,897.236
8953,0,0.0150062,897.337
8954,0,0.0149579,897.438
8955,0,0.0148919,897.538
8956,0,0.0148102,897.639
8957,0,0.0147142,897.739
8958,0,0.0146053,897.84
8959,0,0.0144847,897.94
8960,0,0.0143536,898.041
8961,0,0.0142128,898.141
8962,0,0.0140633,898.242
8963,0,0.0139059,898.342
8964,0,0.0137413,898.443
8965,0,0.0135701,898.543
8966,0,0.013393,898.644
8967,0,0.0132105,898.744
8968,0,0.013023,898.845
8969,0,0.0128312,898.945
8970,0,0.0126353,899.045
8971,0,0.0124359,899.146
8972,0,0.0122333,899.246
8973,0,0.0120278,899.346
8974,0,0.0118198,899.447
8975,0,0.0116096,899.547
8976,0,0.0113975,899.648
8977,0,0.0111838,899.748
8978,0,0.0109687,899.848
8979,0,0.0107526,899.948
8980,0,0.0105356,900.049
8981,0,0.0103181,900.149
8982,0,0.0101002,900.249
8983,0,0.00988215,900.349
8984,0,0.00966425,900.45
8985,0,0.00944667,900.55
8986,0,0.00922965,900.65
8987,0,0.00901338,900.75
8988,0,0.00879809,900.851
8989,0,0.00858398,900.951
8990,0,0.00837128,901.051
8991,0,0.00816019,901.151
8992,0,0.00795094,901.251
8993,0,0.00774373,901.351
8994,0,0.0075388,901.452
8995,0,0.00733637,901.552
8996,0,0.00713666,901.652
8997,0,0.00693992,901.752
8998,0,0.0067464,901.852
8999,0,0.00655633,901.952
9000,0,0.00637,902.052
9001,0,0.00618767,902.152
9002,0,0.00600962,902.252
9003,0,0.00583615,902.352
9004,0,0.00566758,902.452
9005,0,0.00550424,902.552
9006,0,0.00534647,902.653
9007,0,0.00519464,902.753
9008,0,0.00504916,902.853
9009,0,0.00491043,902.953
9010,0,0.00477891,903.052
9011,0,0.00465507,903.152
9012,0,0.00453944,903.252
9013,0,0.00443257,903.352
9014,0,0.00433506,903.452
9015,0,0.00424758,903.552
9016,0,0.00417084,903.652
9017,0,0.00410561,903.752
9018,0,0.00405276,903.852
9019,0,0.00401323,903.952
9020,0,0.00398805,904.052
9021,0,0.00397838,904.152
9022,0,0.0039855,904.251
9023,0,0.00401082,904.351
9024,0,0.00405593,904.451
9025,0,0.00412262,904.551
9026,0,0.00421288,904.651
9027,0,0.00432896,904.751
9028,0,0.00447338,904.85
9029,0,0.00464899,904.95
9030,0,0.00485895,905.05
9031,0,0.0051068,905.15
9032,0,0.00539638,905.25
9033,0,0.0057318,905.349
9034,0,0.00611726,905.449
9035,0,0.00655667,905.549
9036,0,0.00705304,905.649
9037,0,0.00760745,905.749
9038,0,0.0082176,905.849
9039,0,0.00887609,905.949
9040,0,0.00956903,906.049
9041,0,0.0102761,906.149
9042,0,0.0109731,906.249
9043,0,0.0116361,906.35
9044,0,0.0122465,906.45
9045,0,0.0127925,906.551
9046,0,0.0132697,906.652
9047,0,0.0136784,906.752
9048,0,0.0140226,906.853
9049,0,0.0143076,906.954
9050,0,0.0145391,907.055
9051,0,0.014723,907.155
9052,0,0.0148645,907.256
9053,0,0.0149684,907.357
9054,0,0.0150389,907.457
9055,0,0.0150798,907.558
9056,0,0.0150942,907.659
9057,0,0.0150851,907.759
9058,0,0.0150548,907.86
9059,0,0.0150055,907.96
9060,0,0.0149391,908.061
9061,0,0.0148574,908.162
9062,0,0.0147617,908.262
9063,0,0.0146533,908.363
9064,0,0.0145336,908.463
9065,0,0.0144034,908.564
9066,0,0.0142637,908.664
9067,0,0.0141155,908.765
9068,0,0.0139594,908.865
9069,0,0.0137961,908.966
9070,0,0.0136263,909.066
9071,0,0.0134506,909.167
9072,0,0.0132694,909.267
9073,0,0.0130834,909.367
9074,0,0.0128929,909.468
9075,0,0.0126984,909.568
9076,0,0.0125003,909.669
9077,0,0.012299,909.769
9078,0,0.0120947,909.869
9079,0,0.0118879,909.97
9080,0,0.0116788,910.07
9081,0,0.0114678,910.17
9082,0,0.011255,910.271
9083,0,0.0110409,910.371
9084,0,0.0108256,910.471
9085,0,0.0106094,910.572
9086,0,0.0103925,910.672
9087,0,0.0101753,910.772
9088,0,0.0099578,910.872
9089,0,0.00974037,910.973
9090,0,0.00952318,911.073
9091,0,0.00930646,911.173
9092,0,0.00909042,911.273
9093,0,0.00887528,911.373
9094,0,0.00866126,911.474
9095,0,0.00844855,911.574
9096,0,0.00823739,911.674
9097,0,0.00802798,911.774
9098,0,0.00782055,911.874
9099,0,0.00761532,911.974
9100,0,0.00741251,912.075
9101,0,0.00721237,912.175
9102,0,0.00701513,912.275
9103,0,0.00682104,912.375
9104,0,0.00663036,912.475
9105,0,0.00644335,912.575
9106,0,0.00626028,912.675
9107,0,0.00608146,912.775
9108,0,0.00590718,912.875
9109,0,0.00573775,912.975
9110,0,0.00557353,913.075
9111,0,0.00541485,913.175
9112,0,0.00526211,913.275
9113,0,0.0051157,913.375
9114,0,0.00497605,913.475
9115,0,0.00484362,913.575
9116,0,0.00471891,913.675
9117,0,0.00460244,913.775
9118,0,0.0044948,913.875
9119,0,0.0043966,913.975
9120,0,0.00430853,914.075
9121,0,0.00423132,914.175
9122,0,0.00416578,914.275
9123,0,0.0041128,914.375
9124,0,0.00407337,914.475
9125,0,0.00404856,914.575
9126,0,0.00403957,914.674
9127,0,0.00404774,914.774
9128,0,0.00407455,914.874
9129,0,0.00412169,914.974
9130,0,0.00419101,915.074
9131,0,0.00428462,915.174
9132,0,0.00440489,915.273
9133,0,0.00455448,915.373
9134,0,0.0047364,915.473
9135,0,0.00495398,915.573
9136,0,0.00521094,915.672
9137,0,0.00551132,915.772
9138,0,0.00585936,915.872
9139,0,0.00625931,915.972
9140,0,0.00671498,916.072
9141,0,0.00722892,916.172
9142,0,0.00780132,916.271
9143,0,0.00842829,916.371
9144,0,0.00910024,916.471
9145,0,0.00980082,916.572
9146,0,0.0105078,916.672
9147,0,0.0111966,916.772
9148,0,0.0118448,916.873
9149,0,0.012436,916.973
9150,0,0.0129612,917.074
9151,0,0.013418,917.175
9152,0,0.013808,917.275
9153,0,0.0141358,917.376
9154,0,0.0144067,917.477
9155,0,0.0146266,917.577
9156,0,0.0148008,917.678
9157,0,0.0149345,917.779
9158,0,0.0150322,917.88
9159,0,0.0150978,917.98
9160,0,0.015135,918.081
9161,0,0.0151466,918.181
9162,0,0.0151354,918.282
9163,0,0.0151037,918.383
9164,0,0.0150536,918.483
9165,0,0.0149869,918.584
9166,0,0.0149052,918.684
9167,0,0.0148098,918.785
9168,0,0.014702,918.885
9169,0,0.014583,918.986
9170,0,0.0144538,919.087
9171,0,0.0143152,919.187
9172,0,0.0141681,919.288
9173,0,0.0140132,919.388
9174,0,0.0138512,919.488
9175,0,0.0136827,919.589
9176,0,0.0135083,919.689
9177,0,0.0133286,919.79
9178,0,0.0131439,919.89
9179,0,0.0129547,919.991
9180,0,0.0127615,920.091
9181,0,0.0125646,920.191
9182,0,0.0123645,920.292
9183,0,0.0121614,920.392
9184,0,0.0119556,920.492
9185,0,0.0117476,920.593
9186,0,0.0115375,920.693
9187,0,0.0113257,920.793
9188,0,0.0111124,920.894
9189,0,0.0108979,920.994
9190,0,0.0106824,921.094
9191,0,0.0104662,921.195
9192,0,0.0102495,921.295
9193,0,0.0100325,921.395
9194,0,0.0098155,921.495
9195,0,0.00959864,921.595
9196,0,0.00938218,921.696
9197,0,0.00916632,921.796
9198,0,0.00895128,921.896
9199,0,0.00873728,921.996
9200,0,0.00852453,922.096
9201,0,0.00831324,922.197
9202,0,0.00810363,922.297
9203,0,0.00789594,922.397
9204,0,0.00769037,922.497
9205,0,0.00748716,922.597
9206,0,0.00728655,922.697
9207,0,0.00708878,922.797
9208,0,0.0068941,922.898
9209,0,0.00670277,922.998
9210,0,0.00651506,923.098
9211,0,0.00633124,923.198
9212,0,0.00615163,923.298
9213,0,0.00597652,923.398
9214,0,0.00580623,923.498
9215,0,0.00564112,923.598
9216,0,0.00548155,923.698
9217,0,0.00532789,923.798
9218,0,0.00518057,923.898
9219,0,0.00504002,923.998
9220,0,0.00490672,924.098
9221,0,0.00478117,924.198
9222,0,0.00466392,924.298
9223,0,0.00455557,924.398
9224,0,0.00445675,924.498
9225,0,0.00436817,924.598
9226,0,0.0042906,924.698
9227,0,0.00422487,924.797
9228,0,0.00417191,924.897
9229,0,0.00413274,924.997
9230,0,0.00410848,925.097
9231,0,0.0041004,925.197
9232,0,0.00410989,925.297
9233,0,0.00413851,925.397
9234,0,0.00418802,925.496
9235,0,0.00426038,925.596
9236,0,0.00435782,925.696
9237,0,0.00448284,925.796
9238,0,0.00463825,925.896
9239,0,0.00482723,925.995
9240,0,0.0050533,926.095
9241,0,0.00532037,926.195
9242,0,0.00563266,926.295
9243,0,0.00599454,926.395
9244,0,0.00641027,926.494
9245,0,0.00688343,926.594
9246,0,0.00741598,926.694
9247,0,0.00800689,926.794
9248,0,0.00865042,926.894
9249,0,0.00933451,926.994
9250,0,0.0100404,927.094
9251,0,0.0107444,927.195
9252,0,0.0114222,927.295
9253,0,0.0120532,927.396
9254,0,0.012624,927.496
9255,0,0.013128,927.597
9256,0,0.0135645,927.697
9257,0,0.0139362,927.798
9258,0,0.0142479,927.899
9259,0,0.0145053,928
9260,0,0.0147138,928.1
9261,0,0.0148787,928.201
9262,0,0.0150049,928.302
9263,0,0.0150966,928.402
9264,0,0.0151575,928.503
9265,0,0.015191,928.604
9266,0,0.0151999,928.704
9267,0,0.0151867,928.805
9268,0,0.0151537,928.905
9269,0,0.0151028,929.006
9270,0,0.0150357,929.107
9271,0,0.0149539,929.207
9272,0,0.0148588,929.308
9273,0,0.0147516,929.408
9274,0,0.0146333,929.509
9275,0,0.014505,929.609
9276,0,0.0143674,929.71
9277,0,0.0142214,929.81
9278,0,0.0140677,929.911
9279,0,0.013907,930.011
9280,0,0.0137398,930.112
9281,0,0.0135667,930.212
9282,0,0.0133882,930.313
9283,0,0.0132048,930.413
9284,0,0.0130169,930.513
9285,0,0.0128249,930.614
9286,0,0.0126293,930.714
9287,0,0.0124303,930.815
9288,0,0.0122283,930.915
9289,0,0.0120237,931.015
9290,0,0.0118166,931.116
9291,0,0.0116075,931.216
9292,0,0.0113966,931.316
9293,0,0.0111841,931.416
9294,0,0.0109704,931.517
9295,0,0.0107556,931.617
9296,0,0.0105399,931.717
9297,0,0.0103238,931.818
9298,0,0.0101072,931.918
9299,0,0.0098906,932.018
9300,0,0.00967405,932.118
9301,0,0.00945781,932.218
9302,0,0.00924211,932.319
9303,0,0.00902715,932.419
9304,0,0.00881314,932.519
9305,0,0.00860032,932.619
9306,0,0.00838888,932.719
9307,0,0.00817906,932.82
9308,0,0.00797107,932.92
9309,0,0.00776514,933.02
9310,0,0.0075615,933.12
9311,0,0.0073604,933.22
9312,0,0.00716207,933.32
9313,0,0.00696678,933.42
9314,0,0.00677477,933.52
9315,0,0.00658634,933.62
9316,0,0.00640176,933.721
9317,0,0.00622133,933.821
9318,0,0.00604537,933.921
9319,0,0.00587421,934.021
9320,0,0.00570819,934.121
9321,0,0.00554769,934.221
9322,0,0.00539311,934.321
9323,0,0.00524487,934.421
9324,0,0.00510341,934.521
9325,0,0.00496922,934.621
9326,0,0.00484283,934.721
9327,0,0.0047248,934.821
9328,0,0.00461574,934.921
9329,0,0.00451631,935.02
9330,0,0.00442725,935.12
9331,0,0.00434934,935.22
9332,0,0.00428346,935.32
9333,0,0.00423057,935.42
9334,0,0.00419173,935.52
9335,0,0.00416813,935.62
9336,0,0.00416107,935.72
9337,0,0.00417202,935.82
9338,0,0.00420262,935.919
9339,0,0.00425472,936.019
9340,0,0.00433039,936.119
9341,0,0.00443199,936.219
9342,0,0.00456215,936.319
9343,0,0.00472385,936.418
9344,0,0.00492045,936.518
9345,0,0.00515567,936.618
9346,0,0.00543362,936.718
9347,0,0.00575867,936.818
9348,0,0.00613533,936.917
9349,0,0.00656777,937.017
9350,0,0.00705924,937.117
9351,0,0.00761088,937.217
9352,0,0.00822021,937.317
9353,0,0.00887932,937.417
9354,0,0.00957358,937.517
9355,0,0.010282,937.617
9356,0,0.0109801,937.718
9357,0,0.0116444,937.818
9358,0,0.0122569,937.918
9359,0,0.0128067,938.019
9360,0,0.0132896,938.12
9361,0,0.0137063,938.22
9362,0,0.0140604,938.321
9363,0,0.014357,938.422
9364,0,0.0146015,938.522
9365,0,0.0147993,938.623
9366,0,0.0149555,938.724
9367,0,0.0150746,938.825
9368,0,0.0151606,938.925
9369,0,0.0152171,939.026
9370,0,0.0152471,939.127
9371,0,0.0152535,939.227
9372,0,0.0152384,939.328
9373,0,0.0152042,939.428
9374,0,0.0151525,939.529
9375,0,0.0150851,939.63
9376,0,0.0150033,939.73
9377,0,0.0149085,939.831
9378,0,0.0148018,939.931
9379,0,0.0146843,940.032
9380,0,0.0145568,940.132
9381,0,0.0144202,940.233
9382,0,0.0142753,940.333
9383,0,0.0141228,940.434
9384,0,0.0139632,940.534
9385,0,0.0137973,940.635
9386,0,0.0136254,940.735
9387,0,0.0134482,940.835
9388,0,0.0132661,940.936
9389,0,0.0130794,941.036
9390,0,0.0128887,941.137
9391,0,0.0126942,941.237
9392,0,0.0124963,941.337
9393,0,0.0122955,941.438
9394,0,0.0120918,941.538
9395,0,0.0118858,941.638
9396,0,0.0116776,941.739
9397,0,0.0114675,941.839
9398,0,0.0112558,941.939
9399,0,0.0110428,942.039
9400,0,0.0108287,942.14
9401,0,0.0106136,942.24
9402,0,0.010398,942.34
9403,0,0.0101819,942.441
9404,0,0.00996559,942.541
9405,0,0.00974933,942.641
9406,0,0.0095333,942.741
9407,0,0.00931772,942.841
9408,0,0.00910282,942.942
9409,0,0.0088888,943.042
9410,0,0.00867587,943.142
9411,0,0.00846427,943.242
9412,0,0.0082542,943.342
9413,0,0.0080459,943.442
9414,0,0.00783959,943.543
9415,0,0.0076355,943.643
9416,0,0.00743388,943.743
9417,0,0.00723498,943.843
9418,0,0.00703904,943.943
9419,0,0.00684634,944.043
9420,0,0.00665716,944.143
9421,0,0.00647179,944.243
9422,0,0.00629052,944.343
9423,0,0.00611368,944.443
9424,0,0.00594161,944.543
9425,0,0.00577466,944.643
9426,0,0.00561321,944.743
9427,0,0.00545767,944.843
9428,0,0.00530847,944.943
9429,0,0.00516607,945.043
9430,0,0.00503097,945.143
9431,0,0.00490371,945.243
9432,0,0.00478486,945.343
9433,0,0.00467506,945.443
9434,0,0.004575,945.543
9435,0,0.00448542,945.643
9436,0,0.00440716,945.743
9437,0,0.00434111,945.843
9438,0,0.00428827,945.943
9439,0,0.00424976,946.043
9440,0,0.00422681,946.142
9441,0,0.00422078,946.242
9442,0,0.00423322,946.342
9443,0,0.00426585,946.442
9444,0,0.00432061,946.542
9445,0,0.00439969,946.642
9446,0,0.00450557,946.741
9447,0,0.00464104,946.841
9448,0,0.00480925,946.941
9449,0,0.00501375,947.041
9450,0,0.00525845,947.141
9451,0,0.00554767,947.24
9452,0,0.00588593,947.34
9453,0,0.00627779,947.44
9454,0,0.00672731,947.54
9455,0,0.00723724,947.64
9456,0,0.0078077,947.74
9457,0,0.00843451,947.839
9458,0,0.00910741,947.94
9459,0,0.00980927,948.04
9460,0,0.0105173,948.14
9461,0,0.0112069,948.24
9462,0,0.0118561,948.341
9463,0,0.0124495,948.441
9464,0,0.0129788,948.542
9465,0,0.0134417,948.643
9466,0,0.01384,948.743
9467,0,0.0141779,948.844
9468,0,0.0144606,948.945
9469,0,0.0146935,949.045
9470,0,0.0148817,949.146
9471,0,0.01503,949.247
9472,0,0.0151428,949.347
9473,0,0.0152238,949.448
9474,0,0.0152764,949.549
9475,0,0.0153034,949.649
9476,0,0.0153075,949.75
9477,0,0.015291,949.851
9478,0,0.0152557,949.951
9479,0,0.0152035,950.052
9480,0,0.0151359,950.152
9481,0,0.0150543,950.253
9482,0,0.0149599,950.353
9483,0,0.0148538,950.454
9484,0,0.0147371,950.554
9485,0,0.0146105,950.655
9486,0,0.014475,950.755
9487,0,0.0143312,950.856
9488,0,0.0141798,950.956
9489,0,0.0140215,951.057
9490,0,0.0138568,951.157
9491,0,0.0136862,951.258
9492,0,0.0135102,951.358
9493,0,0.0133293,951.458
9494,0,0.0131439,951.559
9495,0,0.0129544,951.659
9496,0,0.012761,951.76
9497,0,0.0125643,951.86
9498,0,0.0123645,951.96
9499,0,0.0121618,952.061
9500,0,0.0119567,952.161
9501,0,0.0117494,952.261
9502,0,0.0115402,952.362
9503,0,0.0113293,952.462
9504,0,0.0111169,952.562
9505,0,0.0109034,952.663
9506,0,0.0106889,952.763
9507,0,0.0104737,952.863
9508,0,0.010258,952.963
9509,0,0.010042,953.064
9510,0,0.00982597,953.164
9511,0,0.0096101,953.264
9512,0,0.00939461,953.364
9513,0,0.00917971,953.464
9514,0,0.00896561,953.565
9515,0,0.00875254,953.665
9516,0,0.00854071,953.765
9517,0,0.00833035,953.865
9518,0,0.00812168,953.965
9519,0,0.00791492,954.065
9520,0,0.00771033,954.165
9521,0,0.00750814,954.266
9522,0,0.00730859,954.366
9523,0,0.00711196,954.466
9524,0,0.00691851,954.566
9525,0,0.00672852,954.666
9526,0,0.00654228,954.766
9527,0,0.00636011,954.866
9528,0,0.00618234,954.966
9529,0,0.00600929,955.066
9530,0,0.00584135,955.166
9531,0,0.00567889,955.266
9532,0,0.00552233,955.366
9533,0,0.00537212,955.466
9534,0,0.00522872,955.566
9535,0,0.00509265,955.666
9536,0,0.00496446,955.766
9537,0,0.00484475,955.866
9538,0,0.00473417,955.966
9539,0,0.00463343,956.066
9540,0,0.00454331,956.166
9541,0,0.00446466,956.266
9542,0,0.00439842,956.366
9543,0,0.00434564,956.465
9544,0,0.00430747,956.565
9545,0,0.00428519,956.665
9546,0,0.00428024,956.765
9547,0,0.00429424,956.865
9548,0,0.004329,956.965
9549,0,0.00438655,957.064
9550,0,0.00446923,957.164
9551,0,0.00457962,957.264
9552,0,0.0047207,957.364
9553,0,0.00489579,957.464
9554,0,0.00510862,957.563
9555,0,0.00536334,957.663
9556,0,0.00566443,957.763
9557,0,0.00601658,957.863
9558,0,0.00642433,957.963
9559,0,0.00689152,958.062
9560,0,0.00742024,958.162
9561,0,0.00800937,958.262
9562,0,0.00865275,958.362
9563,0,0.00933763,958.462
9564,0,0.0100445,958.562
9565,0,0.0107494,958.663
9566,0,0.0114281,958.763
9567,0,0.0120608,958.864
9568,0,0.0126347,958.964
9569,0,0.0131437,959.065
9570,0,0.0135874,959.165
9571,0,0.0139683,959.266
9572,0,0.0142911,959.367
9573,0,0.0145609,959.467
9574,0,0.014783,959.568
9575,0,0.0149623,959.669
9576,0,0.0151035,959.769
9577,0,0.0152105,959.87
9578,0,0.015287,959.971
9579,0,0.015336,960.071
9580,0,0.0153604,960.172
9581,0,0.0153626,960.273
9582,0,0.0153448,960.373
9583,0,0.0153087,960.474
9584,0,0.0152561,960.574
9585,0,0.0151885,960.675
9586,0,0.0151072,960.776
9587,0,0.0150133,960.876
9588,0,0.014908,960.977
9589,0,0.0147921,961.077
9590,0,0.0146665,961.178
9591,0,0.0145321,961.278
9592,0,0.0143895,961.379
9593,0,0.0142394,961.479
9594,0,0.0140823,961.579
9595,0,0.0139189,961.68
9596,0,0.0137496,961.78
9597,0,0.0135749,961.881
9598,0,0.0133953,961.981
9599,0,0.0132111,962.082
9600,0,0.0130228,962.182
9601,0,0.0128306,962.282
9602,0,0.012635,962.383
9603,0,0.0124363,962.483
9604,0,0.0122347,962.583
9605,0,0.0120306,962.684
9606,0,0.0118241,962.784
9607,0,0.0116157,962.884
9608,0,0.0114056,962.985
9609,0,0.0111939,963.085
9610,0,0.010981,963.185
9611,0,0.0107671,963.285
9612,0,0.0105523,963.386
9613,0,0.010337,963.486
9614,0,0.0101213,963.586
9615,0,0.00990552,963.686
9616,0,0.0096898,963.787
9617,0,0.00947438,963.887
9618,0,0.00925947,963.987
9619,0,0.00904528,964.087
9620,0,0.00883204,964.187
9621,0,0.00861997,964.287
9622,0,0.00840928,964.388
9623,0,0.0082002,964.488
9624,0,0.00799298,964.588
9625,0,0.00778783,964.688
9626,0,0.00758502,964.788
9627,0,0.00738479,964.888
9628,0,0.0071874,964.988
9629,0,0.00699313,965.088
9630,0,0.00680227,965.189
9631,0,0.00661511,965.289
9632,0,0.00643196,965.389
9633,0,0.00625316,965.489
9634,0,0.00607905,965.589
9635,0,0.00591002,965.689
9636,0,0.00574644,965.789
9637,0,0.00558875,965.889
9638,0,0.0054374,965.989
9639,0,0.00529287,966.089
9640,0,0.00515568,966.189
9641,0,0.00502642,966.289
9642,0,0.00490568,966.389
9643,0,0.00479414,966.488
9644,0,0.00469254,966.588
9645,0,0.00460167,966.688
9646,0,0.00452242,966.788
9647,0,0.00445577,966.888
9648,0,0.0044028,966.988
9649,0,0.00436471,967.088
9650,0,0.00434284,967.188
9651,0,0.0043387,967.288
9652,0,0.00435397,967.387
9653,0,0.00439055,967.487
9654,0,0.00445059,967.587
9655,0,0.00453652,967.687
9656,0,0.00465109,967.787
9657,0,0.00479743,967.886
9658,0,0.00497904,967.986
9659,0,0.00519985,968.086
9660,0,0.00546421,968.186
9661,0,0.00577678,968.286
9662,0,0.00614235,968.385
9663,0,0.00656543,968.485
9664,0,0.00704952,968.585
9665,0,0.00759593,968.685
9666,0,0.00820212,968.785
9667,0,0.00885986,968.885
9668,0,0.00955402,968.985
9669,0,0.0102631,969.085
9670,0,0.0109626,969.185
9671,0,0.0116292,969.286
9672,0,0.0122456,969.386
9673,0,0.0128011,969.487
9674,0,0.0132919,969.588
9675,0,0.0137185,969.688
9676,0,0.0140843,969.789
9677,0,0.014394,969.89
9678,0,0.0146529,969.99
9679,0,0.0148659,970.091
9680,0,0.0150379,970.192
9681,0,0.0151732,970.292
9682,0,0.0152755,970.393
9683,0,0.0153484,970.494
9684,0,0.0153947,970.594
9685,0,0.0154172,970.695
9686,0,0.0154181,970.795
9687,0,0.0153994,970.896
9688,0,0.015363,970.997
9689,0,0.0153105,971.097
9690,0,0.0152432,971.198
9691,0,0.0151624,971.298
9692,0,0.0150693,971.399
9693,0,0.0149649,971.499
9694,0,0.0148501,971.6
9695,0,0.0147257,971.7
9696,0,0.0145925,971.801
9697,0,0.0144512,971.901
9698,0,0.0143024,972.002
9699,0,0.0141467,972.102
9700,0,0.0139846,972.203
9701,0,0.0138166,972.303
9702,0,0.0136433,972.404
9703,0,0.013465,972.504
9704,0,0.013282,972.604
9705,0,0.0130949,972.705
9706,0,0.012904,972.805
9707,0,0.0127095,972.905
9708,0,0.0125118,973.006
9709,0,0.0123112,973.106
9710,0,0.012108,973.206
9711,0,0.0119025,973.307
9712,0,0.0116948,973.407
9713,0,0.0114854,973.507
9714,0,0.0112744,973.608
9715,0,0.011062,973.708
9716,0,0.0108486,973.808
9717,0,0.0106342,973.909
9718,0,0.0104193,974.009
9719,0,0.0102038,974.109
9720,0,0.00998819,974.209
9721,0,0.00977255,974.309
9722,0,0.00955712,974.41
9723,0,0.00934212,974.51
9724,0,0.00912776,974.61
9725,0,0.00891427,974.71
9726,0,0.00870187,974.81
9727,0,0.00849077,974.91
9728,0,0.00828121,975.011
9729,0,0.00807341,975.111
9730,0,0.00786763,975.211
9731,0,0.0076641,975.311
9732,0,0.00746309,975.411
9733,0,0.00726486,975.511
9734,0,0.00706968,975.611
9735,0,0.00687784,975.711
9736,0,0.00668964,975.811
9737,0,0.00650542,975.911
9738,0,0.00632549,976.011
9739,0,0.00615022,976.112
9740,0,0.00597998,976.212
9741,0,0.00581518,976.312
9742,0,0.00565626,976.412
9743,0,0.00550366,976.512
9744,0,0.00535789,976.612
9745,0,0.00521949,976.711
9746,0,0.00508905,976.811
9747,0,0.00496718,976.911
9748,0,0.00485459,977.011
9749,0,0.00475203,977.111
9750,0,0.00466033,977.211
9751,0,0.00458041,977.311
9752,0,0.00451328,977.411
9753,0,0.00446006,977.511
9754,0,0.00442201,977.611
9755,0,0.00440052,977.71
9756,0,0.00439717,977.81
9757,0,0.00441371,977.91
9758,0,0.00445216,978.01
9759,0,0.00451476,978.11
9760,0,0.00460408,978.209
9761,0,0.00472301,978.309
9762,0,0.00487484,978.409
9763,0,0.00506328,978.509
9764,0,0.00529245,978.609
9765,0,0.00556691,978.708
9766,0,0.00589148,978.808
9767,0,0.00627102,978.908
9768,0,0.00670994,979.008
9769,0,0.00721127,979.108
9770,0,0.00777534,979.207
9771,0,0.00839796,979.307
9772,0,0.00906868,979.407
9773,0,0.00977,979.508
9774,0,0.0104789,979.608
9775,0,0.0111707,979.708
9776,0,0.011824,979.809
9777,0,0.0124233,979.909
9778,0,0.0129607,980.01
9779,0,0.0134338,980.11
9780,0,0.0138442,980.211
9781,0,0.0141958,980.312
9782,0,0.0144934,980.412
9783,0,0.014742,980.513
9784,0,0.0149467,980.614
9785,0,0.0151119,980.714
9786,0,0.0152417,980.815
9787,0,0.0153398,980.916
9788,0,0.0154094,981.016
9789,0,0.0154533,981.117
9790,0,0.015474,981.218
9791,0,0.0154737,981.318
9792,0,0.0154544,981.419
9793,0,0.0154177,981.519
9794,0,0.0153652,981.62
9795,0,0.0152983,981.721
9796,0,0.0152181,981.821
9797,0,0.0151258,981.922
9798,0,0.0150223,982.022
9799,0,0.0149085,982.123
9800,0,0.0147853,982.223
9801,0,0.0146533,982.324
9802,0,0.0145132,982.424
9803,0,0.0143657,982.525
9804,0,0.0142113,982.625
9805,0,0.0140505,982.726
9806,0,0.0138839,982.826
9807,0,0.0137118,982.926
9808,0,0.0135347,983.027
9809,0,0.013353,983.127
9810,0,0.0131671,983.228
9811,0,0.0129772,983.328
9812,0,0.0127838,983.428
9813,0,0.0125871,983.529
9814,0,0.0123875,983.629
9815,0,0.0121852,983.729
9816,0,0.0119804,983.83
9817,0,0.0117736,983.93
9818,0,0.0115648,984.03
9819,0,0.0113544,984.13
9820,0,0.0111425,984.231
9821,0,0.0109295,984.331
9822,0,0.0107155,984.431
9823,0,0.0105008,984.531
9824,0,0.0102856,984.632
9825,0,0.01007,984.732
9826,0,0.00985444,984.832
9827,0,0.00963896,984.932
9828,0,0.00942383,985.033
9829,0,0.00920926,985.133
9830,0,0.00899548,985.233
9831,0,0.0087827,985.333
9832,0,0.00857115,985.433
9833,0,0.00836106,985.533
9834,0,0.00815266,985.634
9835,0,0.0079462,985.734
9836,0,0.00774193,985.834
9837,0,0.0075401,985.934
9838,0,0.00734098,986.034
9839,0,0.00714485,986.134
9840,0,0.00695201,986.234
9841,0,0.00676277,986.334
9842,0,0.00657743,986.434
9843,0,0.00639636,986.534
9844,0,0.0062199,986.634
9845,0,0.00604845,986.734
9846,0,0.00588242,986.834
9847,0,0.00572224,986.934
9848,0,0.0055684,987.034
9849,0,0.0054214,987.134
9850,0,0.00528179,987.234
9851,0,0.00515017,987.334
9852,0,0.0050272,987.434
9853,0,0.00491359,987.534
9854,0,0.00481011,987.634
9855,0,0.00471764,987.734
9856,0,0.0046371,987.834
9857,0,0.00456957,987.934
9858,0,0.0045162,988.034
9859,0,0.0044783,988.133
9860,0,0.00445734,988.233
9861,0,0.00445495,988.333
9862,0,0.004473,988.433
9863,0,0.00451357,988.533
9864,0,0.00457904,988.632
9865,0,0.00467211,988.732
9866,0,0.00479584,988.832
9867,0,0.0049537,988.932
9868,0,0.00514959,989.032
9869,0,0.00538785,989.131
9870,0,0.00567322,989.231
9871,0,0.00601069,989.331
9872,0,0.00640515,989.431
9873,0,0.00686078,989.53
9874,0,0.00738,989.63
9875,0,0.0079619,989.73
9876,0,0.0086004,989.83
9877,0,0.00928263,989.93
9878,0,0.00998892,990.03
9879,0,0.0106951,990.131
9880,0,0.0113772,990.231
9881,0,0.0120155,990.331
9882,0,0.0125973,990.432
9883,0,0.0131165,990.533
9884,0,0.0135723,990.633
9885,0,0.0139672,990.734
9886,0,0.0143052,990.834
9887,0,0.0145912,990.935
9888,0,0.0148302,991.036
9889,0,0.015027,991.136
9890,0,0.0151858,991.237
9891,0,0.0153105,991.338
9892,0,0.0154045,991.438
9893,0,0.015471,991.539
9894,0,0.0155127,991.64
9895,0,0.0155318,991.74
9896,0,0.0155304,991.841
9897,0,0.0155105,991.941
9898,0,0.0154736,992.042
9899,0,0.0154212,992.143
9900,0,0.0153547,992.243
9901,0,0.0152751,992.344
9902,0,0.0151835,992.444
9903,0,0.0150809,992.545
9904,0,0.0149682,992.645
9905,0,0.0148461,992.746
9906,0,0.0147152,992.846
9907,0,0.0145764,992.947
9908,0,0.0144302,993.047
9909,0,0.014277,993.148
9910,0,0.0141175,993.248
9911,0,0.0139521,993.348
9912,0,0.0137813,993.449
9913,0,0.0136054,993.549
9914,0,0.0134249,993.65
9915,0,0.01324,993.75
9916,0,0.0130513,993.85
9917,0,0.0128589,993.951
9918,0,0.0126632,994.051
9919,0,0.0124644,994.151
9920,0,0.0122629,994.252
9921,0,0.012059,994.352
9922,0,0.0118528,994.452
9923,0,0.0116446,994.553
9924,0,0.0114348,994.653
9925,0,0.0112234,994.753
9926,0,0.0110108,994.853
9927,0,0.0107971,994.954
9928,0,0.0105826,995.054
9929,0,0.0103675,995.154
9930,0,0.010152,995.254
9931,0,0.00993641,995.355
9932,0,0.00972083,995.455
9933,0,0.00950552,995.555
9934,0,0.00929069,995.655
9935,0,0.00907656,995.755
9936,0,0.00886336,995.856
9937,0,0.00865131,995.956
9938,0,0.00844064,996.056
9939,0,0.00823159,996.156
9940,0,0.00802441,996.256
9941,0,0.00781934,996.356
9942,0,0.00761664,996.456
9943,0,0.00741659,996.556
9944,0,0.00721948,996.656
9945,0,0.00702559,996.757
9946,0,0.00683524,996.857
9947,0,0.00664876,996.957
9948,0,0.0064665,997.057
9949,0,0.00628882,997.157
9950,0,0.00611612,997.257
9951,0,0.00594882,997.357
9952,0,0.00578737,997.457
9953,0,0.00563225,997.557
9954,0,0.005484,997.657
9955,0,0.00534317,997.757
9956,0,0.00521038,997.857
9957,0,0.0050863,997.957
9958,0,0.00497168,998.057
9959,0,0.00486731,998.156
9960,0,0.00477409,998.256
9961,0,0.004693,998.356
9962,0,0.00462514,998.456
9963,0,0.00457172,998.556
9964,0,0.0045341,998.656
9965,0,0.00451382,998.756
9966,0,0.0045126,998.855
9967,0,0.00453237,998.955
9968,0,0.00457536,999.055
9969,0,0.00464406,999.155
9970,0,0.00474131,999.255
9971,0,0.00487035,999.354
9972,0,0.00503484,999.454
9973,0,0.0052389,999.554
9974,0,0.00548709,999.654
9975,0,0.00578434,999.753
9976,0,0.00613577,999.853
9977,0,0.00654623,999.953
9978,0,0.00701955,1000.05
9979,0,0.00755732,1000.15
9980,0,0.00815715,1000.25
9981,0,0.00881079,1000.35
9982,0,0.00950288,1000.45
9983,0,0.0102118,1000.55
9984,0,0.0109128,1000.65
9985,0,0.0115831,1000.75
9986,0,0.0122052,1000.85
9987,0,0.0127688,1000.95
9988,0,0.0132699,1001.06
9989,0,0.0137087,1001.16
9990,0,0.0140884,1001.26
9991,0,0.0144132,1001.36
9992,0,0.0146882,1001.46
9993,0,0.0149179,1001.56
9994,0,0.0151071,1001.66
9995,0,0.0152597,1001.76
9996,0,0.0153794,1001.86
9997,0,0.0154696,1001.96
9998,0,0.0155332,1002.06
9999,0,0.0155726,1002.16
10000,0,0.0155901,1002.26
0,1,9.99,0.316
1,1,9.96999,0.631783
2,1,9.93994,0.947132
3,1,9.89984,1.26183
4,1,9.84965,1.57564
5,1,9.78933,1.88835
6,1,9.71884,2.19972
7,1,9.63814,2.50952
8,1,9.54715,2.81749
9,1,9.44583,3.12339
10,1,9.33409,3.42694
11,1,9.21187,3.72788
12,1,9.07908,4.02592
13,1,8.93563,4.32076
14,1,8.78142,4.61208
15,1,8.61634,4.89955
16,1,8.4403,5.18282
17,1,8.25316,5.46151
18,1,8.05481,5.73523
19,1,7.84511,6.00354
20,1,7.62392,6.26599
21,1,7.3911,6.52208
22,1,7.1465,6.77128
23,1,6.88996,7.013
24,1,6.62133,7.24663
25,1,6.34045,7.47148
26,1,6.04715,7.68678
27,1,5.74129,7.89171
28,1,5.42271,8.08536
29,1,5.09129,8.26672
30,1,4.7469,8.43466
31,1,4.38946,8.58792
32,1,4.01894,8.7251
33,1,3.63535,8.84463
34,1,3.23879,8.9447
35,1,2.8295,9.02332
36,1,2.40783,9.0782
37,1,1.97441,9.10672
38,1,1.53012,9.10595
39,1,1.07628,9.07251
40,1,0.614757,9.0026
41,1,0.148202,8.89196
42,1,-0.319695,8.73586
43,1,-0.78383,8.52926
44,1,-1.23724,8.26698
45,1,-1.67058,7.94427
46,1,-2.07171,7.55763
47,1,-2.4255,7.10624
48,1,-2.71446,6.59375
49,1,-2.92064,6.0301
50,1,-3.02891,5.43241
51,1,-3.0309,4.82347
52,1,-2.92754,4.22796
53,1,-2.72867,3.66769
54,1,-2.44994,3.15827
55,1,-2.10899,2.70837
56,1,-1.72252,2.32086
57,1,-1.30474,1.99463
58,1,-0.867039,1.72628
59,1,-0.418148,1.51131
60,1,0.0353638,1.34493
61,1,0.488642,1.22245
62,1,0.93813,1.13948
63,1,1.38124,1.09206
64,1,1.81611,1.07664
65,1,2.24139,1.09008
66,1,2.65614,1.12958
67,1,3.05971,1.1927
68,1,3.45164,1.27726
69,1,3.83165,1.38135
70,1,4.19957,1.50326
71,1,4.55532,1.64147
72,1,4.89888,1.79464
73,1,5.23027,1.96154
74,1,5.54956,2.14109
75,1,5.85682,2.33231
76,1,6.15216,2.5343
77,1,6.4357,2.74626
78,1,6.70753,2.96744
79,1,6.9678,3.19718
80,1,7.21662,3.43485
81,1,7.4541,3.67988
82,1,7.68038,3.93175
83,1,7.89555,4.18996
84,1,8.09974,4.45406
85,1,8.29305,4.72363
86,1,8.47558,4.99826
87,1,8.64743,5.27759
88,1,8.80868,5.56127
89,1,8.95942,5.84896
90,1,9.09972,6.14035
91,1,9.22965,6.43513
92,1,9.34929,6.73302
93,1,9.45869,7.03376
94,1,9.55789,7.33706
95,1,9.64696,7.64268
96,1,9.72593,7.95038
97,1,9.79482,8.25991
98,1,9.85368,8.57105
99,1,9.90253,8.88355
100,1,9.94138,9.19721
101,1,9.97023,9.5118
102,1,9.98911,9.8271
103,1,9.998,10.1429
104,1,9.99689,10.459
105,1,9.98578,10.7751
106,1,9.96465,11.0911
107,1,9.93347,11.4067
108,1,9.8922,11.7217
109,1,9.84081,12.0359
110,1,9.77926,12.3491
111,1,9.7075,12.661
112,1,9.62546,12.9713
113,1,9.53308,13.2799
114,1,9.4303,13.5864
115,1,9.31704,13.8907
116,1,9.1932,14.1924
117,1,9.05871,14.4912
118,1,8.91346,14.7869
119,1,8.75734,15.079
120,1,8.59025,15.3674
121,1,8.41206,15.6515
122,1,8.22264,15.9311
123,1,8.02187,16.2057
124,1,7.80959,16.4748
125,1,7.58566,16.7381
126,1,7.34992,16.9949
127,1,7.10221,17.2448
128,1,6.84237,17.4871
129,1,6.57023,17.7213
130,1,6.2856,17.9465
131,1,5.98834,18.1619
132,1,5.67826,18.3669
133,1,5.35521,18.5602
134,1,5.01905,18.741
135,1,4.66965,18.9081
136,1,4.30693,19.06
137,1,3.93085,19.1954
138,1,3.54144,19.3125
139,1,3.13881,19.4095
140,1,2.72323,19.4842
141,1,2.29513,19.5342
142,1,1.85518,19.5567
143,1,1.40442,19.5485
144,1,0.944325,19.5062
145,1,0.477044,19.4255
146,1,0.00559247,19.3021
147,1,-0.465814,19.1308
148,1,-0.931351,18.9066
149,1,-1.3831,18.6241
150,1,-1.81053,18.279
151,1,-2.20014,17.8684
152,1,-2.53555,17.3932
153,1,-2.79862,16.8595
154,1,-2.97201,16.2803
155,1,-3.04295,15.6753
156,1,-3.00685,15.069
157,1,-2.86863,14.4851
158,1,-2.64099,13.9431
159,1,-2.34075,13.4557
160,1,-1.9853,13.0288
161,1,-1.59027,12.6636
162,1,-1.16859,12.3578
163,1,-0.730438,12.1076
164,1,-0.283553,11.9084
165,1,0.166271,11.7556
166,1,0.614755,11.6446
167,1,1.05876,11.5714
168,1,1.496,11.532
169,1,1.92482,11.5233
170,1,2.34403,11.5423
171,1,2.75278,11.5864
172,1,3.15048,11.6532
173,1,3.53674,11.7407
174,1,3.9113,11.8471
175,1,4.274,11.9708
176,1,4.62477,12.1104
177,1,4.9636,12.2645
178,1,5.2905,12.4321
179,1,5.60554,12.612
180,1,5.90879,12.8034
181,1,6.20033,13.0053
182,1,6.48028,13.2171
183,1,6.74874,13.4379
184,1,7.00583,13.6672
185,1,7.25164,13.9044
186,1,7.4863,14.1488
187,1,7.70991,14.4
188,1,7.92258,14.6576
189,1,8.12441,14.921
190,1,8.31549,15.1898
191,1,8.49592,15.4637
192,1,8.66578,15.7424
193,1,8.82516,16.0254
194,1,8.97412,16.3124
195,1,9.11274,16.6031
196,1,9.24109,16.8973
197,1,9.35921,17.1946
198,1,9.46716,17.4949
199,1,9.56499,17.7977
200,1,9.65274,18.1029
201,1,9.73043,18.4102
202,1,9.7981,18.7194
203,1,9.85577,19.0303
204,1,9.90346,19.3426
205,1,9.94117,19.6562
206,1,9.96891,19.9707
207,1,9.98668,20.286
208,1,9.99446,20.6018
209,1,9.99226,20.918
210,1,9.98004,21.2343
211,1,9.95779,21.5506
212,1,9.92546,21.8665
213,1,9.88302,22.1819
214,1,9.83043,22.4965
215,1,9.76764,22.8102
216,1,9.69458,23.1226
217,1,9.6112,23.4336
218,1,9.51741,23.7428
219,1,9.41316,24.0501
220,1,9.29834,24.3551
221,1,9.17287,24.6576
222,1,9.03665,24.9572
223,1,8.88956,25.2537
224,1,8.73151,25.5468
225,1,8.56236,25.836
226,1,8.38198,26.1211
227,1,8.19023,26.4016
228,1,7.98698,26.677
229,1,7.77207,26.9471
230,1,7.54533,27.2111
231,1,7.3066,27.4688
232,1,7.05571,27.7194
233,1,6.79249,27.9623
234,1,6.51673,28.1969
235,1,6.22828,28.4225
236,1,5.92693,28.6381
237,1,5.61252,28.843
238,1,5.28488,29.036
239,1,4.94385,29.2162
240,1,4.5893,29.3822
241,1,4.22115,29.5327
242,1,3.83936,29.6661
243,1,3.44397,29.7806
244,1,3.03512,29.8742
245,1,2.61311,29.9447
246,1,2.17843,29.9894
247,1,1.73186,30.0054
248,1,1.27457,29.9894
249,1,0.808266,29.9374
250,1,0.335384,29.8452
251,1,-0.140621,29.708
252,1,-0.614928,29.5205
253,1,-1.08089,29.2774
254,1,-1.52952,28.9736
255,1,-1.949,28.6051
256,1,-2.32445,28.1702
257,1,-2.63841,27.6718
258,1,-2.87255,27.1186
259,1,-3.01089,26.5268
260,1,-3.04374,25.9185
261,1,-2.97053,25.3185
262,1,-2.79981,24.7492
263,1,-2.54643,24.2272
264,1,-2.22769,23.7622
265,1,-1.8603,23.3579
266,1,-1.45869,23.014
267,1,-1.03455,22.7276
268,1,-0.596918,22.4945
269,1,-0.152663,22.3101
270,1,0.293105,22.1699
271,1,0.736609,22.0696
272,1,1.17507,22.0053
273,1,1.60646,21.9735
274,1,2.02931,21.9711
275,1,2.44255,21.9952
276,1,2.84543,22.0435
277,1,3.23742,22.1137
278,1,3.61816,22.204
279,1,3.98741,22.3125
280,1,4.34504,22.4379
281,1,4.69097,22.5787
282,1,5.0252,22.7337
283,1,5.34774,22.9019
284,1,5.65865,23.0821
285,1,5.95799,23.2736
286,1,6.24584,23.4755
287,1,6.52231,23.687
288,1,6.78748,23.9075
289,1,7.04146,24.1364
290,1,7.28435,24.373
291,1,7.51626,24.6169
292,1,7.73727,24.8675
293,1,7.94749,25.1244
294,1,8.14701,25.3871
295,1,8.33592,25.6553
296,1,8.51429,25.9285
297,1,8.68222,26.2065
298,1,8.83976,26.4888
299,1,8.98699,26.7752
300,1,9.12397,27.0654
301,1,9.25075,27.359
302,1,9.36739,27.6558
303,1,9.47392,27.9556
304,1,9.5704,28.258
305,1,9.65684,28.5628
306,1,9.73328,28.8698
307,1,9.79974,29.1788
308,1,9.85624,29.4894
309,1,9.90277,29.8016
310,1,9.93936,30.1151
311,1,9.96599,30.4295
312,1,9.98266,30.7449
313,1,9.98935,31.0608
314,1,9.98605,31.3772
315,1,9.97272,31.6938
316,1,9.94934,32.0103
317,1,9.91587,32.3266
318,1,9.87226,32.6424
319,1,9.81845,32.9575
320,1,9.75441,33.2717
321,1,9.68004,33.5847
322,1,9.5953,33.8963
323,1,9.50009,34.2063
324,1,9.39434,34.5143
325,1,9.27795,34.8201
326,1,9.15082,35.1234
327,1,9.01283,35.424
328,1,8.86389,35.7214
329,1,8.70385,36.0154
330,1,8.5326,36.3055
331,1,8.34998,36.5915
332,1,8.15586,36.873
333,1,7.95008,37.1494
334,1,7.73247,37.4203
335,1,7.50286,37.6852
336,1,7.26107,37.9437
337,1,7.00692,38.195
338,1,6.74021,38.4386
339,1,6.46076,38.6737
340,1,6.16836,38.8995
341,1,5.86283,39.1153
342,1,5.54397,39.3201
343,1,5.2116,39.5128
344,1,4.86556,39.6922
345,1,4.50571,39.8571
346,1,4.13198,40.006
347,1,3.74432,40.1372
348,1,3.34278,40.2489
349,1,2.92755,40.3389
350,1,2.49896,40.4048
351,1,2.05757,40.4438
352,1,1.60429,40.4528
353,1,1.14045,40.4281
354,1,0.668002,40.3658
355,1,0.189738,40.2611
356,1,-0.290384,40.1091
357,1,-0.766846,39.9043
358,1,-1.23207,39.6412
359,1,-1.67588,39.3149
360,1,-2.08509,38.9222
361,1,-2.44349,38.463
362,1,-2.73284,37.9422
363,1,-2.93523,37.3719
364,1,-3.03679,36.771
365,1,-3.03148,36.1633
366,1,-2.92277,35.5732
367,1,-2.72227,35.0209
368,1,-2.4462,34.5199
369,1,-2.11177,34.0774
370,1,-1.73473,33.6951
371,1,-1.32827,33.3717
372,1,-0.902877,33.1035
373,1,-0.466589,32.8864
374,1,-0.0254741,32.7158
375,1,0.415948,32.5874
376,1,0.854333,32.497
377,1,1.28722,32.4411
378,1,1.7128,32.4163
379,1,2.12977,32.4197
380,1,2.53716,32.4486
381,1,2.9343,32.5008
382,1,3.32071,32.5742
383,1,3.69606,32.667
384,1,4.06015,32.7776
385,1,4.41283,32.9045
386,1,4.75406,33.0464
387,1,5.08382,33.2023
388,1,5.40211,33.3709
389,1,5.709,33.5515
390,1,6.00453,33.743
391,1,6.28879,33.9448
392,1,6.56186,34.1562
393,1,6.82383,34.3763
394,1,7.07479,34.6048
395,1,7.31483,34.8409
396,1,7.54404,35.0842
397,1,7.76252,35.3342
398,1,7.97035,35.5905
399,1,8.16762,35.8525
400,1,8.3544,36.1201
401,1,8.53076,36.3927
402,1,8.69679,36.67
403,1,8.85254,36.9517
404,1,8.99806,37.2376
405,1,9.13343,37.5272
406,1,9.25868,37.8203
407,1,9.37386,38.1166
408,1,9.479,38.4159
409,1,9.57414,38.718
410,1,9.6593,39.0225
411,1,9.7345,39.3292
412,1,9.79977,39.6379
413,1,9.8551,39.9484
414,1,9.9005,40.2605
415,1,9.93597,40.5739
416,1,9.9615,40.8884
417,1,9.97707,41.2039
418,1,9.98267,41.52
419,1,9.97827,41.8366
420,1,9.96383,42.1534
421,1,9.93933,42.4703
422,1,9.9047,42.787
423,1,9.85991,43.1033
424,1,9.80488,43.4189
425,1,9.73957,43.7337
426,1,9.66389,44.0474
427,1,9.57777,44.3597
428,1,9.48112,44.6704
429,1,9.37385,44.9792
430,1,9.25585,45.2859
431,1,9.12703,45.5901
432,1,8.98726,45.8915
433,1,8.83641,46.1899
434,1,8.67436,46.4848
435,1,8.50096,46.776
436,1,8.31606,47.063
437,1,8.11951,47.3454
438,1,7.91113,47.6227
439,1,7.69076,47.8946
440,1,7.4582,48.1604
441,1,7.21327,48.4197
442,1,6.95577,48.6717
443,1,6.6855,48.9159
444,1,6.40225,49.1515
445,1,6.1058,49.3777
446,1,5.79595,49.5936
447,1,5.47251,49.7982
448,1,5.13527,49.9904
449,1,4.78408,50.1691
450,1,4.41878,50.3327
451,1,4.03929,50.4799
452,1,3.64559,50.6087
453,1,3.23775,50.7173
454,1,2.81596,50.8033
455,1,2.38063,50.8643
456,1,1.93242,50.8971
457,1,1.47235,50.8985
458,1,1.00195,50.8646
459,1,0.523469,50.791
460,1,0.0401125,50.6729
461,1,-0.44358,50.5049
462,1,-0.92129,50.2815
463,1,-1.38439,49.9971
464,1,-1.82141,49.6474
465,1,-2.21774,49.23
466,1,-2.55602,48.7466
467,1,-2.81762,48.2051
468,1,-2.98575,47.6205
469,1,-3.04945,47.0143
470,1,-3.00665,46.4111
471,1,-2.86458,45.834
472,1,-2.63719,45.3004
473,1,-2.34139,44.8211
474,1,-1.99384,44.4009
475,1,-1.60918,44.0399
476,1,-1.19936,43.7358
477,1,-0.773742,43.4849
478,1,-0.339466,43.2828
479,1,0.0980993,43.1251
480,1,0.534952,43.0076
481,1,0.968126,42.9266
482,1,1.39543,42.8785
483,1,1.81526,42.8602
484,1,2.22643,42.869
485,1,2.62809,42.9024
486,1,3.01961,42.9582
487,1,3.40058,43.0346
488,1,3.77068,43.1298
489,1,4.12973,43.2422
490,1,4.47761,43.3706
491,1,4.81426,43.5136
492,1,5.13965,43.6702
493,1,5.45381,43.8393
494,1,5.75678,44.0201
495,1,6.0486,44.2118
496,1,6.32936,44.4135
497,1,6.59911,44.6246
498,1,6.85795,44.8444
499,1,7.10595,45.0724
500,1,7.34321,45.3081
501,1,7.56979,45.5509
502,1,7.78579,45.8003
503,1,7.99129,46.056
504,1,8.18634,46.3175
505,1,8.37104,46.5844
506,1,8.54543,46.8564
507,1,8.70959,47.1331
508,1,8.86358,47.4143
509,1,9.00743,47.6996
510,1,9.14121,47.9887
511,1,9.26495,48.2813
512,1,9.37869,48.5772
513,1,9.48246,48.8761
514,1,9.57628,49.1778
515,1,9.66017,49.482
516,1,9.73415,49.7886
517,1,9.79823,50.0971
518,1,9.8524,50.4075
519,1,9.89667,50.7195
520,1,9.93103,51.033
521,1,9.95546,51.3476
522,1,9.96994,51.6631
523,1,9.97444,51.9794
524,1,9.96894,52.2963
525,1,9.95338,52.6134
526,1,9.92774,52.9307
527,1,9.89195,53.2479
528,1,9.84596,53.5647
529,1,9.7897,53.8809
530,1,9.72311,54.1963
531,1,9.64609,54.5107
532,1,9.55857,54.8237
533,1,9.46045,55.1352
534,1,9.35163,55.4449
535,1,9.23201,55.7525
536,1,9.10146,56.0576
537,1,8.95985,56.36
538,1,8.80707,56.6594
539,1,8.64295,56.9553
540,1,8.46735,57.2475
541,1,8.28012,57.5355
542,1,8.08107,57.8189
543,1,7.87004,58.0973
544,1,7.64683,58.3701
545,1,7.41125,58.6368
546,1,7.16309,58.8969
547,1,6.90215,59.1497
548,1,6.6282,59.3945
549,1,6.34103,59.6305
550,1,6.04042,59.857
551,1,5.72613,60.073
552,1,5.39796,60.2774
553,1,5.05571,60.4691
554,1,4.6992,60.6468
555,1,4.32829,60.8091
556,1,3.94288,60.9543
557,1,3.54295,61.0806
558,1,3.12862,61.1858
559,1,2.70011,61.2675
560,1,2.2579,61.323
561,1,1.80274,61.3492
562,1,1.33581,61.3423
563,1,0.858892,61.2983
564,1,0.374552,61.2126
565,1,-0.113513,61.08
566,1,-0.600091,60.8949
567,1,-1.07795,60.6516
568,1,-1.53728,60.3448
569,1,-1.96524,59.9706
570,1,-2.34584,59.5281
571,1,-2.66076,59.0214
572,1,-2.8916,58.4613
573,1,-3.02349,57.8657
574,1,-3.04895,57.2582
575,1,-2.97,56.6631
576,1,-2.79709,56.1015
577,1,-2.54578,55.5881
578,1,-2.23305,55.1307
579,1,-1.87472,54.7323
580,1,-1.48421,54.3917
581,1,-1.07231,54.106
582,1,-0.64733,53.8714
583,1,-0.215622,53.6833
584,1,0.218063,53.5377
585,1,0.650175,53.4305
586,1,1.07808,53.3581
587,1,1.49982,53.3173
588,1,1.91396,53.3051
589,1,2.31943,53.319
590,1,2.71546,53.3566
591,1,3.1015,53.4158
592,1,3.47715,53.495
593,1,3.84214,53.5924
594,1,4.19628,53.7066
595,1,4.53947,53.8363
596,1,4.87164,53.9803
597,1,5.19279,54.1376
598,1,5.50292,54.3072
599,1,5.80206,54.4882
600,1,6.09026,54.6799
601,1,6.36759,54.8815
602,1,6.63411,55.0924
603,1,6.88989,55.3119
604,1,7.13501,55.5395
605,1,7.36954,55.7747
606,1,7.59356,56.017
607,1,7.80713,56.2659
608,1,8.01032,56.521
609,1,8.20322,56.7819
610,1,8.38586,57.0483
611,1,8.55832,57.3197
612,1,8.72065,57.5959
613,1,8.8729,57.8766
614,1,9.01511,58.1613
615,1,9.14733,58.45
616,1,9.26958,58.7422
617,1,9.38189,59.0377
618,1,9.4843,59.3363
619,1,9.57682,59.6377
620,1,9.65945,59.9417
621,1,9.73222,60.248
622,1,9.79511,60.5565
623,1,9.84814,60.8668
624,1,9.89128,61.1788
625,1,9.92452,61.4923
626,1,9.94785,61.807
627,1,9.96123,62.1228
628,1,9.96463,62.4393
629,1,9.95802,62.7565
630,1,9.94134,63.074
631,1,9.91455,63.3917
632,1,9.87758,63.7094
633,1,9.83038,64.0268
634,1,9.77287,64.3436
635,1,9.70497,64.6597
636,1,9.62659,64.9748
637,1,9.53765,65.2887
638,1,9.43803,65.601
639,1,9.32763,65.9116
640,1,9.20634,66.2201
641,1,9.07402,66.5262
642,1,8.93055,66.8296
643,1,8.77577,67.13
644,1,8.60953,67.427
645,1,8.43168,67.7202
646,1,8.24205,68.0093
647,1,8.04044,68.2937
648,1,7.82667,68.5731
649,1,7.60055,68.8469
650,1,7.36186,69.1145
651,1,7.11038,69.3755
652,1,6.84589,69.629
653,1,6.56816,69.8744
654,1,6.27695,70.1109
655,1,5.97203,70.3376
656,1,5.65317,70.5536
657,1,5.32013,70.7577
658,1,4.9727,70.9488
659,1,4.6107,71.1255
660,1,4.23399,71.2862
661,1,3.84247,71.4293
662,1,3.43614,71.5527
663,1,3.01512,71.6542
664,1,2.57972,71.7313
665,1,2.13047,71.7809
666,1,1.66825,71.7997
667,1,1.19444,71.7839
668,1,0.71107,71.729
669,1,0.221119,71.6301
670,1,-0.271159,71.4818
671,1,-0.759773,71.2783
672,1,-1.23645,71.0138
673,1,-1.6901,70.6834
674,1,-2.10643,70.284
675,1,-2.46816,69.8166
676,1,-2.75647,69.2879
677,1,-2.95384,68.7117
678,1,-3.04809,68.109
679,1,-3.03568,67.504
680,1,-2.92249,66.9203
681,1,-2.72153,66.3764
682,1,-2.44923,65.8839
683,1,-2.12218,65.4484
684,1,-1.75516,65.0711
685,1,-1.36038,64.75
686,1,-0.947477,64.4818
687,1,-0.52388,64.2623
688,1,-0.0952049,64.0875
689,1,0.33433,63.9531
690,1,0.76157,63.8555
691,1,1.18417,63.7913
692,1,1.60037,63.7573
693,1,2.00888,63.7508
694,1,2.40875,63.7694
695,1,2.79928,63.8109
696,1,3.17995,63.8734
697,1,3.55041,63.9551
698,1,3.9104,64.0546
699,1,4.25975,64.1704
700,1,4.59837,64.3014
701,1,4.92618,64.4463
702,1,5.24319,64.6042
703,1,5.54938,64.7742
704,1,5.8448,64.9555
705,1,6.12947,65.1472
706,1,6.40346,65.3487
707,1,6.66682,65.5594
708,1,6.91962,65.7786
709,1,7.16192,66.0059
710,1,7.39378,66.2406
711,1,7.61528,66.4824
712,1,7.82648,66.7308
713,1,8.02743,66.9854
714,1,8.2182,67.2458
715,1,8.39885,67.5116
716,1,8.56941,67.7825
717,1,8.72995,68.0582
718,1,8.8805,68.3383
719,1,9.02109,68.6227
720,1,9.15177,68.9109
721,1,9.27256,69.2027
722,1,9.38348,69.4979
723,1,9.48454,69.7962
724,1,9.57577,70.0974
725,1,9.65717,70.4012
726,1,9.72873,70.7073
727,1,9.79046,71.0157
728,1,9.84235,71.326
729,1,9.88437,71.6381
730,1,9.91651,71.9517
731,1,9.93874,72.2666
732,1,9.95103,72.5826
733,1,9.95333,72.8994
734,1,9.94561,73.2169
735,1,9.9278,73.5349
736,1,9.89986,73.8531
737,1,9.86172,74.1713
738,1,9.8133,74.4893
739,1,9.75452,74.8068
740,1,9.68531,75.1237
741,1,9.60556,75.4396
742,1,9.51517,75.7542
743,1,9.41404,76.0675
744,1,9.30204,76.379
745,1,9.17905,76.6885
746,1,9.04494,76.9956
747,1,8.89956,77.3
748,1,8.74275,77.6015
749,1,8.57436,77.8996
750,1,8.39421,78.1939
751,1,8.20212,78.4841
752,1,7.99789,78.7696
753,1,7.78133,79.05
754,1,7.55222,79.3248
755,1,7.31034,79.5934
756,1,7.05545,79.8552
757,1,6.78732,80.1094
758,1,6.50571,80.3555
759,1,6.21036,80.5924
760,1,5.90101,80.8193
761,1,5.57744,81.0353
762,1,5.23938,81.2391
763,1,4.88663,81.4295
764,1,4.51898,81.605
765,1,4.13629,81.764
766,1,3.73848,81.9047
767,1,3.32557,82.025
768,1,2.89771,82.1225
769,1,2.45524,82.1945
770,1,1.99882,82.2377
771,1,1.52947,82.2486
772,1,1.04878,82.223
773,1,0.559094,82.1564
774,1,0.0638635,82.0433
775,1,-0.432009,81.8781
776,1,-0.921639,81.6549
777,1,-1.3956,81.368
778,1,-1.84139,81.0129
779,1,-2.24328,80.588
780,1,-2.58296,80.0963
781,1,-2.84159,79.5475
782,1,-3.00334,78.9586
783,1,-3.0594,78.3525
784,1,-3.01032,77.7539
785,1,-2.86534,77.1843
786,1,-2.6393,76.6594
787,1,-2.34888,76.1883
788,1,-2.00995,75.7743
789,1,-1.63611,75.4173
790,1,-1.2384,75.1147
791,1,-0.825449,74.8629
792,1,-0.403844,74.6578
793,1,0.0214236,74.4952
794,1,0.446604,74.3714
795,1,0.868888,74.2828
796,1,1.28617,74.2261
797,1,1.69689,74.1985
798,1,2.09987,74.1973
799,1,2.49425,74.2203
800,1,2.87939,74.2655
801,1,3.25483,74.331
802,1,3.62022,74.4151
803,1,3.97534,74.5165
804,1,4.32004,74.6339
805,1,4.6542,74.766
806,1,4.97778,74.9118
807,1,5.29075,75.0703
808,1,5.59312,75.2407
809,1,5.8849,75.4221
810,1,6.16614,75.6139
811,1,6.43688,75.8153
812,1,6.69716,76.0257
813,1,6.94705,76.2447
814,1,7.1866,76.4715
815,1,7.41587,76.7059
816,1,7.63491,76.9472
817,1,7.84379,77.1951
818,1,8.04255,77.4492
819,1,8.23126,77.7091
820,1,8.40994,77.9744
821,1,8.57866,78.2448
822,1,8.73744,78.52
823,1,8.88632,78.7997
824,1,9.02534,79.0836
825,1,9.15451,79.3715
826,1,9.27387,79.6629
827,1,9.38342,79.9578
828,1,9.48317,80.2559
829,1,9.57314,80.5568
830,1,9.65332,80.8605
831,1,9.7237,81.1666
832,1,9.78428,81.4749
833,1,9.83505,81.7853
834,1,9.87597,82.0974
835,1,9.90701,82.4112
836,1,9.92816,82.7263
837,1,9.93937,83.0425
838,1,9.94058,83.3597
839,1,9.93176,83.6777
840,1,9.91283,83.9961
841,1,9.88374,84.3148
842,1,9.84442,84.6336
843,1,9.79478,84.9523
844,1,9.73474,85.2705
845,1,9.6642,85.5882
846,1,9.58307,85.9049
847,1,9.49123,86.2205
848,1,9.38856,86.5347
849,1,9.27495,86.8472
850,1,9.15025,87.1576
851,1,9.01432,87.4658
852,1,8.867,87.7714
853,1,8.70814,88.074
854,1,8.53755,88.3732
855,1,8.35507,88.6687
856,1,8.16048,88.9599
857,1,7.95358,89.2466
858,1,7.73417,89.5281
859,1,7.50201,89.8039
860,1,7.25686,90.0735
861,1,6.99849,90.3361
862,1,6.72664,90.5911
863,1,6.44104,90.8378
864,1,6.14144,91.0751
865,1,5.82756,91.3023
866,1,5.49915,91.5181
867,1,5.15594,91.7215
868,1,4.79772,91.9111
869,1,4.42427,92.0853
870,1,4.03545,92.2425
871,1,3.63119,92.3806
872,1,3.21153,92.4976
873,1,2.77665,92.5907
874,1,2.327,92.6571
875,1,1.86331,92.6934
876,1,1.38678,92.6957
877,1,0.899262,92.6597
878,1,0.403484,92.5803
879,1,-0.0965805,92.452
880,1,-0.595273,92.2688
881,1,-1.0847,92.0246
882,1,-1.55414,91.7141
883,1,-1.98966,91.3337
884,1,-2.37415,90.8833
885,1,-2.68861,90.3686
886,1,-2.91489,89.8022
887,1,-3.03964,89.2043
888,1,-3.05785,88.5989
889,1,-2.97401,88.0099
890,1,-2.80009,87.4566
891,1,-2.55202,86.9517
892,1,-2.24623,86.5018
893,1,-1.89762,86.1087
894,1,-1.51863,85.7711
895,1,-1.11919,85.4859
896,1,-0.706989,85.2495
897,1,-0.287889,85.0577
898,1,0.133669,84.9066
899,1,0.554343,84.7926
900,1,0.971622,84.7123
901,1,1.38362,84.6626
902,1,1.78892,84.6409
903,1,2.18648,84.6447
904,1,2.57549,84.6718
905,1,2.95538,84.7204
906,1,3.32571,84.7886
907,1,3.68619,84.875
908,1,4.03659,84.9782
909,1,4.37675,85.097
910,1,4.7066,85.2301
911,1,5.02606,85.3767
912,1,5.33512,85.5358
913,1,5.63377,85.7065
914,1,5.92203,85.8881
915,1,6.19993,86.0798
916,1,6.46751,86.2811
917,1,6.72481,86.4914
918,1,6.97187,86.71
919,1,7.20875,86.9365
920,1,7.4355,87.1704
921,1,7.65216,87.4113
922,1,7.85879,87.6588
923,1,8.05542,87.9124
924,1,8.24211,88.1718
925,1,8.4189,88.4366
926,1,8.58581,88.7066
927,1,8.74289,88.9814
928,1,8.89015,89.2607
929,1,9.02763,89.5442
930,1,9.15534,89.8317
931,1,9.2733,90.1228
932,1,9.38151,90.4175
933,1,9.47998,90.7153
934,1,9.56872,91.0161
935,1,9.6477,91.3197
936,1,9.71693,91.6257
937,1,9.77639,91.9341
938,1,9.82605,92.2445
939,1,9.86588,92.5568
940,1,9.89586,92.8707
941,1,9.91593,93.1861
942,1,9.92606,93.5027
943,1,9.9262,93.8203
944,1,9.91628,94.1387
945,1,9.89624,94.4576
946,1,9.86601,94.7769
947,1,9.82551,95.0964
948,1,9.77464,95.4158
949,1,9.71333,95.7348
950,1,9.64147,96.0532
951,1,9.55894,96.3709
952,1,9.46564,96.6874
953,1,9.36143,97.0026
954,1,9.24618,97.3161
955,1,9.11974,97.6277
956,1,8.98196,97.937
957,1,8.83268,98.2437
958,1,8.67173,98.5474
959,1,8.49891,98.8478
960,1,8.31403,99.1445
961,1,8.11689,99.4369
962,1,7.90727,99.7247
963,1,7.68494,100.007
964,1,7.44966,100.284
965,1,7.20117,100.555
966,1,6.93923,100.818
967,1,6.66355,101.074
968,1,6.37387,101.321
969,1,6.06989,101.559
970,1,5.75135,101.786
971,1,5.41795,102.002
972,1,5.06945,102.205
973,1,4.70558,102.394
974,1,4.32616,102.566
975,1,3.93103,102.721
976,1,3.52013,102.857
977,1,3.09353,102.97
978,1,2.65148,103.058
979,1,2.19448,103.119
980,1,1.72341,103.148
981,1,1.23968,103.141
982,1,0.745434,103.093
983,1,0.243837,103
984,1,-0.260511,102.855
985,1,-0.761086,102.653
986,1,-1.24885,102.386
987,1,-1.71171,102.051
988,1,-2.13421,101.645
989,1,-2.49811,101.17
990,1,-2.78421,100.633
991,1,-2.97581,100.053
992,1,-3.06272,99.4494
993,1,-3.044,98.8484
994,1,-2.92764,98.272
995,1,-2.72764,97.7366
996,1,-2.46036,97.2523
997,1,-2.14163,96.8235
998,1,-1.78525,96.4505
999,1,-1.40251,96.1313
1000,1,-1.00231,95.8626
1001,1,-0.591506,95.6406
1002,1,-0.175317,95.4613
1003,1,0.2423,95.321
1004,1,0.658361,95.2162
1005,1,1.07061,95.1436
1006,1,1.47736,95.1006
1007,1,1.87733,95.0844
1008,1,2.26955,95.0928
1009,1,2.6533,95.1238
1010,1,3.02806,95.1755
1011,1,3.39342,95.2464
1012,1,3.74909,95.3349
1013,1,4.09488,95.4398
1014,1,4.43063,95.5599
1015,1,4.75627,95.6941
1016,1,5.07172,95.8414
1017,1,5.37696,96.0009
1018,1,5.67199,96.172
1019,1,5.95681,96.3537
1020,1,6.23145,96.5455
1021,1,6.49594,96.7467
1022,1,6.75032,96.9567
1023,1,6.99462,97.1751
1024,1,7.22889,97.4013
1025,1,7.45316,97.6348
1026,1,7.66749,97.8753
1027,1,7.87191,98.1223
1028,1,8.06646,98.3755
1029,1,8.25117,98.6345
1030,1,8.42608,98.8989
1031,1,8.59122,99.1684
1032,1,8.74662,99.4428
1033,1,8.89229,99.7217
1034,1,9.02824,100.005
1035,1,9.15451,100.292
1036,1,9.27108,100.583
1037,1,9.37797,100.877
1038,1,9.47517,101.175
1039,1,9.56268,101.476
1040,1,9.64048,101.779
1041,1,9.70855,102.085
1042,1,9.76688,102.394
1043,1,9.81544,102.704
1044,1,9.85418,103.017
1045,1,9.88307,103.331
1046,1,9.90207,103.647
1047,1,9.91112,103.964
1048,1,9.91016,104.282
1049,1,9.89913,104.601
1050,1,9.87796,104.92
1051,1,9.84656,105.24
1052,1,9.80485,105.56
1053,1,9.75274,105.88
1054,1,9.69013,106.2
1055,1,9.61691,106.52
1056,1,9.53296,106.838
1057,1,9.43815,107.156
1058,1,9.33235,107.472
1059,1,9.21541,107.786
1060,1,9.08718,108.099
1061,1,8.94751,108.41
1062,1,8.7962,108.717
1063,1,8.63309,109.022
1064,1,8.45796,109.324
1065,1,8.27062,109.622
1066,1,8.07085,109.916
1067,1,7.8584,110.205
1068,1,7.63305,110.488
1069,1,7.39454,110.766
1070,1,7.1426,111.038
1071,1,6.87695,111.302
1072,1,6.59731,111.559
1073,1,6.30338,111.806
1074,1,5.99488,112.044
1075,1,5.67149,112.272
1076,1,5.33293,112.487
1077,1,4.97893,112.69
1078,1,4.60922,112.877
1079,1,4.2236,113.048
1080,1,3.82193,113.201
1081,1,3.40417,113.333
1082,1,2.97041,113.442
1083,1,2.52096,113.526
1084,1,2.05644,113.579
1085,1,1.57789,113.6
1086,1,1.08694,113.583
1087,1,0.586097,113.523
1088,1,0.0790489,113.415
1089,1,-0.428878,113.252
1090,1,-0.930166,113.029
1091,1,-1.4145,112.739
1092,1,-1.8683,112.378
1093,1,-2.27468,111.945
1094,1,-2.61456,111.446
1095,1,-2.86918,110.89
1096,1,-3.02411,110.299
1097,1,-3.0729,109.694
1098,1,-3.0186,109.101
1099,1,-2.87213,108.54
1100,1,-2.64881,108.023
1101,1,-2.36491,107.56
1102,1,-2.03537,107.152
1103,1,-1.67286,106.798
1104,1,-1.28756,106.497
1105,1,-0.887424,106.244
1106,1,-0.47856,106.035
1107,1,-0.0656223,105.868
1108,1,0.347861,105.738
1109,1,0.759218,105.641
1110,1,1.16642,105.576
1111,1,1.56795,105.539
1112,1,1.96263,105.528
1113,1,2.3496,105.541
1114,1,2.72819,105.576
1115,1,3.09791,105.631
1116,1,3.4584,105.704
1117,1,3.80937,105.794
1118,1,4.15065,105.901
1119,1,4.48209,106.022
1120,1,4.80359,106.157
1121,1,5.11512,106.305
1122,1,5.41662,106.465
1123,1,5.7081,106.637
1124,1,5.98956,106.819
1125,1,6.26101,107.01
1126,1,6.52247,107.212
1127,1,6.77398,107.421
1128,1,7.01557,107.64
1129,1,7.24728,107.865
1130,1,7.46913,108.099
1131,1,7.68116,108.339
1132,1,7.88341,108.585
1133,1,8.07591,108.838
1134,1,8.25868,109.097
1135,1,8.43175,109.361
1136,1,8.59515,109.63
1137,1,8.74889,109.904
1138,1,8.89298,110.183
1139,1,9.02744,110.465
1140,1,9.15228,110.752
1141,1,9.26749,111.043
1142,1,9.37307,111.337
1143,1,9.46901,111.635
1144,1,9.55531,111.936
1145,1,9.63193,112.239
1146,1,9.69887,112.545
1147,1,9.75608,112.854
1148,1,9.80354,113.164
1149,1,9.8412,113.477
1150,1,9.86901,113.792
1151,1,9.88694,114.108
1152,1,9.89491,114.425
1153,1,9.89285,114.744
1154,1,9.88071,115.063
1155,1,9.8584,115.383
1156,1,9.82584,115.704
1157,1,9.78292,116.025
1158,1,9.72956,116.346
1159,1,9.66564,116.666
1160,1,9.59105,116.987
1161,1,9.50565,117.306
1162,1,9.40932,117.625
1163,1,9.30191,117.942
1164,1,9.18327,118.258
1165,1,9.05323,118.572
1166,1,8.91162,118.883
1167,1,8.75826,119.192
1168,1,8.59295,119.498
1169,1,8.41547,119.801
1170,1,8.22562,120.1
1171,1,8.02316,120.395
1172,1,7.80784,120.686
1173,1,7.5794,120.97
1174,1,7.33758,121.249
1175,1,7.0821,121.522
1176,1,6.81266,121.787
1177,1,6.52896,122.044
1178,1,6.23068,122.293
1179,1,5.91753,122.531
1180,1,5.58917,122.759
1181,1,5.24531,122.974
1182,1,4.88565,123.175
1183,1,4.50993,123.362
1184,1,4.11795,123.531
1185,1,3.70957,123.681
1186,1,3.28475,123.81
1187,1,2.84366,123.915
1188,1,2.38668,123.992
1189,1,1.91453,124.039
1190,1,1.42844,124.05
1191,1,0.930346,124.022
1192,1,0.423155,123.949
1193,1,-0.0888414,123.825
1194,1,-0.599476,123.643
1195,1,-1.10011,123.397
1196,1,-1.57903,123.083
1197,1,-2.02114,122.696
1198,1,-2.40827,122.237
1199,1,-2.72097,121.715
1200,1,-2.94171,121.143
1201,1,-3.05903,120.544
1202,1,-3.07052,119.942
1203,1,-2.98286,119.36
1204,1,-2.80922,118.816
1205,1,-2.56553,118.319
1206,1,-2.26756,117.876
1207,1,-1.92926,117.488
1208,1,-1.56213,117.153
1209,1,-1.17535,116.868
1210,1,-0.776,116.63
1211,1,-0.369544,116.434
1212,1,0.0398671,116.278
1213,1,0.449076,116.157
1214,1,0.855684,116.069
1215,1,1.25786,116.01
1216,1,1.65423,115.979
1217,1,2.04373,115.973
1218,1,2.42556,115.99
1219,1,2.79911,116.028
1220,1,3.16393,116.086
1221,1,3.51966,116.162
1222,1,3.86607,116.254
1223,1,4.20296,116.362
1224,1,4.5302,116.484
1225,1,4.8477,116.62
1226,1,5.15541,116.769
1227,1,5.45328,116.93
1228,1,5.74131,117.101
1229,1,6.0195,117.283
1230,1,6.28784,117.475
1231,1,6.54637,117.676
1232,1,6.7951,117.886
1233,1,7.03405,118.104
1234,1,7.26326,118.329
1235,1,7.48275,118.562
1236,1,7.69255,118.802
1237,1,7.89269,119.048
1238,1,8.08319,119.3
1239,1,8.26407,119.559
1240,1,8.43535,119.822
1241,1,8.59704,120.091
1242,1,8.74916,120.365
1243,1,8.89172,120.643
1244,1,9.02472,120.926
1245,1,9.14817,121.213
1246,1,9.26204,121.503
1247,1,9.36634,121.797
1248,1,9.46106,122.095
1249,1,9.54616,122.395
1250,1,9.62163,122.699
1251,1,9.68744,123.005
1252,1,9.74356,123.314
1253,1,9.78993,123.625
1254,1,9.82652,123.938
1255,1,9.85327,124.252
1256,1,9.87013,124.569
1257,1,9.87702,124.887
1258,1,9.87388,125.206
1259,1,9.86063,125.526
1260,1,9.83719,125.847
1261,1,9.80345,126.168
1262,1,9.75932,126.49
1263,1,9.70469,126.812
1264,1,9.63945,127.133
1265,1,9.56347,127.454
1266,1,9.47661,127.775
1267,1,9.37874,128.095
1268,1,9.2697,128.413
1269,1,9.14932,128.73
1270,1,9.01743,129.045
1271,1,8.87385,129.358
1272,1,8.71839,129.668
1273,1,8.55083,129.976
1274,1,8.37095,130.28
1275,1,8.17852,130.58
1276,1,7.9733,130.877
1277,1,7.75502,131.168
1278,1,7.52341,131.454
1279,1,7.2782,131.734
1280,1,7.01907,132.008
1281,1,6.74572,132.274
1282,1,6.45783,132.532
1283,1,6.15507,132.781
1284,1,5.83711,133.019
1285,1,5.50362,133.247
1286,1,5.15428,133.461
1287,1,4.78878,133.662
1288,1,4.40685,133.847
1289,1,4.0083,134.014
1290,1,3.59298,134.162
1291,1,3.16091,134.287
1292,1,2.71229,134.387
1293,1,2.24759,134.458
1294,1,1.76768,134.496
1295,1,1.27403,134.498
1296,1,0.768888,134.458
1297,1,0.255664,134.37
1298,1,-0.26065,134.229
1299,1,-0.77292,134.026
1300,1,-1.27125,133.757
1301,1,-1.74242,133.417
1302,1,-2.16984,133.003
1303,1,-2.53437,132.519
1304,1,-2.81676,131.976
1305,1,-3.00154,131.392
1306,1,-3.08084,130.79
1307,1,-3.05628,130.194
1308,1,-2.93766,129.625
1309,1,-2.73963,129.099
1310,1,-2.47822,128.623
1311,1,-2.16841,128.2
1312,1,-1.82305,127.831
1313,1,-1.45257,127.514
1314,1,-1.06517,127.245
1315,1,-0.667198,127.02
1316,1,-0.263519,126.836
1317,1,0.142153,126.69
1318,1,0.546986,126.579
1319,1,0.948817,126.498
1320,1,1.346,126.446
1321,1,1.73727,126.421
1322,1,2.12167,126.419
1323,1,2.49845,126.44
1324,1,2.86706,126.481
1325,1,3.22708,126.541
1326,1,3.57818,126.619
1327,1,3.92012,126.713
1328,1,4.25272,126.823
1329,1,4.57586,126.947
1330,1,4.88944,127.083
1331,1,5.19342,127.233
1332,1,5.48774,127.394
1333,1,5.77239,127.565
1334,1,6.04737,127.748
1335,1,6.31267,127.939
1336,1,6.56832,128.14
1337,1,6.81431,128.35
1338,1,7.05068,128.568
1339,1,7.27743,128.793
1340,1,7.4946,129.026
1341,1,7.7022,129.265
1342,1,7.90026,129.511
1343,1,8.08878,129.763
1344,1,8.26779,130.021
1345,1,8.4373,130.284
1346,1,8.59731,130.553
1347,1,8.74783,130.826
1348,1,8.88886,131.104
1349,1,9.02041,131.387
1350,1,9.14246,131.673
1351,1,9.255,131.964
1352,1,9.35802,132.258
1353,1,9.4515,132.555
1354,1,9.5354,132.856
1355,1,9.60971,133.16
1356,1,9.67439,133.466
1357,1,9.72939,133.775
1358,1,9.77466,134.086
1359,1,9.81016,134.399
1360,1,9.83582,134.715
1361,1,9.85159,135.031
1362,1,9.85738,135.35
1363,1,9.85312,135.67
1364,1,9.83873,135.99
1365,1,9.8141,136.312
1366,1,9.77915,136.634
1367,1,9.73377,136.957
1368,1,9.67783,137.279
1369,1,9.61122,137.602
1370,1,9.53379,137.924
1371,1,9.44542,138.246
1372,1,9.34593,138.567
1373,1,9.23519,138.886
1374,1,9.113,139.204
1375,1,8.97919,139.521
1376,1,8.83355,139.835
1377,1,8.67589,140.146
1378,1,8.50598,140.455
1379,1,8.32359,140.761
1380,1,8.12848,141.062
1381,1,7.92037,141.36
1382,1,7.69901,141.653
1383,1,7.46409,141.94
1384,1,7.21532,142.221
1385,1,6.95238,142.496
1386,1,6.67494,142.763
1387,1,6.38268,143.021
1388,1,6.07523,143.27
1389,1,5.75225,143.509
1390,1,5.41339,143.737
1391,1,5.05832,143.951
1392,1,4.68672,144.15
1393,1,4.29831,144.334
1394,1,3.8929,144.499
1395,1,3.47036,144.643
1396,1,3.03076,144.764
1397,1,2.57434,144.858
1398,1,2.1017,144.922
1399,1,1.6139,144.952
1400,1,1.11264,144.943
1401,1,0.600597,144.89
1402,1,0.0817598,144.786
1403,1,-0.438055,144.625
1404,1,-0.950601,144.4
1405,1,-1.44457,144.106
1406,1,-1.90519,143.739
1407,1,-2.31447,143.298
1408,1,-2.6527,142.79
1409,1,-2.90167,142.229
1410,1,-3.04872,141.635
1411,1,-3.09,141.034
1412,1,-3.03092,140.448
1413,1,-2.88372,139.895
1414,1,-2.6639,139.388
1415,1,-2.3871,138.932
1416,1,-2.06737,138.53
1417,1,-1.71641,138.179
1418,1,-1.34362,137.879
1419,1,-0.956337,137.625
1420,1,-0.560226,137.413
1421,1,-0.159632,137.241
1422,1,0.24212,137.105
1423,1,0.642484,137.001
1424,1,1.03951,136.928
1425,1,1.43171,136.882
1426,1,1.81793,136.862
1427,1,2.19728,136.865
1428,1,2.56909,136.889
1429,1,2.93285,136.934
1430,1,3.28814,136.997
1431,1,3.63468,137.077
1432,1,3.97223,137.173
1433,1,4.30062,137.283
1434,1,4.61973,137.408
1435,1,4.92947,137.546
1436,1,5.22977,137.696
1437,1,5.5206,137.857
1438,1,5.80193,138.029
1439,1,6.07375,138.211
1440,1,6.33606,138.403
1441,1,6.58887,138.604
1442,1,6.83217,138.814
1443,1,7.06598,139.031
1444,1,7.29032,139.256
1445,1,7.5052,139.489
1446,1,7.71063,139.728
1447,1,7.90663,139.973
1448,1,8.09321,140.225
1449,1,8.27037,140.483
1450,1,8.43812,140.746
1451,1,8.59647,141.014
1452,1,8.7454,141.287
1453,1,8.88493,141.565
1454,1,9.01503,141.848
1455,1,9.1357,142.134
1456,1,9.24693,142.424
1457,1,9.34868,142.719
1458,1,9.44093,143.016
1459,1,9.52365,143.317
1460,1,9.5968,143.621
1461,1,9.66035,143.927
1462,1,9.71424,144.236
1463,1,9.75842,144.548
1464,1,9.79283,144.861
1465,1,9.81741,145.177
1466,1,9.83209,145.495
1467,1,9.83678,145.813
1468,1,9.8314,146.134
1469,1,9.81587,146.455
1470,1,9.79007,146.777
1471,1,9.75391,147.1
1472,1,9.70726,147.424
1473,1,9.65001,147.748
1474,1,9.58202,148.071
1475,1,9.50314,148.395
1476,1,9.41324,148.717
1477,1,9.31214,149.039
1478,1,9.19967,149.36
1479,1,9.07565,149.679
1480,1,8.93989,149.997
1481,1,8.79218,150.313
1482,1,8.6323,150.626
1483,1,8.46001,150.936
1484,1,8.27508,151.243
1485,1,8.07723,151.546
1486,1,7.8662,151.844
1487,1,7.64169,152.138
1488,1,7.4034,152.427
1489,1,7.15101,152.709
1490,1,6.88418,152.985
1491,1,6.60258,153.253
1492,1,6.30584,153.512
1493,1,5.9936,153.762
1494,1,5.66548,154
1495,1,5.32113,154.227
1496,1,4.9602,154.441
1497,1,4.58235,154.639
1498,1,4.1873,154.821
1499,1,3.77487,154.983
1500,1,3.34496,155.124
1501,1,2.89766,155.24
1502,1,2.43332,155.329
1503,1,1.95266,155.385
1504,1,1.45694,155.406
1505,1,0.948199,155.385
1506,1,0.429567,155.317
1507,1,-0.0942846,155.196
1508,1,-0.616595,155.015
1509,1,-1.12787,154.767
1510,1,-1.6153,154.447
1511,1,-2.06255,154.052
1512,1,-2.4505,153.585
1513,1,-2.7595,153.055
1514,1,-2.97314,152.479
1515,1,-3.08223,151.881
1516,1,-3.08697,151.284
1517,1,-2.99605,150.71
1518,1,-2.8234,150.174
1519,1,-2.58475,149.687
1520,1,-2.29508,149.251
1521,1,-1.96737,148.868
1522,1,-1.61226,148.535
1523,1,-1.23818,148.25
1524,1,-0.851705,148.01
1525,1,-0.457896,147.811
1526,1,-0.0606487,147.649
1527,1,0.337052,147.522
1528,1,0.73291,147.427
1529,1,1.12516,147.36
1530,1,1.51244,147.32
1531,1,1.89371,147.305
1532,1,2.26814,147.312
1533,1,2.63511,147.34
1534,1,2.99414,147.387
1535,1,3.34486,147.452
1536,1,3.68698,147.534
1537,1,4.02027,147.632
1538,1,4.34459,147.744
1539,1,4.6598,147.869
1540,1,4.96581,148.008
1541,1,5.26257,148.158
1542,1,5.55002,148.32
1543,1,5.82815,148.492
1544,1,6.09692,148.675
1545,1,6.35633,148.867
1546,1,6.60639,149.068
1547,1,6.84709,149.277
1548,1,7.07844,149.494
1549,1,7.30045,149.719
1550,1,7.51311,149.951
1551,1,7.71645,150.19
1552,1,7.91047,150.436
1553,1,8.09516,150.687
1554,1,8.27054,150.944
1555,1,8.4366,151.207
1556,1,8.59333,151.475
1557,1,8.74074,151.748
1558,1,8.87881,152.026
1559,1,9.00752,152.308
1560,1,9.12686,152.595
1561,1,9.2368,152.885
1562,1,9.33733,153.179
1563,1,9.42839,153.477
1564,1,9.50996,153.778
1565,1,9.582,154.081
1566,1,9.64445,154.388
1567,1,9.69726,154.698
1568,1,9.74037,155.01
1569,1,9.77373,155.324
1570,1,9.79725,155.64
1571,1,9.81085,155.958
1572,1,9.81446,156.277
1573,1,9.80798,156.598
1574,1,9.79132,156.921
1575,1,9.76436,157.244
1576,1,9.72698,157.568
1577,1,9.67908,157.892
1578,1,9.62051,158.217
1579,1,9.55114,158.541
1580,1,9.47081,158.866
1581,1,9.37937,159.19
1582,1,9.27664,159.513
1583,1,9.16244,159.835
1584,1,9.03657,160.156
1585,1,8.89884,160.475
1586,1,8.74902,160.792
1587,1,8.58687,161.106
1588,1,8.41216,161.418
1589,1,8.22463,161.726
1590,1,8.02399,162.03
1591,1,7.80996,162.33
1592,1,7.58224,162.626
1593,1,7.34049,162.915
1594,1,7.08438,163.199
1595,1,6.81357,163.475
1596,1,6.52768,163.744
1597,1,6.22633,164.004
1598,1,5.90915,164.254
1599,1,5.57574,164.493
1600,1,5.22572,164.72
1601,1,4.85873,164.932
1602,1,4.47443,165.13
1603,1,4.07255,165.309
1604,1,3.65288,165.469
1605,1,3.21538,165.605
1606,1,2.76018,165.716
1607,1,2.28775,165.798
1608,1,1.79895,165.847
1609,1,1.2953,165.857
1610,1,0.779216,165.824
1611,1,0.254376,165.74
1612,1,-0.273756,165.601
1613,1,-0.797339,165.398
1614,1,-1.30549,165.125
1615,1,-1.78382,164.778
1616,1,-2.21453,164.356
1617,1,-2.57779,163.864
1618,1,-2.8547,163.314
1619,1,-3.03147,162.728
1620,1,-3.10281,162.128
1621,1,-3.07277,161.539
1622,1,-2.95265,160.979
1623,1,-2.75739,160.462
1624,1,-2.50249,159.994
1625,1,-2.20206,159.578
1626,1,-1.86799,159.213
1627,1,-1.50989,158.897
1628,1,-1.13534,158.627
1629,1,-0.750224,158.4
1630,1,-0.359069,158.212
1631,1,0.0346279,158.061
1632,1,0.428176,157.942
1633,1,0.8195,157.854
1634,1,1.207,157.794
1635,1,1.58942,157.759
1636,1,1.96581,157.748
1637,1,2.33542,157.759
1638,1,2.69765,157.79
1639,1,3.05207,157.84
1640,1,3.39832,157.908
1641,1,3.73612,157.991
1642,1,4.06527,158.09
1643,1,4.38561,158.204
1644,1,4.69702,158.33
1645,1,4.9994,158.47
1646,1,5.2927,158.621
1647,1,5.57686,158.783
1648,1,5.85185,158.955
1649,1,6.11765,159.138
1650,1,6.37424,159.33
1651,1,6.62162,159.531
1652,1,6.85978,159.74
1653,1,7.08872,159.957
1654,1,7.30845,160.182
1655,1,7.51896,160.414
1656,1,7.72025,160.652
1657,1,7.91232,160.898
1658,1,8.09517,161.149
1659,1,8.2688,161.406
1660,1,8.43321,161.669
1661,1,8.58837,161.937
1662,1,8.73427,162.209
1663,1,8.87091,162.487
1664,1,8.99826,162.769
1665,1,9.11629,163.055
1666,1,9.22498,163.346
1667,1,9.32429,163.64
1668,1,9.41419,163.938
1669,1,9.49462,164.239
1670,1,9.56555,164.543
1671,1,9.62692,164.85
1672,1,9.67866,165.16
1673,1,9.72072,165.472
1674,1,9.75301,165.787
1675,1,9.77547,166.103
1676,1,9.78801,166.422
1677,1,9.79054,166.742
1678,1,9.78295,167.064
1679,1,9.76515,167.387
1680,1,9.73702,167.711
1681,1,9.69843,168.036
1682,1,9.64925,168.361
1683,1,9.58935,168.687
1684,1,9.51858,169.013
1685,1,9.43677,169.338
1686,1,9.34376,169.663
1687,1,9.23936,169.988
1688,1,9.12339,170.311
1689,1,8.99563,170.633
1690,1,8.85587,170.954
1691,1,8.70389,171.272
1692,1,8.53942,171.588
1693,1,8.36222,171.901
1694,1,8.17202,172.211
1695,1,7.96851,172.516
1696,1,7.75139,172.818
1697,1,7.52034,173.115
1698,1,7.27503,173.405
1699,1,7.01508,173.69
1700,1,6.74014,173.968
1701,1,6.44981,174.237
1702,1,6.1437,174.498
1703,1,5.8214,174.748
1704,1,5.48251,174.987
1705,1,5.12662,175.213
1706,1,4.75335,175.425
1707,1,4.36237,175.621
1708,1,3.95339,175.798
1709,1,3.52623,175.954
1710,1,3.08089,176.087
1711,1,2.61758,176.192
1712,1,2.13686,176.267
1713,1,1.63981,176.306
1714,1,1.12824,176.305
1715,1,0.605002,176.258
1716,1,0.074446,176.158
1717,1,-0.457051,175.998
1718,1,-0.980417,175.772
1719,1,-1.48326,175.473
1720,1,-1.94957,175.098
1721,1,-2.3603,174.648
1722,1,-2.69547,174.133
1723,1,-2.93776,173.567
1724,1,-3.07669,172.974
1725,1,-3.11103,172.377
1726,1,-3.04828,171.798
1727,1,-2.90161,171.255
1728,1,-2.68638,170.756
1729,1,-2.41752,170.308
1730,1,-2.10814,169.911
1731,1,-1.76907,169.564
1732,1,-1.40897,169.264
1733,1,-1.03462,169.008
1734,1,-0.651304,168.794
1735,1,-0.263078,168.617
1736,1,0.126914,168.474
1737,1,0.516241,168.364
1738,1,0.903022,168.283
1739,1,1.2858,168.228
1740,1,1.66342,168.199
1741,1,2.03502,168.192
1742,1,2.39988,168.207
1743,1,2.75748,168.241
1744,1,3.10737,168.294
1745,1,3.44924,168.363
1746,1,3.78283,168.449
1747,1,4.10792,168.549
1748,1,4.42437,168.664
1749,1,4.73206,168.791
1750,1,5.0309,168.931
1751,1,5.32081,169.083
1752,1,5.60175,169.245
1753,1,5.87367,169.418
1754,1,6.13656,169.601
1755,1,6.39038,169.793
1756,1,6.63513,169.994
1757,1,6.87081,170.203
1758,1,7.09739,170.42
1759,1,7.31487,170.644
1760,1,7.52326,170.876
1761,1,7.72254,171.115
1762,1,7.9127,171.36
1763,1,8.09375,171.611
1764,1,8.26566,171.868
1765,1,8.42843,172.13
1766,1,8.58204,172.398
1767,1,8.72647,172.671
1768,1,8.8617,172.948
1769,1,8.9877,173.23
1770,1,9.10444,173.517
1771,1,9.21189,173.807
1772,1,9.31001,174.101
1773,1,9.39874,174.399
1774,1,9.47805,174.7
1775,1,9.54788,175.005
1776,1,9.60817,175.312
1777,1,9.65885,175.622
1778,1,9.69985,175.935
1779,1,9.7311,176.25
1780,1,9.7525,176.567
1781,1,9.76397,176.887
1782,1,9.76541,177.208
1783,1,9.75671,177.53
1784,1,9.73777,177.854
1785,1,9.70845,178.179
1786,1,9.66864,178.505
1787,1,9.61818,178.831
1788,1,9.55693,179.158
1789,1,9.48474,179.485
1790,1,9.40143,179.812
1791,1,9.30683,180.138
1792,1,9.20074,180.464
1793,1,9.08296,180.789
1794,1,8.95328,181.112
1795,1,8.81146,181.434
1796,1,8.65726,181.754
1797,1,8.49043,182.071
1798,1,8.31069,182.386
1799,1,8.11774,182.697
1800,1,7.91129,183.004
1801,1,7.69101,183.307
1802,1,7.45656,183.605
1803,1,7.20758,183.897
1804,1,6.94369,184.183
1805,1,6.66451,184.462
1806,1,6.36962,184.732
1807,1,6.0586,184.993
1808,1,5.73103,185.244
1809,1,5.38649,185.483
1810,1,5.02455,185.708
1811,1,4.64482,185.919
1812,1,4.24695,186.113
1813,1,3.83067,186.287
1814,1,3.39582,186.44
1815,1,2.94244,186.568
1816,1,2.47083,186.667
1817,1,1.98171,186.734
1818,1,1.47637,186.764
1819,1,0.956986,186.75
1820,1,0.426945,186.688
1821,1,-0.108651,186.569
1822,1,-0.642366,186.388
1823,1,-1.16376,186.137
1824,1,-1.65882,185.811
1825,1,-2.11001,185.408
1826,1,-2.49741,184.933
1827,1,-2.80156,184.396
1828,1,-3.00756,183.818
1829,1,-3.10871,183.221
1830,1,-3.10773,182.63
1831,1,-3.01488,182.065
1832,1,-2.84455,181.538
1833,1,-2.61201,181.059
1834,1,-2.3314,180.63
1835,1,-2.01477,180.251
1836,1,-1.67196,179.921
1837,1,-1.31074,179.636
1838,1,-0.937202,179.394
1839,1,-0.556075,179.191
1840,1,-0.171012,179.024
1841,1,0.21515,178.891
1842,1,0.600213,178.788
1843,1,0.982463,178.713
1844,1,1.36057,178.665
1845,1,1.73347,178.64
1846,1,2.10036,178.637
1847,1,2.46059,178.655
1848,1,2.81365,178.692
1849,1,3.15914,178.747
1850,1,3.49675,178.819
1851,1,3.82623,178.906
1852,1,4.14737,179.008
1853,1,4.46004,179.124
1854,1,4.76411,179.252
1855,1,5.05949,179.393
1856,1,5.34611,179.545
1857,1,5.62391,179.708
1858,1,5.89285,179.881
1859,1,6.1529,180.064
1860,1,6.40404,180.256
1861,1,6.64624,180.456
1862,1,6.87948,180.665
1863,1,7.10377,180.882
1864,1,7.31907,181.107
1865,1,7.52539,181.338
1866,1,7.72272,181.577
1867,1,7.91103,181.821
1868,1,8.09031,182.072
1869,1,8.26055,182.329
1870,1,8.42173,182.592
1871,1,8.57383,182.859
1872,1,8.71682,183.132
1873,1,8.85067,183.409
1874,1,8.97536,183.691
1875,1,9.09084,183.978
1876,1,9.19707,184.268
1877,1,9.29402,184.563
1878,1,9.38162,184.861
1879,1,9.45983,185.162
1880,1,9.52858,185.467
1881,1,9.58781,185.775
1882,1,9.63744,186.085
1883,1,9.6774,186.399
1884,1,9.70761,186.714
1885,1,9.72796,187.032
1886,1,9.73837,187.352
1887,1,9.73873,187.674
1888,1,9.72893,187.997
1889,1,9.70884,188.322
1890,1,9.67834,188.648
1891,1,9.63729,188.975
1892,1,9.58554,189.302
1893,1,9.52294,189.63
1894,1,9.44931,189.958
1895,1,9.36448,190.287
1896,1,9.26827,190.614
1897,1,9.16046,190.942
1898,1,9.04084,191.268
1899,1,8.9092,191.593
1900,1,8.76528,191.916
1901,1,8.60882,192.237
1902,1,8.43956,192.556
1903,1,8.25721,192.872
1904,1,8.06147,193.185
1905,1,7.852,193.494
1906,1,7.62847,193.798
1907,1,7.39051,194.097
1908,1,7.13776,194.391
1909,1,6.86981,194.678
1910,1,6.58625,194.957
1911,1,6.28664,195.228
1912,1,5.97056,195.49
1913,1,5.63755,195.741
1914,1,5.28716,195.979
1915,1,4.91895,196.204
1916,1,4.53253,196.414
1917,1,4.12754,196.606
1918,1,3.70372,196.777
1919,1,3.26094,196.926
1920,1,2.79929,197.049
1921,1,2.31919,197.141
1922,1,1.82153,197.2
1923,1,1.30789,197.218
1924,1,0.780862,197.191
1925,1,0.244453,197.113
1926,1,-0.295343,196.975
1927,1,-0.829884,196.77
1928,1,-1.34722,196.493
1929,1,-1.8317,196.139
1930,1,-2.26442,195.708
1931,1,-2.6251,195.208
1932,1,-2.89562,194.654
1933,1,-3.06423,194.066
1934,1,-3.12827,193.471
1935,1,-3.09398,192.889
1936,1,-2.97371,192.338
1937,1,-2.78244,191.83
1938,1,-2.53499,191.37
1939,1,-2.24455,190.96
1940,1,-1.92214,190.598
1941,1,-1.57664,190.284
1942,1,-1.21505,190.013
1943,1,-0.842824,189.784
1944,1,-0.464209,189.592
1945,1,-0.0825019,189.435
1946,1,0.299735,189.309
1947,1,0.680504,189.214
1948,1,1.05824,189.145
1949,1,1.43172,189.102
1950,1,1.79998,189.081
1951,1,2.16225,189.083
1952,1,2.51794,189.104
1953,1,2.86657,189.144
1954,1,3.20776,189.201
1955,1,3.5412,189.275
1956,1,3.86667,189.363
1957,1,4.18397,189.467
1958,1,4.49295,189.583
1959,1,4.79349,189.712
1960,1,5.0855,189.854
1961,1,5.36891,190.006
1962,1,5.64366,190.169
1963,1,5.90969,190.343
1964,1,6.16698,190.526
1965,1,6.4155,190.718
1966,1,6.65521,190.919
1967,1,6.88609,191.128
1968,1,7.10814,191.344
1969,1,7.32133,191.569
1970,1,7.52564,191.8
1971,1,7.72105,192.038
1972,1,7.90756,192.283
1973,1,8.08513,192.534
1974,1,8.25374,192.791
1975,1,8.41338,193.053
1976,1,8.56401,193.32
1977,1,8.7056,193.593
1978,1,8.83812,193.871
1979,1,8.96152,194.153
1980,1,9.07578,194.439
1981,1,9.18084,194.73
1982,1,9.27665,195.024
1983,1,9.36315,195.323
1984,1,9.44028,195.624
1985,1,9.50799,195.929
1986,1,9.56618,196.238
1987,1,9.6148,196.549
1988,1,9.65374,196.863
1989,1,9.68293,197.179
1990,1,9.70226,197.497
1991,1,9.71164,197.818
1992,1,9.71094,198.141
1993,1,9.70005,198.465
1994,1,9.67884,198.791
1995,1,9.64717,199.117
1996,1,9.6049,199.445
1997,1,9.55187,199.774
1998,1,9.48792,200.103
1999,1,9.41287,200.433
2000,1,9.32653,200.762
2001,1,9.2287,201.091
2002,1,9.11918,201.42
2003,1,8.99773,201.748
2004,1,8.86411,202.074
2005,1,8.71807,202.399
2006,1,8.55935,202.722
2007,1,8.38764,203.042
2008,1,8.20266,203.36
2009,1,8.00408,203.674
2010,1,7.79155,203.984
2011,1,7.56472,204.29
2012,1,7.32322,204.591
2013,1,7.06663,204.886
2014,1,6.79454,205.174
2015,1,6.50651,205.454
2016,1,6.2021,205.726
2017,1,5.88084,205.988
2018,1,5.54226,206.239
2019,1,5.1859,206.477
2020,1,4.81129,206.702
2021,1,4.41803,206.91
2022,1,4.00575,207.099
2023,1,3.57422,207.268
2024,1,3.12334,207.412
2025,1,2.65329,207.529
2026,1,2.16461,207.615
2027,1,1.65839,207.663
2028,1,1.13656,207.67
2029,1,0.602202,207.629
2030,1,0.0600451,207.533
2031,1,-0.482895,207.374
2032,1,-1.01664,207.145
2033,1,-1.52762,206.841
2034,1,-1.99861,206.458
2035,1,-2.40968,206.001
2036,1,-2.74085,205.479
2037,1,-2.97617,204.91
2038,1,-3.10752,204.318
2039,1,-3.13619,203.726
2040,1,-3.07135,203.156
2041,1,-2.92673,202.622
2042,1,-2.71736,202.132
2043,1,-2.45736,201.69
2044,1,-2.15895,201.298
2045,1,-1.83214,200.953
2046,1,-1.48495,200.654
2047,1,-1.12365,200.397
2048,1,-0.753181,200.179
2049,1,-0.377351,199.997
2050,1,0.000854015,199.849
2051,1,0.379109,199.731
2052,1,0.755591,199.642
2053,1,1.12887,199.579
2054,1,1.49781,199.541
2055,1,1.86153,199.525
2056,1,2.2193,199.529
2057,1,2.57058,199.554
2058,1,2.91491,199.596
2059,1,3.25192,199.655
2060,1,3.58134,199.731
2061,1,3.90293,199.821
2062,1,4.2165,199.925
2063,1,4.52192,200.043
2064,1,4.81905,200.173
2065,1,5.10781,200.315
2066,1,5.38812,200.468
2067,1,5.65992,200.631
2068,1,5.92315,200.805
2069,1,6.17778,200.988
2070,1,6.42376,201.18
2071,1,6.66107,201.381
2072,1,6.88969,201.59
2073,1,7.10957,201.806
2074,1,7.32072,202.031
2075,1,7.52309,202.262
2076,1,7.71667,202.5
2077,1,7.90143,202.745
2078,1,8.07735,202.995
2079,1,8.2444,203.252
2080,1,8.40254,203.514
2081,1,8.55175,203.782
2082,1,8.69199,204.054
2083,1,8.82322,204.332
2084,1,8.9454,204.614
2085,1,9.05847,204.901
2086,1,9.16239,205.191
2087,1,9.2571,205.486
2088,1,9.34253,205.785
2089,1,9.41862,206.087
2090,1,9.4853,206.392
2091,1,9.54249,206.701
2092,1,9.59011,207.013
2093,1,9.62806,207.327
2094,1,9.65625,207.644
2095,1,9.67457,207.963
2096,1,9.68292,208.285
2097,1,9.68116,208.608
2098,1,9.66919,208.933
2099,1,9.64685,209.26
2100,1,9.61402,209.588
2101,1,9.57052,209.917
2102,1,9.5162,210.247
2103,1,9.45089,210.577
2104,1,9.37439,210.908
2105,1,9.28651,211.239
2106,1,9.18704,211.57
2107,1,9.07576,211.9
2108,1,8.95243,212.229
2109,1,8.81679,212.557
2110,1,8.66858,212.883
2111,1,8.50751,213.208
2112,1,8.33329,213.53
2113,1,8.14559,213.849
2114,1,7.94408,214.165
2115,1,7.72839,214.477
2116,1,7.49814,214.784
2117,1,7.25295,215.086
2118,1,6.99237,215.382
2119,1,6.71599,215.672
2120,1,6.42333,215.953
2121,1,6.11392,216.225
2122,1,5.78727,216.488
2123,1,5.44289,216.739
2124,1,5.08029,216.977
2125,1,4.69901,217.2
2126,1,4.29861,217.406
2127,1,3.87875,217.594
2128,1,3.4392,217.758
2129,1,2.97993,217.898
2130,1,2.5012,218.009
2131,1,2.00371,218.086
2132,1,1.48883,218.124
2133,1,0.958867,218.118
2134,1,0.417492,218.061
2135,1,-0.129695,217.945
2136,1,-0.674508,217.764
2137,1,-1.20547,217.509
2138,1,-1.70734,217.177
2139,1,-2.16141,216.766
2140,1,-2.5472,216.283
2141,1,-2.84583,215.741
2142,1,-3.04429,215.161
2143,1,-3.13845,214.568
2144,1,-3.13323,213.984
2145,1,-3.04009,213.427
2146,1,-2.87353,212.91
2147,1,-2.64824,212.439
2148,1,-2.37749,212.016
2149,1,-2.07246,211.641
2150,1,-1.74225,211.312
2151,1,-1.39407,211.027
2152,1,-1.03356,210.783
2153,1,-0.665154,210.576
2154,1,-0.292304,210.404
2155,1,0.0822922,210.264
2156,1,0.456519,210.154
2157,1,0.828711,210.071
2158,1,1.19755,210.014
2159,1,1.562,209.98
2160,1,1.92123,209.968
2161,1,2.27458,209.976
2162,1,2.62151,210.003
2163,1,2.9616,210.048
2164,1,3.29451,210.11
2165,1,3.61996,210.187
2166,1,3.93773,210.279
2167,1,4.24764,210.384
2168,1,4.54954,210.503
2169,1,4.84332,210.633
2170,1,5.12888,210.776
2171,1,5.40613,210.929
2172,1,5.67501,211.093
2173,1,5.93547,211.267
2174,1,6.18746,211.45
2175,1,6.43094,211.643
2176,1,6.66588,211.843
2177,1,6.89223,212.052
2178,1,7.10998,212.269
2179,1,7.31909,212.493
2180,1,7.51953,212.724
2181,1,7.71128,212.962
2182,1,7.89431,213.207
2183,1,8.06858,213.457
2184,1,8.23406,213.714
2185,1,8.39071,213.976
2186,1,8.5385,214.244
2187,1,8.67738,214.516
2188,1,8.80731,214.794
2189,1,8.92825,215.076
2190,1,9.04012,215.363
2191,1,9.14289,215.654
2192,1,9.23647,215.949
2193,1,9.32082,216.248
2194,1,9.39585,216.551
2195,1,9.46149,216.857
2196,1,9.51765,217.166
2197,1,9.56424,217.478
2198,1,9.60116,217.793
2199,1,9.62832,218.111
2200,1,9.6456,218.431
2201,1,9.65288,218.753
2202,1,9.65003,219.077
2203,1,9.63693,219.404
2204,1,9.61343,219.731
2205,1,9.57937,220.06
2206,1,9.5346,220.391
2207,1,9.47893,220.722
2208,1,9.4122,221.054
2209,1,9.33419,221.386
2210,1,9.2447,221.718
2211,1,9.14352,222.05
2212,1,9.0304,222.382
2213,1,8.9051,222.713
2214,1,8.76735,223.042
2215,1,8.61687,223.37
2216,1,8.45336,223.696
2217,1,8.27651,224.02
2218,1,8.08597,224.341
2219,1,7.88139,224.658
2220,1,7.6624,224.972
2221,1,7.42858,225.281
2222,1,7.17953,225.584
2223,1,6.91479,225.882
2224,1,6.63391,226.172
2225,1,6.3364,226.454
2226,1,6.02175,226.727
2227,1,5.68947,226.99
2228,1,5.33902,227.241
2229,1,4.96991,227.478
2230,1,4.58165,227.7
2231,1,4.1738,227.905
2232,1,3.74603,228.089
2233,1,3.29815,228.25
2234,1,2.83017,228.384
2235,1,2.3425,228.487
2236,1,1.83602,228.555
2237,1,1.31242,228.582
2238,1,0.774475,228.562
2239,1,0.226577,228.487
2240,1,-0.324673,228.35
2241,1,-0.869747,228.144
2242,1,-1.39553,227.862
2243,1,-1.8851,227.5
2244,1,-2.31856,227.061
2245,1,-2.67552,226.554
2246,1,-2.93906,225.996
2247,1,-3.09973,225.409
2248,1,-3.15745,224.819
2249,1,-3.12029,224.245
2250,1,-3.00129,223.704
2251,1,-2.81518,223.204
2252,1,-2.57604,222.752
2253,1,-2.29618,222.347
2254,1,-1.98579,221.989
2255,1,-1.65308,221.675
2256,1,-1.30453,221.404
2257,1,-0.945233,221.172
2258,1,-0.579174,220.976
2259,1,-0.209471,220.813
2260,1,0.161429,220.681
2261,1,0.531595,220.578
2262,1,0.899504,220.502
2263,1,1.26394,220.45
2264,1,1.62395,220.42
2265,1,1.97876,220.412
2266,1,2.32774,220.424
2267,1,2.67039,220.454
2268,1,3.00632,220.501
2269,1,3.33519,220.564
2270,1,3.65675,220.643
2271,1,3.97077,220.736
2272,1,4.27708,220.843
2273,1,4.57553,220.963
2274,1,4.86601,221.094
2275,1,5.14841,221.237
2276,1,5.42265,221.391
2277,1,5.68866,221.555
2278,1,5.94639,221.729
2279,1,6.19578,221.913
2280,1,6.43679,222.105
2281,1,6.66937,222.306
2282,1,6.8935,222.515
2283,1,7.10912,222.732
2284,1,7.31622,222.956
2285,1,7.51475,223.187
2286,1,7.70469,223.425
2287,1,7.88599,223.67
2288,1,8.05862,223.92
2289,1,8.22253,224.177
2290,1,8.3777,224.439
2291,1,8.52407,224.707
2292,1,8.6616,224.979
2293,1,8.79023,225.257
2294,1,8.90991,225.54
2295,1,9.02059,225.827
2296,1,9.12219,226.118
2297,1,9.21465,226.414
2298,1,9.2979,226.713
2299,1,9.37185,227.016
2300,1,9.43643,227.322
2301,1,9.49154,227.632
2302,1,9.53709,227.945
2303,1,9.57296,228.261
2304,1,9.59907,228.579
2305,1,9.61527,228.9
2306,1,9.62146,229.223
2307,1,9.61749,229.549
2308,1,9.60323,229.876
2309,1,9.57852,230.205
2310,1,9.54321,230.535
2311,1,9.49711,230.866
2312,1,9.44005,231.199
2313,1,9.37184,231.532
2314,1,9.29227,231.866
2315,1,9.20111,232.199
2316,1,9.09815,232.533
2317,1,8.98312,232.866
2318,1,8.85578,233.199
2319,1,8.71583,233.53
2320,1,8.56299,233.86
2321,1,8.39694,234.187
2322,1,8.21734,234.513
2323,1,8.02384,234.835
2324,1,7.81607,235.154
2325,1,7.59363,235.469
2326,1,7.35609,235.78
2327,1,7.10301,236.085
2328,1,6.83393,236.383
2329,1,6.54835,236.675
2330,1,6.24577,236.958
2331,1,5.92566,237.231
2332,1,5.58749,237.494
2333,1,5.23071,237.745
2334,1,4.85479,237.981
2335,1,4.45924,238.202
2336,1,4.04363,238.404
2337,1,3.60763,238.585
2338,1,3.15108,238.741
2339,1,2.67411,238.869
2340,1,2.17725,238.964
2341,1,1.66164,239.022
2342,1,1.12933,239.036
2343,1,0.583693,239
2344,1,0.0299537,238.906
2345,1,-0.524122,238.746
2346,1,-1.06749,238.514
2347,1,-1.58531,238.203
2348,1,-2.05907,237.812
2349,1,-2.46815,237.345
2350,1,-2.79304,236.817
2351,1,-3.0196,236.246
2352,1,-3.14238,235.656
2353,1,-3.16507,235.072
2354,1,-3.09825,234.51
2355,1,-2.95591,233.986
2356,1,-2.75256,233.505
2357,1,-2.50149,233.07
2358,1,-2.21401,232.683
2359,1,-1.89936,232.341
2360,1,-1.56495,232.042
2361,1,-1.21659,231.784
2362,1,-0.85888,231.563
2363,1,-0.495401,231.378
2364,1,-0.128981,231.224
2365,1,0.238154,231.1
2366,1,0.604242,231.004
2367,1,0.967885,230.933
2368,1,1.32797,230.886
2369,1,1.68359,230.861
2370,1,2.03403,230.856
2371,1,2.37872,230.871
2372,1,2.71717,230.904
2373,1,3.04901,230.954
2374,1,3.37393,231.019
2375,1,3.69166,231.099
2376,1,4.002,231.194
2377,1,4.30477,231.302
2378,1,4.59983,231.422
2379,1,4.88706,231.555
2380,1,5.16635,231.698
2381,1,5.43763,231.853
2382,1,5.70083,232.017
2383,1,5.95586,232.192
2384,1,6.20269,232.376
2385,1,6.44126,232.568
2386,1,6.67153,232.769
2387,1,6.89345,232.978
2388,1,7.10699,233.195
2389,1,7.3121,233.419
2390,1,7.50874,233.65
2391,1,7.69688,233.888
2392,1,7.87647,234.133
2393,1,8.04747,234.383
2394,1,8.20984,234.64
2395,1,8.36353,234.902
2396,1,8.50848,235.17
2397,1,8.64466,235.443
2398,1,8.77199,235.721
2399,1,8.89043,236.004
2400,1,8.9999,236.291
2401,1,9.10034,236.583
2402,1,9.19167,236.879
2403,1,9.27381,237.178
2404,1,9.34668,237.482
2405,1,9.41018,237.789
2406,1,9.46423,238.099
2407,1,9.50872,238.413
2408,1,9.54354,238.729
2409,1,9.56856,239.049
2410,1,9.58368,239.37
2411,1,9.58875,239.695
2412,1,9.58363,240.021
2413,1,9.56818,240.349
2414,1,9.54223,240.679
2415,1,9.50562,241.011
2416,1,9.45817,241.344
2417,1,9.39967,241.677
2418,1,9.32994,242.012
2419,1,9.24875,242.347
2420,1,9.15587,242.682
2421,1,9.05106,243.018
2422,1,8.93407,243.352
2423,1,8.80461,243.686
2424,1,8.66238,244.019
2425,1,8.50709,244.351
2426,1,8.3384,244.68
2427,1,8.15596,245.008
2428,1,7.95939,245.332
2429,1,7.7483,245.653
2430,1,7.52227,245.969
2431,1,7.28085,246.281
2432,1,7.02359,246.587
2433,1,6.74998,246.887
2434,1,6.45952,247.179
2435,1,6.15166,247.463
2436,1,5.82585,247.738
2437,1,5.48154,248.001
2438,1,5.11815,248.251
2439,1,4.73514,248.486
2440,1,4.332,248.705
2441,1,3.9083,248.904
2442,1,3.46374,249.081
2443,1,2.99823,249.232
2444,1,2.51199,249.353
2445,1,2.00574,249.44
2446,1,1.48091,249.486
2447,1,0.940032,249.486
2448,1,0.387148,249.432
2449,1,-0.171523,249.317
2450,1,-0.726873,249.133
2451,1,-1.2662,248.872
2452,1,-1.77291,248.531
2453,1,-2.22717,248.111
2454,1,-2.60824,247.619
2455,1,-2.89838,247.072
2456,1,-3.08693,246.492
2457,1,-3.17253,245.904
2458,1,-3.1622,245.328
2459,1,-3.06829,244.781
2460,1,-2.90516,244.274
2461,1,-2.68682,243.811
2462,1,-2.42562,243.395
2463,1,-2.13189,243.025
2464,1,-1.814,242.698
2465,1,-1.47859,242.414
2466,1,-1.13092,242.168
2467,1,-0.775112,241.958
2468,1,-0.414414,241.782
2469,1,-0.0513895,241.637
2470,1,0.311934,241.52
2471,1,0.673944,241.43
2472,1,1.03335,241.365
2473,1,1.38912,241.323
2474,1,1.74043,241.302
2475,1,2.08659,241.301
2476,1,2.42706,241.319
2477,1,2.7614,241.354
2478,1,3.08924,241.406
2479,1,3.41027,241.474
2480,1,3.72426,241.556
2481,1,4.03099,241.652
2482,1,4.3303,241.761
2483,1,4.62204,241.882
2484,1,4.90609,242.015
2485,1,5.18235,242.16
2486,1,5.45074,242.315
2487,1,5.71116,242.48
2488,1,5.96356,242.654
2489,1,6.20788,242.838
2490,1,6.44406,243.031
2491,1,6.67206,243.232
2492,1,6.89182,243.441
2493,1,7.10329,243.658
2494,1,7.30645,243.883
2495,1,7.50123,244.114
2496,1,7.6876,244.352
2497,1,7.86551,244.597
2498,1,8.0349,244.847
2499,1,8.19574,245.104
2500,1,8.34797,245.367
2501,1,8.49153,245.635
2502,1,8.62637,245.908
2503,1,8.75242,246.186
2504,1,8.86962,246.469
2505,1,8.97789,246.757
2506,1,9.07717,247.049
2507,1,9.16737,247.345
2508,1,9.24841,247.645
2509,1,9.32019,247.949
2510,1,9.38262,248.257
2511,1,9.43561,248.568
2512,1,9.47902,248.882
2513,1,9.51277,249.2
2514,1,9.53671,249.52
2515,1,9.55071,249.843
2516,1,9.55465,250.168
2517,1,9.54836,250.495
2518,1,9.5317,250.825
2519,1,9.50448,251.156
2520,1,9.46654,251.489
2521,1,9.41769,251.823
2522,1,9.35772,252.158
2523,1,9.28642,252.494
2524,1,9.20357,252.831
2525,1,9.10891,253.168
2526,1,9.0022,253.504
2527,1,8.88317,253.841
2528,1,8.75152,254.177
2529,1,8.60694,254.511
2530,1,8.44911,254.845
2531,1,8.27768,255.176
2532,1,8.09229,255.505
2533,1,7.89253,255.831
2534,1,7.67799,256.153
2535,1,7.44823,256.471
2536,1,7.20279,256.785
2537,1,6.94117,257.092
2538,1,6.66286,257.393
2539,1,6.3673,257.687
2540,1,6.05394,257.971
2541,1,5.7222,258.246
2542,1,5.37148,258.509
2543,1,5.00121,258.758
2544,1,4.61081,258.992
2545,1,4.19977,259.209
2546,1,3.76767,259.405
2547,1,3.31424,259.577
2548,1,2.83947,259.723
2549,1,2.34371,259.836
2550,1,1.82791,259.913
2551,1,1.29387,259.947
2552,1,0.744664,259.931
2553,1,0.18517,259.858
2554,1,-0.377248,259.72
2555,1,-0.931968,259.509
2556,1,-1.46452,259.219
2557,1,-1.95663,258.848
2558,1,-2.38757,258.399
2559,1,-2.73729,257.884
2560,1,-2.99067,257.323
2561,1,-3.141,256.738
2562,1,-3.19081,256.154
2563,1,-3.1498,255.59
2564,1,-3.03142,255.059
2565,1,-2.84996,254.569
2566,1,-2.61868,254.125
2567,1,-2.34897,253.726
2568,1,-2.05021,253.372
2569,1,-1.72995,253.06
2570,1,-1.39418,252.789
2571,1,-1.04763,252.555
2572,1,-0.694003,252.356
2573,1,-0.336259,252.189
2574,1,0.0232771,252.051
2575,1,0.382752,251.942
2576,1,0.740685,251.858
2577,1,1.09589,251.798
2578,1,1.4474,251.76
2579,1,1.79445,251.744
2580,1,2.1364,251.746
2581,1,2.47274,251.767
2582,1,2.80304,251.805
2583,1,3.12695,251.859
2584,1,3.44419,251.928
2585,1,3.75451,252.012
2586,1,4.05772,252.109
2587,1,4.35364,252.219
2588,1,4.64213,252.342
2589,1,4.92307,252.476
2590,1,5.19636,252.621
2591,1,5.4619,252.776
2592,1,5.71962,252.942
2593,1,5.96944,253.117
2594,1,6.2113,253.301
2595,1,6.44515,253.494
2596,1,6.67092,253.695
2597,1,6.88856,253.905
2598,1,7.09803,254.122
2599,1,7.29927,254.346
2600,1,7.49224,254.577
2601,1,7.67688,254.815
2602,1,7.85315,255.06
2603,1,8.02098,255.311
2604,1,8.18033,255.568
2605,1,8.33113,255.831
2606,1,8.47333,256.099
2607,1,8.60687,256.372
2608,1,8.73167,256.651
2609,1,8.84766,256.934
2610,1,8.95477,257.222
2611,1,9.05292,257.515
2612,1,9.14202,257.811
2613,1,9.22198,258.112
2614,1,9.29271,258.417
2615,1,9.3541,258.725
2616,1,9.40604,259.037
2617,1,9.44843,259.352
2618,1,9.48112,259.67
2619,1,9.504,259.991
2620,1,9.51693,260.315
2621,1,9.51975,260.641
2622,1,9.51232,260.97
2623,1,9.49446,261.3
2624,1,9.466,261.633
2625,1,9.42676,261.967
2626,1,9.37652,262.303
2627,1,9.3151,262.639
2628,1,9.24225,262.977
2629,1,9.15774,263.315
2630,1,9.06132,263.654
2631,1,8.95271,263.992
2632,1,8.83164,264.33
2633,1,8.6978,264.668
2634,1,8.55086,265.004
2635,1,8.39049,265.339
2636,1,8.21631,265.672
2637,1,8.02794,266.003
2638,1,7.82496,266.331
2639,1,7.60694,266.655
2640,1,7.37341,266.975
2641,1,7.12388,267.29
2642,1,6.85784,267.599
2643,1,6.57473,267.901
2644,1,6.27399,268.195
2645,1,5.95503,268.481
2646,1,5.61723,268.755
2647,1,5.25998,269.018
2648,1,4.88266,269.267
2649,1,4.48471,269.499
2650,1,4.06559,269.714
2651,1,3.62491,269.906
2652,1,3.16245,270.074
2653,1,2.67827,270.213
2654,1,2.17291,270.318
2655,1,1.64758,270.384
2656,1,1.10452,270.404
2657,1,0.54747,270.371
2658,1,-0.0177583,270.278
2659,1,-0.582483,270.116
2660,1,-1.13444,269.877
2661,1,-1.65737,269.558
2662,1,-2.13157,269.156
2663,1,-2.53602,268.681
2664,1,-2.8522,268.146
2665,1,-3.0683,267.574
2666,1,-3.18167,266.989
2667,1,-3.19825,266.412
2668,1,-3.12965,265.861
2669,1,-2.98986,265.347
2670,1,-2.79272,264.875
2671,1,-2.55064,264.448
2672,1,-2.27406,264.066
2673,1,-1.97149,263.727
2674,1,-1.64975,263.43
2675,1,-1.31422,263.171
2676,1,-0.969181,262.948
2677,1,-0.618001,262.758
2678,1,-0.263356,262.599
2679,1,0.0926276,262.47
2680,1,0.448249,262.367
2681,1,0.802145,262.288
2682,1,1.15321,262.233
2683,1,1.50056,262.2
2684,1,1.84346,262.187
2685,1,2.18131,262.193
2686,1,2.51363,262.216
2687,1,2.84002,262.257
2688,1,3.16014,262.313
2689,1,3.4737,262.384
2690,1,3.78048,262.469
2691,1,4.08028,262.567
2692,1,4.37293,262.678
2693,1,4.65829,262.802
2694,1,4.93623,262.936
2695,1,5.20666,263.082
2696,1,5.46947,263.238
2697,1,5.72458,263.404
2698,1,5.97192,263.579
2699,1,6.21142,263.764
2700,1,6.44302,263.957
2701,1,6.66665,264.158
2702,1,6.88227,264.368
2703,1,7.08981,264.585
2704,1,7.28922,264.809
2705,1,7.48044,265.041
2706,1,7.66342,265.279
2707,1,7.83811,265.524
2708,1,8.00445,265.775
2709,1,8.16236,266.032
2710,1,8.31181,266.295
2711,1,8.4527,266.563
2712,1,8.58499,266.837
2713,1,8.70859,267.116
2714,1,8.82343,267.399
2715,1,8.92942,267.688
2716,1,9.02649,267.981
2717,1,9.11453,268.278
2718,1,9.19346,268.579
2719,1,9.26316,268.885
2720,1,9.32354,269.194
2721,1,9.37447,269.506
2722,1,9.41584,269.822
2723,1,9.44752,270.141
2724,1,9.46935,270.463
2725,1,9.48122,270.788
2726,1,9.48294,271.116
2727,1,9.47437,271.445
2728,1,9.45533,271.777
2729,1,9.42563,272.111
2730,1,9.38507,272.447
2731,1,9.33346,272.784
2732,1,9.27056,273.122
2733,1,9.19614,273.461
2734,1,9.10995,273.801
2735,1,9.01173,274.141
2736,1,8.9012,274.481
2737,1,8.77805,274.821
2738,1,8.64196,275.161
2739,1,8.4926,275.499
2740,1,8.32961,275.836
2741,1,8.15259,276.171
2742,1,7.96115,276.503
2743,1,7.75485,276.833
2744,1,7.53323,277.159
2745,1,7.29579,277.48
2746,1,7.04203,277.797
2747,1,6.7714,278.107
2748,1,6.48331,278.411
2749,1,6.17719,278.706
2750,1,5.85238,278.992
2751,1,5.50828,279.267
2752,1,5.14421,279.529
2753,1,4.75957,279.777
2754,1,4.35374,280.008
2755,1,3.92623,280.219
2756,1,3.47664,280.408
2757,1,3.00481,280.57
2758,1,2.51095,280.702
2759,1,1.99579,280.797
2760,1,1.46088,280.851
2761,1,0.908987,280.857
2762,1,0.344623,280.806
2763,1,-0.22527,280.69
2764,1,-0.790531,280.502
2765,1,-1.33712,280.234
2766,1,-1.84706,279.884
2767,1,-2.29958,279.453
2768,1,-2.67414,278.954
2769,1,-2.95461,278.403
2770,1,-3.13303,277.824
2771,1,-3.21066,277.242
2772,1,-3.19623,276.675
2773,1,-3.10262,276.139
2774,1,-2.94384,275.641
2775,1,-2.73311,275.187
2776,1,-2.48188,274.777
2777,1,-2.19969,274.411
2778,1,-1.89423,274.087
2779,1,-1.57165,273.803
2780,1,-1.23683,273.556
2781,1,-0.89361,273.343
2782,1,-0.545066,273.163
2783,1,-0.19363,273.012
2784,1,0.15875,272.889
2785,1,0.510512,272.793
2786,1,0.860393,272.72
2787,1,1.20737,272.669
2788,1,1.55061,272.64
2789,1,1.88943,272.63
2790,1,2.22327,272.639
2791,1,2.55166,272.665
2792,1,2.87421,272.708
2793,1,3.19061,272.766
2794,1,3.50059,272.839
2795,1,3.80391,272.925
2796,1,4.10038,273.025
2797,1,4.38984,273.137
2798,1,4.67214,273.261
2799,1,4.94716,273.397
2800,1,5.21479,273.543
2801,1,5.47494,273.699
2802,1,5.72751,273.865
2803,1,5.97244,274.041
2804,1,6.20964,274.226
2805,1,6.43905,274.419
2806,1,6.6606,274.621
2807,1,6.87425,274.83
2808,1,7.07991,275.048
2809,1,7.27754,275.272
2810,1,7.46707,275.504
2811,1,7.64845,275.742
2812,1,7.82161,275.987
2813,1,7.98649,276.238
2814,1,8.14303,276.496
2815,1,8.29115,276.759
2816,1,8.43079,277.027
2817,1,8.56188,277.301
2818,1,8.68432,277.581
2819,1,8.79805,277.865
2820,1,8.90297,278.154
2821,1,8.99899,278.447
2822,1,9.08602,278.745
2823,1,9.16395,279.047
2824,1,9.23267,279.353
2825,1,9.29208,279.663
2826,1,9.34205,279.976
2827,1,9.38244,280.293
2828,1,9.41313,280.613
2829,1,9.43397,280.936
2830,1,9.4448,281.262
2831,1,9.44547,281.59
2832,1,9.4358,281.921
2833,1,9.41561,282.254
2834,1,9.3847,282.59
2835,1,9.34287,282.926
2836,1,9.2899,283.265
2837,1,9.22556,283.605
2838,1,9.1496,283.946
2839,1,9.06177,284.287
2840,1,8.96177,284.629
2841,1,8.84933,284.971
2842,1,8.72412,285.313
2843,1,8.5858,285.654
2844,1,8.43403,285.994
2845,1,8.26842,286.333
2846,1,8.08858,286.67
2847,1,7.89407,287.005
2848,1,7.68443,287.336
2849,1,7.45918,287.664
2850,1,7.21781,287.987
2851,1,6.95978,288.305
2852,1,6.6845,288.617
2853,1,6.39139,288.921
2854,1,6.07979,289.217
2855,1,5.74907,289.504
2856,1,5.39855,289.779
2857,1,5.02756,290.041
2858,1,4.63545,290.287
2859,1,4.22162,290.516
2860,1,3.78556,290.725
2861,1,3.32692,290.909
2862,1,2.84562,291.065
2863,1,2.34201,291.189
2864,1,1.81707,291.275
2865,1,1.27277,291.316
2866,1,0.712473,291.305
2867,1,0.141611,291.234
2868,1,-0.431613,291.095
2869,1,-0.995416,290.88
2870,1,-1.53396,290.582
2871,1,-2.02773,290.202
2872,1,-2.45549,289.745
2873,1,-2.79798,289.224
2874,1,-3.04219,288.661
2875,1,-3.18412,288.08
2876,1,-3.22851,287.503
2877,1,-3.18616,286.949
2878,1,-3.07061,286.428
2879,1,-2.89557,285.947
2880,1,-2.67343,285.51
2881,1,-2.41477,285.116
2882,1,-2.12824,284.765
2883,1,-1.82081,284.455
2884,1,-1.49805,284.183
2885,1,-1.16436,283.947
2886,1,-0.823254,283.744
2887,1,-0.477511,283.572
2888,1,-0.129365,283.429
2889,1,0.219395,283.313
2890,1,0.567325,283.222
2891,1,0.913254,283.154
2892,1,1.25623,283.108
2893,1,1.59546,283.082
2894,1,1.93032,283.076
2895,1,2.26026,283.087
2896,1,2.58484,283.116
2897,1,2.90369,283.161
2898,1,3.2165,283.221
2899,1,3.52301,283.295
2900,1,3.823,283.383
2901,1,4.11627,283.483
2902,1,4.40265,283.596
2903,1,4.68201,283.721
2904,1,4.95422,283.857
2905,1,5.21917,284.004
2906,1,5.47676,284.161
2907,1,5.72689,284.327
2908,1,5.9695,284.503
2909,1,6.20449,284.688
2910,1,6.43181,284.882
2911,1,6.65138,285.084
2912,1,6.86313,285.293
2913,1,7.067,285.511
2914,1,7.26293,285.735
2915,1,7.45085,285.967
2916,1,7.6307,286.206
2917,1,7.8024,286.451
2918,1,7.9659,286.702
2919,1,8.12112,286.96
2920,1,8.26799,287.223
2921,1,8.40643,287.492
2922,1,8.53637,287.766
2923,1,8.65771,288.046
2924,1,8.77038,288.33
2925,1,8.87427,288.62
2926,1,8.9693,288.914
2927,1,9.05536,289.212
2928,1,9.13234,289.515
2929,1,9.20012,289.821
2930,1,9.25859,290.132
2931,1,9.30763,290.446
2932,1,9.34708,290.764
2933,1,9.37681,291.085
2934,1,9.39667,291.409
2935,1,9.4065,291.736
2936,1,9.40613,292.066
2937,1,9.39537,292.398
2938,1,9.37404,292.733
2939,1,9.34193,293.069
2940,1,9.29882,293.408
2941,1,9.2445,293.748
2942,1,9.17871,294.089
2943,1,9.1012,294.432
2944,1,9.01169,294.775
2945,1,8.9099,295.119
2946,1,8.79551,295.462
2947,1,8.66819,295.806
2948,1,8.5276,296.149
2949,1,8.37336,296.492
2950,1,8.20507,296.832
2951,1,8.02231,297.171
2952,1,7.82463,297.508
2953,1,7.61155,297.841
2954,1,7.38256,298.17
2955,1,7.13712,298.495
2956,1,6.87466,298.815
2957,1,6.59457,299.128
2958,1,6.29621,299.434
2959,1,5.97894,299.731
2960,1,5.64205,300.018
2961,1,5.28485,300.293
2962,1,4.90665,300.554
2963,1,4.50677,300.799
2964,1,4.0846,301.026
2965,1,3.63966,301.231
2966,1,3.17164,301.41
2967,1,2.68056,301.56
2968,1,2.16697,301.675
2969,1,1.63215,301.75
2970,1,1.07855,301.777
2971,1,0.51029,301.748
2972,1,-0.0661398,301.656
2973,1,-0.641088,301.491
2974,1,-1.20102,301.247
2975,1,-1.7283,300.919
2976,1,-2.20224,300.509
2977,1,-2.60182,300.026
2978,1,-2.90993,299.488
2979,1,-3.11724,298.917
2980,1,-3.22367,298.337
2981,1,-3.23687,297.769
2982,1,-3.16905,297.228
2983,1,-3.03394,296.723
2984,1,-2.84467,296.259
2985,1,-2.61278,295.839
2986,1,-2.34793,295.461
2987,1,-2.05799,295.124
2988,1,-1.74927,294.827
2989,1,-1.42679,294.567
2990,1,-1.09456,294.341
2991,1,-0.755766,294.147
2992,1,-0.412948,293.983
2993,1,-0.0681541,293.848
2994,1,0.276967,293.738
2995,1,0.621079,293.652
2996,1,0.963092,293.589
2997,1,1.30211,293.547
2998,1,1.63741,293.525
2999,1,1.96836,293.522
3000,1,2.29448,293.536
3001,1,2.61533,293.567
3002,1,2.93055,293.614
3003,1,3.23986,293.675
3004,1,3.54298,293.751
3005,1,3.8397,293.84
3006,1,4.12984,293.942
3007,1,4.41322,294.056
3008,1,4.6897,294.181
3009,1,4.95917,294.318
3010,1,5.22149,294.465
3011,1,5.47658,294.622
3012,1,5.72434,294.789
3013,1,5.96468,294.966
3014,1,6.19753,295.151
3015,1,6.4228,295.345
3016,1,6.64043,295.547
3017,1,6.85034,295.756
3018,1,7.05247,295.974
3019,1,7.24674,296.199
3020,1,7.43309,296.431
3021,1,7.61145,296.67
3022,1,7.78174,296.915
3023,1,7.94389,297.166
3024,1,8.09783,297.424
3025,1,8.24349,297.688
3026,1,8.38076,297.957
3027,1,8.50959,298.232
3028,1,8.62986,298.512
3029,1,8.7415,298.797
3030,1,8.84441,299.086
3031,1,8.93847,299.381
3032,1,9.02359,299.68
3033,1,9.09965,299.983
3034,1,9.16652,300.291
3035,1,9.22409,300.602
3036,1,9.27221,300.917
3037,1,9.31075,301.236
3038,1,9.33955,301.558
3039,1,9.35846,301.883
3040,1,9.36731,302.211
3041,1,9.36591,302.542
3042,1,9.35409,302.876
3043,1,9.33163,303.212
3044,1,9.29834,303.55
3045,1,9.25397,303.89
3046,1,9.1983,304.231
3047,1,9.13107,304.574
3048,1,9.05201,304.919
3049,1,8.96084,305.264
3050,1,8.85724,305.609
3051,1,8.7409,305.955
3052,1,8.61148,306.301
3053,1,8.46859,306.646
3054,1,8.31185,306.99
3055,1,8.14085,307.333
3056,1,7.95514,307.674
3057,1,7.75425,308.012
3058,1,7.53767,308.347
3059,1,7.30487,308.679
3060,1,7.05528,309.005
3061,1,6.7883,309.327
3062,1,6.50329,309.641
3063,1,6.19958,309.948
3064,1,5.87648,310.246
3065,1,5.53328,310.533
3066,1,5.16923,310.808
3067,1,4.78363,311.068
3068,1,4.37577,311.312
3069,1,3.94506,311.536
3070,1,3.49102,311.737
3071,1,3.01342,311.911
3072,1,2.51242,312.054
3073,1,1.98877,312.16
3074,1,1.44415,312.222
3075,1,0.881573,312.233
3076,1,0.306041,312.186
3077,1,-0.274737,312.07
3078,1,-0.849512,311.879
3079,1,-1.40292,311.605
3080,1,-1.91572,311.247
3081,1,-2.36653,310.809
3082,1,-2.73538,310.304
3083,1,-3.00806,309.752
3084,1,-3.17914,309.177
3085,1,-3.2521,308.601
3086,1,-3.23684,308.044
3087,1,-3.14638,307.517
3088,1,-2.99423,307.028
3089,1,-2.79282,306.581
3090,1,-2.5528,306.176
3091,1,-2.283,305.813
3092,1,-1.99054,305.49
3093,1,-1.68116,305.205
3094,1,-1.3594,304.956
3095,1,-1.02892,304.74
3096,1,-0.692602,304.555
3097,1,-0.352796,304.399
3098,1,-0.0113806,304.269
3099,1,0.33012,304.165
3100,1,0.670464,304.084
3101,1,1.00863,304.026
3102,1,1.34379,303.988
3103,1,1.67524,303.969
3104,1,2.00241,303.969
3105,1,2.32481,303.986
3106,1,2.64203,304.019
3107,1,2.95374,304.068
3108,1,3.25964,304.131
3109,1,3.55948,304.208
3110,1,3.85305,304.298
3111,1,4.14015,304.401
3112,1,4.42062,304.516
3113,1,4.69433,304.642
3114,1,4.96113,304.779
3115,1,5.22093,304.927
3116,1,5.4736,305.085
3117,1,5.71905,305.252
3118,1,5.95721,305.429
3119,1,6.18797,305.614
3120,1,6.41127,305.808
3121,1,6.62702,306.01
3122,1,6.83514,306.22
3123,1,7.03558,306.438
3124,1,7.22824,306.663
3125,1,7.41307,306.895
3126,1,7.58998,307.134
3127,1,7.75889,307.38
3128,1,7.91974,307.632
3129,1,8.07243,307.89
3130,1,8.2169,308.154
3131,1,8.35304,308.423
3132,1,8.48077,308.698
3133,1,8.6,308.979
3134,1,8.71063,309.264
3135,1,8.81255,309.555
3136,1,8.90566,309.85
3137,1,8.98984,310.15
3138,1,9.06497,310.454
3139,1,9.13093,310.762
3140,1,9.18758,311.074
3141,1,9.23479,311.39
3142,1,9.27239,311.71
3143,1,9.30024,312.033
3144,1,9.31817,312.359
3145,1,9.326,312.689
3146,1,9.32354,313.021
3147,1,9.31061,313.356
3148,1,9.28698,313.694
3149,1,9.25244,314.033
3150,1,9.20675,314.375
3151,1,9.14967,314.718
3152,1,9.08092,315.063
3153,1,9.00023,315.409
3154,1,8.90729,315.756
3155,1,8.80178,316.103
3156,1,8.68338,316.451
3157,1,8.55171,316.799
3158,1,8.40638,317.146
3159,1,8.247,317.492
3160,1,8.07312,317.837
3161,1,7.88427,318.18
3162,1,7.67997,318.52
3163,1,7.45967,318.857
3164,1,7.22282,319.191
3165,1,6.96881,319.519
3166,1,6.69702,319.842
3167,1,6.40677,320.158
3168,1,6.09737,320.465
3169,1,5.76808,320.764
3170,1,5.41816,321.051
3171,1,5.04683,321.326
3172,1,4.65336,321.585
3173,1,4.23704,321.827
3174,1,3.79727,322.048
3175,1,3.33363,322.244
3176,1,2.84597,322.412
3177,1,2.33462,322.547
3178,1,1.80061,322.641
3179,1,1.2461,322.69
3180,1,0.674804,322.684
3181,1,0.0927734,322.615
3182,1,-0.490851,322.474
3183,1,-1.06304,322.254
3184,1,-1.60657,321.949
3185,1,-2.10084,321.56
3186,1,-2.52447,321.094
3187,1,-2.85943,320.57
3188,1,-3.09507,320.007
3189,1,-3.22997,319.432
3190,1,-3.27069,318.863
3191,1,-3.22874,318.318
3192,1,-3.11749,317.807
3193,1,-2.94997,317.335
3194,1,-2.73776,316.904
3195,1,-2.49066,316.515
3196,1,-2.21667,316.167
3197,1,-1.92226,315.857
3198,1,-1.6126,315.584
3199,1,-1.29183,315.346
3200,1,-0.963257,315.139
3201,1,-0.629534,314.962
3202,1,-0.292801,314.814
3203,1,0.0452092,314.691
3204,1,0.383085,314.592
3205,1,0.719672,314.517
3206,1,1.05402,314.463
3207,1,1.38534,314.428
3208,1,1.71297,314.413
3209,1,2.03638,314.416
3210,1,2.35509,314.435
3211,1,2.66872,314.471
3212,1,2.97694,314.521
3213,1,3.27946,314.586
3214,1,3.57604,314.665
3215,1,3.86646,314.756
3216,1,4.15055,314.86
3217,1,4.42813,314.976
3218,1,4.69906,315.103
3219,1,4.96321,315.241
3220,1,5.22047,315.389
3221,1,5.47073,315.547
3222,1,5.71388,315.715
3223,1,5.94984,315.892
3224,1,6.17852,316.078
3225,1,6.39983,316.272
3226,1,6.61369,316.475
3227,1,6.82002,316.685
3228,1,7.01875,316.903
3229,1,7.2098,317.128
3230,1,7.39309,317.361
3231,1,7.56853,317.6
3232,1,7.73605,317.846
3233,1,7.89557,318.098
3234,1,8.047,318.356
3235,1,8.19026,318.621
3236,1,8.32524,318.891
3237,1,8.45187,319.166
3238,1,8.57003,319.447
3239,1,8.67962,319.733
3240,1,8.78054,320.024
3241,1,8.87267,320.32
3242,1,8.95589,320.62
3243,1,9.03008,320.925
3244,1,9.0951,321.234
3245,1,9.15081,321.548
3246,1,9.19706,321.865
3247,1,9.23371,322.185
3248,1,9.26057,322.51
3249,1,9.27749,322.837
3250,1,9.28428,323.168
3251,1,9.28074,323.502
3252,1,9.26666,323.838
3253,1,9.24183,324.177
3254,1,9.20601,324.518
3255,1,9.15896,324.861
3256,1,9.10042,325.206
3257,1,9.03011,325.553
3258,1,8.94773,325.901
3259,1,8.85298,326.25
3260,1,8.74551,326.599
3261,1,8.62498,326.949
3262,1,8.491,327.299
3263,1,8.34316,327.648
3264,1,8.18105,327.996
3265,1,8.0042,328.343
3266,1,7.81212,328.688
3267,1,7.60429,329.031
3268,1,7.38015,329.37
3269,1,7.13911,329.705
3270,1,6.88054,330.035
3271,1,6.60377,330.359
3272,1,6.30811,330.676
3273,1,5.99281,330.985
3274,1,5.6571,331.284
3275,1,5.30021,331.572
3276,1,4.92133,331.845
3277,1,4.51971,332.103
3278,1,4.09463,332.343
3279,1,3.64551,332.56
3280,1,3.17196,332.751
3281,1,2.67398,332.912
3282,1,2.1521,333.037
3283,1,1.60771,333.12
3284,1,1.04351,333.153
3285,1,0.464095,333.128
3286,1,-0.123293,333.036
3287,1,-0.707897,332.868
3288,1,-1.27481,332.617
3289,1,-1.80506,332.281
3290,1,-2.27719,331.862
3291,1,-2.67062,331.373
3292,1,-2.97009,330.832
3293,1,-3.16887,330.264
3294,1,-3.26924,329.691
3295,1,-3.28019,329.132
3296,1,-3.21424,328.601
3297,1,-3.08467,328.105
3298,1,-2.90385,327.649
3299,1,-2.6825,327.235
3300,1,-2.42957,326.861
3301,1,-2.15233,326.527
3302,1,-1.85663,326.23
3303,1,-1.54717,325.968
3304,1,-1.22771,325.74
3305,1,-0.901259,325.542
3306,1,-0.570249,325.373
3307,1,-0.236649,325.231
3308,1,0.0979419,325.115
3309,1,0.432213,325.022
3310,1,0.765087,324.951
3311,1,1.09567,324.901
3312,1,1.42323,324.87
3313,1,1.74713,324.858
3314,1,2.06686,324.864
3315,1,2.38198,324.886
3316,1,2.69211,324.923
3317,1,2.99693,324.975
3318,1,3.29617,325.042
3319,1,3.58958,325.122
3320,1,3.87695,325.215
3321,1,4.1581,325.319
3322,1,4.43287,325.436
3323,1,4.70111,325.564
3324,1,4.96269,325.702
3325,1,5.21749,325.851
3326,1,5.46541,326.01
3327,1,5.70633,326.178
3328,1,5.94017,326.356
3329,1,6.16682,326.542
3330,1,6.38621,326.736
3331,1,6.59825,326.939
3332,1,6.80285,327.15
3333,1,6.99993,327.368
3334,1,7.18942,327.593
3335,1,7.37122,327.826
3336,1,7.54525,328.066
3337,1,7.71143,328.312
3338,1,7.86968,328.564
3339,1,8.01989,328.823
3340,1,8.16198,329.088
3341,1,8.29585,329.358
3342,1,8.42141,329.634
3343,1,8.53854,329.916
3344,1,8.64714,330.203
3345,1,8.74709,330.494
3346,1,8.83828,330.791
3347,1,8.92057,331.092
3348,1,8.99384,331.398
3349,1,9.05795,331.708
3350,1,9.11275,332.022
3351,1,9.15809,332.34
3352,1,9.1938,332.662
3353,1,9.21971,332.987
3354,1,9.23564,333.316
3355,1,9.2414,333.648
3356,1,9.23678,333.983
3357,1,9.22157,334.321
3358,1,9.19554,334.662
3359,1,9.15845,335.004
3360,1,9.11004,335.349
3361,1,9.05004,335.696
3362,1,8.97816,336.045
3363,1,8.89409,336.395
3364,1,8.79751,336.745
3365,1,8.68806,337.097
3366,1,8.56536,337.449
3367,1,8.42904,337.801
3368,1,8.27865,338.152
3369,1,8.11376,338.502
3370,1,7.93388,338.851
3371,1,7.73849,339.198
3372,1,7.52705,339.543
3373,1,7.29896,339.884
3374,1,7.05362,340.221
3375,1,6.79036,340.553
3376,1,6.50847,340.878
3377,1,6.20722,341.197
3378,1,5.88582,341.506
3379,1,5.54349,341.806
3380,1,5.1794,342.093
3381,1,4.79272,342.366
3382,1,4.38267,342.623
3383,1,3.94855,342.859
3384,1,3.48979,343.073
3385,1,3.00608,343.258
3386,1,2.49757,343.411
3387,1,1.96505,343.526
3388,1,1.41035,343.596
3389,1,0.836839,343.612
3390,1,0.250108,343.566
3391,1,-0.341197,343.449
3392,1,-0.924563,343.252
3393,1,-1.48318,342.971
3394,1,-1.99661,342.603
3395,1,-2.44317,342.156
3396,1,-2.80399,341.646
3397,1,-3.0672,341.094
3398,1,-3.23004,340.523
3399,1,-3.29798,339.956
3400,1,-3.2818,339.408
3401,1,-3.19447,338.891
3402,1,-3.04888,338.412
3403,1,-2.85663,337.972
3404,1,-2.62761,337.573
3405,1,-2.36995,337.214
3406,1,-2.09026,336.892
3407,1,-1.79386,336.607
3408,1,-1.485,336.356
3409,1,-1.16711,336.137
3410,1,-0.842954,335.948
3411,1,-0.514753,335.787
3412,1,-0.184324,335.652
3413,1,0.146849,335.541
3414,1,0.477547,335.453
3415,1,0.80676,335.387
3416,1,1.13365,335.34
3417,1,1.45752,335.313
3418,1,1.77778,335.305
3419,1,2.09393,335.313
3420,1,2.40554,335.337
3421,1,2.71226,335.376
3422,1,3.01377,335.431
3423,1,3.30981,335.499
3424,1,3.60013,335.58
3425,1,3.88453,335.674
3426,1,4.16284,335.78
3427,1,4.43487,335.897
3428,1,4.7005,336.026
3429,1,4.95958,336.165
3430,1,5.212,336.314
3431,1,5.45764,336.473
3432,1,5.69639,336.642
3433,1,5.92816,336.82
3434,1,6.15285,337.006
3435,1,6.37037,337.201
3436,1,6.58064,337.404
3437,1,6.78355,337.615
3438,1,6.97903,337.834
3439,1,7.16699,338.06
3440,1,7.34735,338.293
3441,1,7.52001,338.533
3442,1,7.68488,338.779
3443,1,7.84187,339.032
3444,1,7.9909,339.291
3445,1,8.13185,339.556
3446,1,8.26463,339.827
3447,1,8.38914,340.104
3448,1,8.50525,340.386
3449,1,8.61287,340.673
3450,1,8.71187,340.966
3451,1,8.80212,341.263
3452,1,8.88349,341.565
3453,1,8.95584,341.872
3454,1,9.01904,342.183
3455,1,9.07292,342.498
3456,1,9.11732,342.817
3457,1,9.15208,343.14
3458,1,9.17702,343.467
3459,1,9.19193,343.797
3460,1,9.19664,344.131
3461,1,9.19091,344.467
3462,1,9.17453,344.807
3463,1,9.14726,345.149
3464,1,9.10885,345.493
3465,1,9.05902,345.84
3466,1,8.9975,346.189
3467,1,8.92397,346.539
3468,1,8.83813,346.891
3469,1,8.73962,347.244
3470,1,8.62807,347.597
3471,1,8.50311,347.951
3472,1,8.36432,348.305
3473,1,8.21124,348.659
3474,1,8.04341,349.012
3475,1,7.86032,349.363
3476,1,7.66144,349.712
3477,1,7.44618,350.058
3478,1,7.21393,350.401
3479,1,6.96403,350.74
3480,1,6.69579,351.074
3481,1,6.40847,351.401
3482,1,6.1013,351.72
3483,1,5.77345,352.031
3484,1,5.42409,352.331
3485,1,5.05237,352.618
3486,1,4.65742,352.89
3487,1,4.23846,353.144
3488,1,3.79478,353.377
3489,1,3.32586,353.585
3490,1,2.83151,353.764
3491,1,2.31205,353.909
3492,1,1.76862,354.012
3493,1,1.20357,354.066
3494,1,0.621109,354.064
3495,1,0.0280247,353.995
3496,1,-0.565433,353.85
3497,1,-1.14483,353.623
3498,1,-1.69151,353.309
3499,1,-2.18398,352.91
3500,1,-2.60115,352.438
3501,1,-2.92675,351.91
3502,1,-3.15279,351.349
3503,1,-3.28033,350.78
3504,1,-3.31747,350.221
3505,1,-3.27615,349.686
3506,1,-3.16938,349.184
3507,1,-3.00946,348.721
3508,1,-2.80715,348.297
3509,1,-2.5715,347.913
3510,1,-2.30991,347.568
3511,1,-2.02835,347.26
3512,1,-1.73165,346.986
3513,1,-1.42368,346.746
3514,1,-1.10756,346.536
3515,1,-0.78582,346.355
3516,1,-0.460501,346.201
3517,1,-0.133283,346.072
3518,1,0.194458,345.967
3519,1,0.521586,345.884
3520,1,0.847156,345.822
3521,1,1.17038,345.78
3522,1,1.49059,345.756
3523,1,1.80724,345.751
3524,1,2.11984,345.761
3525,1,2.42798,345.788
3526,1,2.73133,345.829
3527,1,3.02957,345.885
3528,1,3.32244,345.955
3529,1,3.6097,346.037
3530,1,3.89117,346.132
3531,1,4.16665,346.239
3532,1,4.43598,346.358
3533,1,4.69902,346.487
3534,1,4.95562,346.627
3535,1,5.20567,346.777
3536,1,5.44905,346.937
3537,1,5.68566,347.106
3538,1,5.91538,347.284
3539,1,6.13812,347.471
3540,1,6.35379,347.666
3541,1,6.56229,347.87
3542,1,6.76353,348.081
3543,1,6.95742,348.3
3544,1,7.14387,348.526
3545,1,7.32278,348.76
3546,1,7.49408,349
3547,1,7.65765,349.247
3548,1,7.8134,349.5
3549,1,7.96124,349.76
3550,1,8.10106,350.025
3551,1,8.23275,350.297
3552,1,8.35621,350.574
3553,1,8.47131,350.857
3554,1,8.57795,351.145
3555,1,8.67599,351.438
3556,1,8.7653,351.736
3557,1,8.84575,352.039
3558,1,8.91719,352.347
3559,1,8.97947,352.659
3560,1,9.03242,352.975
3561,1,9.07589,353.296
3562,1,9.10969,353.62
3563,1,9.13364,353.948
3564,1,9.14754,354.279
3565,1,9.15117,354.614
3566,1,9.14432,354.952
3567,1,9.12676,355.294
3568,1,9.09823,355.637
3569,1,9.05847,355.984
3570,1,9.0072,356.332
3571,1,8.94412,356.683
3572,1,8.86892,357.035
3573,1,8.78126,357.389
3574,1,8.68078,357.744
3575,1,8.5671,358.1
3576,1,8.43981,358.456
3577,1,8.29848,358.812
3578,1,8.14264,359.168
3579,1,7.97179,359.523
3580,1,7.78541,359.876
3581,1,7.58292,360.227
3582,1,7.36373,360.576
3583,1,7.12717,360.921
3584,1,6.87257,361.262
3585,1,6.59919,361.597
3586,1,6.30625,361.925
3587,1,5.99294,362.246
3588,1,5.6584,362.557
3589,1,5.30176,362.857
3590,1,4.92211,363.143
3591,1,4.5186,363.414
3592,1,4.0904,363.666
3593,1,3.63684,363.895
3594,1,3.15746,364.098
3595,1,2.65219,364.27
3596,1,2.12162,364.404
3597,1,1.56727,364.494
3598,1,0.99217,364.532
3599,1,0.4015,364.509
3600,1,-0.19657,364.415
3601,1,-0.790006,364.242
3602,1,-1.3624,363.983
3603,1,-1.89349,363.636
3604,1,-2.36135,363.208
3605,1,-2.7464,362.713
3606,1,-3.03566,362.171
3607,1,-3.22516,361.607
3608,1,-3.31931,361.041
3609,1,-3.32816,360.492
3610,1,-3.26427,359.971
3611,1,-3.14035,359.486
3612,1,-2.96796,359.038
3613,1,-2.75706,358.63
3614,1,-2.51589,358.26
3615,1,-2.25116,357.929
3616,1,-1.96831,357.633
3617,1,-1.67171,357.37
3618,1,-1.36489,357.139
3619,1,-1.0507,356.938
3620,1,-0.731452,356.765
3621,1,-0.409045,356.618
3622,1,-0.0850258,356.495
3623,1,0.239325,356.395
3624,1,0.562945,356.317
3625,1,0.884947,356.26
3626,1,1.20459,356.221
3627,1,1.52124,356.201
3628,1,1.83436,356.198
3629,1,2.1435,356.211
3630,1,2.44828,356.24
3631,1,2.74834,356.284
3632,1,3.04339,356.341
3633,1,3.33318,356.412
3634,1,3.61748,356.496
3635,1,3.89609,356.593
3636,1,4.16882,356.701
3637,1,4.43552,356.82
3638,1,4.69603,356.95
3639,1,4.95022,357.091
3640,1,5.19797,357.241
3641,1,5.43914,357.402
3642,1,5.67365,357.571
3643,1,5.90137,357.75
3644,1,6.1222,357.937
3645,1,6.33606,358.133
3646,1,6.54283,358.337
3647,1,6.74243,358.548
3648,1,6.93476,358.768
3649,1,7.11972,358.994
3650,1,7.29722,359.228
3651,1,7.46716,359.469
3652,1,7.62945,359.716
3653,1,7.78397,359.97
3654,1,7.93064,360.23
3655,1,8.06933,360.497
3656,1,8.19994,360.769
3657,1,8.32235,361.047
3658,1,8.43645,361.33
3659,1,8.5421,361.619
3660,1,8.63917,361.913
3661,1,8.72754,362.212
3662,1,8.80705,362.516
3663,1,8.87755,362.825
3664,1,8.9389,363.138
3665,1,8.99091,363.455
3666,1,9.03341,363.777
3667,1,9.06623,364.102
3668,1,9.08915,364.432
3669,1,9.10199,364.765
3670,1,9.10451,365.101
3671,1,9.09649,365.441
3672,1,9.07769,365.784
3673,1,9.04784,366.129
3674,1,9.00667,366.477
3675,1,8.95388,366.828
3676,1,8.88917,367.18
3677,1,8.81221,367.535
3678,1,8.72264,367.891
3679,1,8.6201,368.248
3680,1,8.50417,368.606
3681,1,8.37443,368.964
3682,1,8.23043,369.322
3683,1,8.07167,369.681
3684,1,7.89765,370.038
3685,1,7.70779,370.393
3686,1,7.5015,370.747
3687,1,7.27815,371.098
3688,1,7.03706,371.445
3689,1,6.7775,371.787
3690,1,6.49869,372.124
3691,1,6.19983,372.454
3692,1,5.88005,372.775
3693,1,5.53845,373.087
3694,1,5.17413,373.387
3695,1,4.78615,373.672
3696,1,4.37362,373.941
3697,1,3.93572,374.19
3698,1,3.47181,374.415
3699,1,2.98153,374.611
3700,1,2.46498,374.774
3701,1,1.92305,374.897
3702,1,1.35779,374.972
3703,1,0.773025,374.992
3704,1,0.1751,374.946
3705,1,-0.426216,374.825
3706,1,-1.01695,374.621
3707,1,-1.57877,374.329
3708,1,-2.09019,373.95
3709,1,-2.52969,373.495
3710,1,-2.88009,372.98
3711,1,-3.13224,372.429
3712,1,-3.28605,371.864
3713,1,-3.3487,371.305
3714,1,-3.33157,370.768
3715,1,-3.24735,370.262
3716,1,-3.10823,369.792
3717,1,-2.92499,369.36
3718,1,-2.70674,368.967
3719,1,-2.46098,368.612
3720,1,-2.19382,368.293
3721,1,-1.91017,368.008
3722,1,-1.61403,367.756
3723,1,-1.3086,367.535
3724,1,-0.996498,367.342
3725,1,-0.679851,367.177
3726,1,-0.360406,367.036
3727,1,-0.0396022,366.919
3728,1,0.281367,366.825
3729,1,0.601507,366.751
3730,1,0.919983,366.698
3731,1,1.23609,366.663
3732,1,1.54923,366.646
3733,1,1.8589,366.646
3734,1,2.16465,366.662
3735,1,2.46611,366.693
3736,1,2.76295,366.738
3737,1,3.05489,366.797
3738,1,3.34167,366.87
3739,1,3.62306,366.955
3740,1,3.89887,367.053
3741,1,4.16891,367.162
3742,1,4.43303,367.282
3743,1,4.69107,367.413
3744,1,4.9429,367.554
3745,1,5.18839,367.706
3746,1,5.42742,367.867
3747,1,5.65986,368.037
3748,1,5.88563,368.216
3749,1,6.1046,368.404
3750,1,6.31668,368.6
3751,1,6.52176,368.804
3752,1,6.71976,369.016
3753,1,6.91055,369.236
3754,1,7.09406,369.463
3755,1,7.27018,369.697
3756,1,7.4388,369.939
3757,1,7.59983,370.187
3758,1,7.75315,370.441
3759,1,7.89866,370.702
3760,1,8.03625,370.969
3761,1,8.16579,371.242
3762,1,8.28717,371.52
3763,1,8.40027,371.804
3764,1,8.50495,372.094
3765,1,8.60108,372.389
3766,1,8.6885,372.689
3767,1,8.76708,372.994
3768,1,8.83666,373.304
3769,1,8.89706,373.618
3770,1,8.94813,373.936
3771,1,8.98966,374.259
3772,1,9.02148,374.586
3773,1,9.04338,374.917
3774,1,9.05513,375.252
3775,1,9.05653,375.59
3776,1,9.04731,375.931
3777,1,9.02724,376.276
3778,1,8.99604,376.623
3779,1,8.95342,376.973
3780,1,8.89907,377.326
3781,1,8.83268,377.68
3782,1,8.7539,378.037
3783,1,8.66236,378.395
3784,1,8.55766,378.754
3785,1,8.4394,379.114
3786,1,8.30711,379.475
3787,1,8.16033,379.836
3788,1,7.99854,380.196
3789,1,7.8212,380.556
3790,1,7.62772,380.913
3791,1,7.41746,381.269
3792,1,7.18978,381.622
3793,1,6.94393,381.971
3794,1,6.67917,382.315
3795,1,6.39468,382.653
3796,1,6.0896,382.985
3797,1,5.76303,383.307
3798,1,5.41403,383.619
3799,1,5.04164,383.918
3800,1,4.64492,384.203
3801,1,4.22293,384.469
3802,1,3.77489,384.714
3803,1,3.3002,384.934
3804,1,2.7986,385.123
3805,1,2.27046,385.277
3806,1,1.71703,385.387
3807,1,1.14101,385.446
3808,1,0.547188,385.444
3809,1,-0.0567209,385.373
3810,1,-0.659143,385.223
3811,1,-1.24407,384.987
3812,1,-1.79144,384.661
3813,1,-2.27917,384.252
3814,1,-2.68704,383.772
3815,1,-3.00109,383.241
3816,1,-3.21619,382.684
3817,1,-3.33576,382.122
3818,1,-3.36911,381.573
3819,1,-3.32834,381.049
3820,1,-3.22594,380.558
3821,1,-3.07342,380.104
3822,1,-2.88075,379.688
3823,1,-2.65624,379.309
3824,1,-2.40672,378.967
3825,1,-2.13771,378.661
3826,1,-1.8537,378.388
3827,1,-1.55829,378.146
3828,1,-1.25444,377.933
3829,1,-0.944543,377.749
3830,1,-0.630552,377.59
3831,1,-0.314088,377.456
3832,1,0.00351247,377.345
3833,1,0.321133,377.255
3834,1,0.637841,377.186
3835,1,0.952848,377.137
3836,1,1.26549,377.106
3837,1,1.57519,377.092
3838,1,1.88147,377.094
3839,1,2.1839,377.113
3840,1,2.48212,377.146
3841,1,2.77582,377.193
3842,1,3.0647,377.254
3843,1,3.34853,377.328
3844,1,3.62707,377.415
3845,1,3.90014,377.514
3846,1,4.16756,377.624
3847,1,4.42915,377.745
3848,1,4.68477,377.877
3849,1,4.93429,378.019
3850,1,5.17756,378.171
3851,1,5.41447,378.332
3852,1,5.64491,378.503
3853,1,5.86875,378.683
3854,1,6.08588,378.871
3855,1,6.29622,379.068
3856,1,6.49964,379.273
3857,1,6.69605,379.486
3858,1,6.88534,379.706
3859,1,7.0674,379.933
3860,1,7.24215,380.168
3861,1,7.40946,380.41
3862,1,7.56924,380.659
3863,1,7.72136,380.914
3864,1,7.86572,381.175
3865,1,8.0022,381.443
3866,1,8.13068,381.716
3867,1,8.25103,381.996
3868,1,8.36312,382.281
3869,1,8.46681,382.571
3870,1,8.56197,382.867
3871,1,8.64843,383.168
3872,1,8.72606,383.474
3873,1,8.79468,383.785
3874,1,8.85412,384.1
3875,1,8.9042,384.42
3876,1,8.94473,384.745
3877,1,8.97551,385.073
3878,1,8.99633,385.406
3879,1,9.00696,385.742
3880,1,9.00716,386.081
3881,1,8.99669,386.425
3882,1,8.97528,386.771
3883,1,8.94265,387.12
3884,1,8.8985,387.472
3885,1,8.8425,387.827
3886,1,8.77433,388.183
3887,1,8.69362,388.542
3888,1,8.59998,388.902
3889,1,8.49301,389.264
3890,1,8.37227,389.626
3891,1,8.23728,389.99
3892,1,8.08755,390.353
3893,1,7.92254,390.715
3894,1,7.74168,391.077
3895,1,7.54434,391.438
3896,1,7.32988,391.795
3897,1,7.09758,392.15
3898,1,6.84669,392.501
3899,1,6.57641,392.847
3900,1,6.28588,393.187
3901,1,5.97419,393.519
3902,1,5.64041,393.842
3903,1,5.28355,394.154
3904,1,4.9026,394.453
3905,1,4.4966,394.736
3906,1,4.06461,394.999
3907,1,3.60587,395.24
3908,1,3.11984,395.454
3909,1,2.60645,395.635
3910,1,2.06634,395.777
3911,1,1.50129,395.872
3912,1,0.91476,395.913
3913,1,0.312711,395.888
3914,1,-0.295522,395.79
3915,1,-0.89638,395.608
3916,1,-1.47182,395.337
3917,1,-2.00041,394.978
3918,1,-2.46028,394.54
3919,1,-2.83349,394.038
3920,1,-3.10987,393.496
3921,1,-3.28832,392.937
3922,1,-3.37518,392.381
3923,1,-3.38124,391.843
3924,1,-3.31885,391.333
3925,1,-3.20007,390.858
3926,1,-3.03563,390.419
3927,1,-2.83467,390.018
3928,1,-2.60478,389.654
3929,1,-2.35212,389.325
3930,1,-2.08173,389.031
3931,1,-1.79765,388.768
3932,1,-1.50321,388.536
3933,1,-1.20108,388.333
3934,1,-0.893458,388.156
3935,1,-0.582163,388.004
3936,1,-0.268689,387.876
3937,1,0.0457188,387.771
3938,1,0.360017,387.686
3939,1,0.673327,387.622
3940,1,0.984907,387.576
3941,1,1.29412,387.548
3942,1,1.60043,387.538
3943,1,1.90337,387.543
3944,1,2.20253,387.564
3945,1,2.49756,387.599
3946,1,2.78815,387.649
3947,1,3.07402,387.711
3948,1,3.35493,387.787
3949,1,3.63067,387.875
3950,1,3.90103,387.975
3951,1,4.16585,388.086
3952,1,4.42494,388.208
3953,1,4.67817,388.341
3954,1,4.92539,388.484
3955,1,5.16647,388.637
3956,1,5.40129,388.799
3957,1,5.62971,388.971
3958,1,5.85164,389.151
3959,1,6.06696,389.34
3960,1,6.27555,389.537
3961,1,6.47732,389.743
3962,1,6.67215,389.956
3963,1,6.85993,390.177
3964,1,7.04056,390.405
3965,1,7.21393,390.64
3966,1,7.37994,390.883
3967,1,7.53846,391.132
3968,1,7.68938,391.387
3969,1,7.83258,391.65
3970,1,7.96795,391.918
3971,1,8.09535,392.192
3972,1,8.21465,392.473
3973,1,8.32572,392.759
3974,1,8.42842,393.05
3975,1,8.52259,393.347
3976,1,8.60808,393.649
3977,1,8.68474,393.956
3978,1,8.75238,394.268
3979,1,8.81083,394.585
3980,1,8.85991,394.906
3981,1,8.89941,395.232
3982,1,8.92912,395.562
3983,1,8.94883,395.896
3984,1,8.95829,396.234
3985,1,8.95728,396.575
3986,1,8.94551,396.92
3987,1,8.92272,397.268
3988,1,8.88861,397.62
3989,1,8.84287,397.974
3990,1,8.78517,398.33
3991,1,8.71515,398.689
3992,1,8.63244,399.05
3993,1,8.53664,399.413
3994,1,8.42731,399.777
3995,1,8.30399,400.142
3996,1,8.1662,400.507
3997,1,8.01341,400.873
3998,1,7.84505,401.238
3999,1,7.66053,401.602
4000,1,7.45919,401.964
4001,1,7.24034,402.325
4002,1,7.00324,402.682
4003,1,6.74709,403.035
4004,1,6.47105,403.382
4005,1,6.17421,403.723
4006,1,5.85564,404.057
4007,1,5.51432,404.38
4008,1,5.14924,404.692
4009,1,4.75937,404.99
4010,1,4.34369,405.27
4011,1,3.90128,405.531
4012,1,3.43142,405.766
4013,1,2.93367,405.973
4014,1,2.40819,406.144
4015,1,1.85599,406.274
4016,1,1.27946,406.353
4017,1,0.683019,406.373
4018,1,0.0739986,406.323
4019,1,-0.536443,406.195
4020,1,-1.13265,405.98
4021,1,-1.69473,405.675
4022,1,-2.20047,405.283
4023,1,-2.62915,404.819
4024,1,-2.96596,404.3
4025,1,-3.20479,403.75
4026,1,-3.34815,403.193
4027,1,-3.40466,402.645
4028,1,-3.38597,402.119
4029,1,-3.30433,401.624
4030,1,-3.17115,401.164
4031,1,-2.99637,400.741
4032,1,-2.78835,400.355
4033,1,-2.55399,400.004
4034,1,-2.29888,399.688
4035,1,-2.02758,399.405
4036,1,-1.74379,399.153
4037,1,-1.45053,398.93
4038,1,-1.15027,398.735
4039,1,-0.845014,398.566
4040,1,-0.536452,398.421
4041,1,-0.225972,398.299
4042,1,0.0852648,398.198
4043,1,0.39628,398.119
4044,1,0.706247,398.059
4045,1,1.01446,398.017
4046,1,1.32033,397.992
4047,1,1.62332,397.984
4048,1,1.92299,397.992
4049,1,2.21895,398.016
4050,1,2.51086,398.053
4051,1,2.79841,398.104
4052,1,3.08135,398.169
4053,1,3.35942,398.246
4054,1,3.63241,398.336
4055,1,3.90014,398.437
4056,1,4.16241,398.549
4057,1,4.41906,398.672
4058,1,4.66996,398.806
4059,1,4.91494,398.95
4060,1,5.15388,399.103
4061,1,5.38664,399.266
4062,1,5.61312,399.438
4063,1,5.83318,399.619
4064,1,6.04671,399.809
4065,1,6.25361,400.007
4066,1,6.45376,400.213
4067,1,6.64704,400.427
4068,1,6.83335,400.648
4069,1,7.01258,400.877
4070,1,7.18461,401.113
4071,1,7.34933,401.356
4072,1,7.50662,401.606
4073,1,7.65636,401.862
4074,1,7.79843,402.125
4075,1,7.9327,402.394
4076,1,8.05904,402.67
4077,1,8.17732,402.951
4078,1,8.28738,403.238
4079,1,8.38909,403.53
4080,1,8.48229,403.828
4081,1,8.56682,404.132
4082,1,8.64251,404.44
4083,1,8.70918,404.753
4084,1,8.76665,405.071
4085,1,8.81472,405.394
4086,1,8.85318,405.721
4087,1,8.88183,406.053
4088,1,8.90041,406.388
4089,1,8.90871,406.728
4090,1,8.90645,407.071
4091,1,8.89337,407.418
4092,1,8.86917,407.768
4093,1,8.83356,408.121
4094,1,8.7862,408.477
4095,1,8.72675,408.836
4096,1,8.65484,409.197
4097,1,8.57008,409.56
4098,1,8.47204,409.925
4099,1,8.36028,410.292
4100,1,8.23431,410.659
4101,1,8.09362,411.027
4102,1,7.93766,411.395
4103,1,7.76584,411.762
4104,1,7.57752,412.129
4105,1,7.37202,412.494
4106,1,7.14861,412.856
4107,1,6.90652,413.215
4108,1,6.64489,413.57
4109,1,6.36285,413.92
4110,1,6.05944,414.262
4111,1,5.73367,414.596
4112,1,5.38449,414.92
4113,1,5.01083,415.231
4114,1,4.61163,415.528
4115,1,4.18586,415.806
4116,1,3.73262,416.062
4117,1,3.25122,416.292
4118,1,2.74141,416.491
4119,1,2.2036,416.651
4120,1,1.63927,416.767
4121,1,1.05159,416.827
4122,1,0.446102,416.825
4123,1,-0.168257,416.748
4124,1,-0.778329,416.588
4125,1,-1.36637,416.338
4126,1,-1.91099,415.999
4127,1,-2.39002,415.578
4128,1,-2.78486,415.09
4129,1,-3.0844,414.558
4130,1,-3.28658,414.005
4131,1,-3.39692,413.452
4132,1,-3.42564,412.914
4133,1,-3.38474,412.402
4134,1,-3.28609,411.922
4135,1,-3.14037,411.478
4136,1,-2.95674,411.069
4137,1,-2.74282,410.697
4138,1,-2.50485,410.36
4139,1,-2.24793,410.056
4140,1,-1.9762,409.784
4141,1,-1.69304,409.541
4142,1,-1.40121,409.327
4143,1,-1.10297,409.14
4144,1,-0.800188,408.978
4145,1,-0.49442,408.839
4146,1,-0.186959,408.723
4147,1,0.121107,408.628
4148,1,0.428859,408.553
4149,1,0.735516,408.496
4150,1,1.04041,408.458
4151,1,1.34297,408.437
4152,1,1.6427,408.432
4153,1,1.93917,408.443
4154,1,2.232,408.468
4155,1,2.52086,408.508
4156,1,2.80545,408.561
4157,1,3.08551,408.627
4158,1,3.36081,408.706
4159,1,3.63113,408.796
4160,1,3.89628,408.898
4161,1,4.15608,409.012
4162,1,4.41037,409.136
4163,1,4.65899,409.271
4164,1,4.9018,409.415
4165,1,5.13866,409.57
4166,1,5.36945,409.733
4167,1,5.59403,409.906
4168,1,5.81229,410.088
4169,1,6.02411,410.278
4170,1,6.22937,410.476
4171,1,6.42796,410.683
4172,1,6.61977,410.897
4173,1,6.80467,411.119
4174,1,6.98255,411.349
4175,1,7.1533,411.585
4176,1,7.3168,411.829
4177,1,7.47292,412.08
4178,1,7.62155,412.337
4179,1,7.76254,412.6
4180,1,7.89578,412.87
4181,1,8.02113,413.147
4182,1,8.13844,413.429
4183,1,8.24756,413.716
4184,1,8.34835,414.01
4185,1,8.44064,414.309
4186,1,8.52426,414.613
4187,1,8.59905,414.923
4188,1,8.66481,415.238
4189,1,8.72135,415.557
4190,1,8.76847,415.881
4191,1,8.80596,416.21
4192,1,8.83359,416.543
4193,1,8.85111,416.88
4194,1,8.85829,417.221
4195,1,8.85484,417.566
4196,1,8.8405,417.915
4197,1,8.81495,418.267
4198,1,8.77788,418.623
4199,1,8.72895,418.981
4200,1,8.66779,419.342
4201,1,8.59403,419.705
4202,1,8.50725,420.071
4203,1,8.40701,420.438
4204,1,8.29284,420.807
4205,1,8.16424,421.177
4206,1,8.02066,421.547
4207,1,7.86153,421.917
4208,1,7.68623,422.288
4209,1,7.4941,422.657
4210,1,7.28441,423.024
4211,1,7.05639,423.389
4212,1,6.80923,423.75
4213,1,6.54205,424.107
4214,1,6.2539,424.458
4215,1,5.94378,424.801
4216,1,5.61066,425.136
4217,1,5.25343,425.46
4218,1,4.87099,425.771
4219,1,4.46224,426.066
4220,1,4.02614,426.341
4221,1,3.5618,426.593
4222,1,3.06866,426.817
4223,1,2.54663,427.006
4224,1,1.99648,427.155
4225,1,1.42027,427.255
4226,1,0.822053,427.296
4227,1,0.208737,427.269
4228,1,-0.408969,427.163
4229,1,-1.01581,426.97
4230,1,-1.59211,426.686
4231,1,-2.11559,426.315
4232,1,-2.56501,425.866
4233,1,-2.92469,425.36
4234,1,-3.18752,424.819
4235,1,-3.35504,424.267
4236,1,-3.43513,423.72
4237,1,-3.43898,423.194
4238,1,-3.37856,422.696
4239,1,-3.26518,422.231
4240,1,-3.10875,421.801
4241,1,-2.91769,421.407
4242,1,-2.69893,421.048
4243,1,-2.45815,420.723
4244,1,-2.20001,420.43
4245,1,-1.92826,420.168
4246,1,-1.64601,419.935
4247,1,-1.35579,419.729
4248,1,-1.05968,419.549
4249,1,-0.759424,419.394
4250,1,-0.456455,419.261
4251,1,-0.151987,419.15
4252,1,0.152958,419.06
4253,1,0.457514,418.989
4254,1,0.760942,418.937
4255,1,1.06261,418.902
4256,1,1.36196,418.884
4257,1,1.65853,418.882
4258,1,1.9519,418.895
4259,1,2.24169,418.922
4260,1,2.5276,418.964
4261,1,2.80933,419.019
4262,1,3.08662,419.086
4263,1,3.35925,419.166
4264,1,3.62699,419.258
4265,1,3.88966,419.362
4266,1,4.14708,419.476
4267,1,4.39908,419.601
4268,1,4.64552,419.737
4269,1,4.88624,419.882
4270,1,5.1211,420.037
4271,1,5.34998,420.202
4272,1,5.57274,420.375
4273,1,5.78927,420.557
4274,1,5.99943,420.748
4275,1,6.20312,420.947
4276,1,6.40021,421.155
4277,1,6.59059,421.37
4278,1,6.77413,421.592
4279,1,6.95072,421.822
4280,1,7.12023,422.06
4281,1,7.28255,422.304
4282,1,7.43754,422.555
4283,1,7.58508,422.813
4284,1,7.72503,423.078
4285,1,7.85727,423.349
4286,1,7.98164,423.626
4287,1,8.098,423.909
4288,1,8.20619,424.198
4289,1,8.30607,424.492
4290,1,8.39746,424.792
4291,1,8.48018,425.098
4292,1,8.55406,425.409
4293,1,8.6189,425.725
4294,1,8.67451,426.046
4295,1,8.72067,426.371
4296,1,8.75716,426.702
4297,1,8.78374,427.036
4298,1,8.80018,427.375
4299,1,8.8062,427.718
4300,1,8.80152,428.065
4301,1,8.78586,428.416
4302,1,8.75889,428.77
4303,1,8.72029,429.128
4304,1,8.66971,429.488
4305,1,8.60676,429.851
4306,1,8.53104,430.217
4307,1,8.44213,430.585
4308,1,8.33955,430.955
4309,1,8.22283,431.326
4310,1,8.09143,431.699
4311,1,7.94479,432.072
4312,1,7.7823,432.445
4313,1,7.60331,432.817
4314,1,7.40712,433.189
4315,1,7.19297,433.559
4316,1,6.96005,433.926
4317,1,6.7075,434.289
4318,1,6.43439,434.647
4319,1,6.13973,435
4320,1,5.82248,435.345
4321,1,5.48153,435.68
4322,1,5.11574,436.004
4323,1,4.72395,436.314
4324,1,4.30505,436.607
4325,1,3.858,436.878
4326,1,3.38197,437.125
4327,1,2.87651,437.341
4328,1,2.34179,437.521
4329,1,1.77904,437.656
4330,1,1.19104,437.738
4331,1,0.582957,437.757
4332,1,-0.0367227,437.702
4333,1,-0.655284,437.565
4334,1,-1.25532,437.338
4335,1,-1.81556,437.019
4336,1,-2.31356,436.616
4337,1,-2.73004,436.143
4338,1,-3.05293,435.623
4339,1,-3.27914,435.077
4340,1,-3.41336,434.528
4341,1,-3.46517,433.99
4342,1,-3.44621,433.477
4343,1,-3.36815,432.993
4344,1,-3.2416,432.543
4345,1,-3.07573,432.128
4346,1,-2.87821,431.748
4347,1,-2.65534,431.402
4348,1,-2.41231,431.089
4349,1,-2.15333,430.807
4350,1,-1.88185,430.555
4351,1,-1.60071,430.331
4352,1,-1.31222,430.133
4353,1,-1.01833,429.96
4354,1,-0.720631,429.811
4355,1,-0.420474,429.684
4356,1,-0.118993,429.579
4357,1,0.182854,429.493
4358,1,0.484248,429.426
4359,1,0.784488,429.378
4360,1,1.08297,429.346
4361,1,1.37917,429.331
4362,1,1.67263,429.332
4363,1,1.96294,429.347
4364,1,2.24976,429.377
4365,1,2.53277,429.42
4366,1,2.81169,429.477
4367,1,3.08626,429.546
4368,1,3.35625,429.628
4369,1,3.62146,429.721
4370,1,3.8817,429.826
4371,1,4.13678,429.941
4372,1,4.38654,430.067
4373,1,4.63083,430.204
4374,1,4.86949,430.35
4375,1,5.10239,430.506
4376,1,5.32939,430.671
4377,1,5.55036,430.845
4378,1,5.76518,431.028
4379,1,5.97372,431.22
4380,1,6.17586,431.419
4381,1,6.37147,431.627
4382,1,6.56044,431.843
4383,1,6.74263,432.066
4384,1,6.91794,432.297
4385,1,7.08623,432.535
4386,1,7.24738,432.781
4387,1,7.40125,433.033
4388,1,7.54771,433.291
4389,1,7.68663,433.557
4390,1,7.81786,433.829
4391,1,7.94126,434.107
4392,1,8.05667,434.391
4393,1,8.16393,434.681
4394,1,8.26289,434.977
4395,1,8.35336,435.278
4396,1,8.43517,435.585
4397,1,8.50812,435.897
4398,1,8.57203,436.214
4399,1,8.62668,436.537
4400,1,8.67185,436.864
4401,1,8.70731,437.196
4402,1,8.73282,437.532
4403,1,8.74811,437.873
4404,1,8.75293,438.218
4405,1,8.74697,438.567
4406,1,8.72993,438.92
4407,1,8.70148,439.276
4408,1,8.66128,439.636
4409,1,8.60896,439.999
4410,1,8.54412,440.364
4411,1,8.46635,440.733
4412,1,8.37519,441.103
4413,1,8.27016,441.475
4414,1,8.15075,441.849
4415,1,8.0164,442.224
4416,1,7.86653,442.6
4417,1,7.70049,442.975
4418,1,7.51759,443.351
4419,1,7.3171,443.725
4420,1,7.09823,444.097
4421,1,6.86013,444.466
4422,1,6.60187,444.832
4423,1,6.32249,445.192
4424,1,6.02093,445.546
4425,1,5.6961,445.892
4426,1,5.34685,446.228
4427,1,4.97198,446.551
4428,1,4.5703,446.859
4429,1,4.14067,447.149
4430,1,3.68207,447.417
4431,1,3.19376,447.657
4432,1,2.67545,447.865
4433,1,2.12768,448.032
4434,1,1.5522,448.152
4435,1,0.952735,448.214
4436,1,0.335788,448.208
4437,1,-0.288336,448.124
4438,1,-0.904742,447.953
4439,1,-1.49397,447.69
4440,1,-2.03368,447.337
4441,1,-2.50223,446.904
4442,1,-2.88319,446.411
4443,1,-3.16854,445.88
4444,1,-3.35896,445.333
4445,1,-3.46163,444.79
4446,1,-3.48724,444.263
4447,1,-3.4475,443.763
4448,1,-3.35355,443.294
4449,1,-3.21528,442.859
4450,1,-3.04108,442.458
4451,1,-2.83794,442.092
4452,1,-2.61159,441.759
4453,1,-2.36675,441.457
4454,1,-2.10726,441.186
4455,1,-1.83627,440.943
4456,1,-1.55636,440.728
4457,1,-1.2697,440.538
4458,1,-0.978057,440.372
4459,1,-0.682931,440.229
4460,1,-0.385576,440.108
4461,1,-0.0870521,440.008
4462,1,0.211736,439.927
4463,1,0.510014,439.864
4464,1,0.807118,439.819
4465,1,1.10247,439.791
4466,1,1.39557,439.779
4467,1,1.68597,439.782
4468,1,1.97329,439.8
4469,1,2.25718,439.832
4470,1,2.53734,439.877
4471,1,2.8135,439.936
4472,1,3.08539,440.007
4473,1,3.3528,440.09
4474,1,3.61552,440.185
4475,1,3.87335,440.29
4476,1,4.12612,440.407
4477,1,4.37367,440.534
4478,1,4.61583,440.672
4479,1,4.85246,440.819
4480,1,5.08342,440.975
4481,1,5.30856,441.141
4482,1,5.52776,441.316
4483,1,5.74088,441.5
4484,1,5.9478,441.692
4485,1,6.14839,441.893
4486,1,6.34253,442.102
4487,1,6.5301,442.318
4488,1,6.71095,442.542
4489,1,6.88498,442.774
4490,1,7.05204,443.013
4491,1,7.21201,443.259
4492,1,7.36475,443.512
4493,1,7.51012,443.772
4494,1,7.64799,444.038
4495,1,7.7782,444.311
4496,1,7.90061,444.59
4497,1,8.01504,444.875
4498,1,8.12135,445.166
4499,1,8.21936,445.463
4500,1,8.30889,445.766
4501,1,8.38975,446.074
4502,1,8.46175,446.388
4503,1,8.52468,446.707
4504,1,8.57833,447.031
4505,1,8.62247,447.359
4506,1,8.65685,447.693
4507,1,8.68123,448.031
4508,1,8.69533,448.374
4509,1,8.69887,448.721
4510,1,8.69156,449.072
4511,1,8.67307,449.427
4512,1,8.64306,449.786
4513,1,8.60117,450.148
4514,1,8.54701,450.513
4515,1,8.48018,450.881
4516,1,8.40023,451.252
4517,1,8.3067,451.625
4518,1,8.19908,451.999
4519,1,8.07682,452.376
4520,1,7.93936,452.754
4521,1,7.78606,453.132
4522,1,7.61626,453.51
4523,1,7.42924,453.888
4524,1,7.22421,454.265
4525,1,7.00034,454.639
4526,1,6.75674,455.011
4527,1,6.49244,455.378
4528,1,6.2064,455.74
4529,1,5.89754,456.096
4530,1,5.56469,456.442
4531,1,5.20664,456.778
4532,1,4.82216,457.101
4533,1,4.41002,457.407
4534,1,3.96906,457.694
4535,1,3.49832,457.956
4536,1,2.99716,458.189
4537,1,2.46554,458.386
4538,1,1.90443,458.54
4539,1,1.31632,458.642
4540,1,0.706016,458.681
4541,1,0.0816393,458.648
4542,1,-0.544451,458.532
4543,1,-1.15512,458.325
4544,1,-1.72916,458.026
4545,1,-2.24392,457.64
4546,1,-2.67959,457.182
4547,1,-3.02336,456.672
4548,1,-3.2713,456.134
4549,1,-3.42737,455.59
4550,1,-3.5006,455.055
4551,1,-3.50225,454.54
4552,1,-3.44376,454.054
4553,1,-3.33565,453.6
4554,1,-3.18703,453.18
4555,1,-3.00557,452.793
4556,1,-2.79763,452.44
4557,1,-2.56843,452.119
4558,1,-2.32224,451.828
4559,1,-2.06256,451.567
4560,1,-1.79228,451.334
4561,1,-1.51378,451.127
4562,1,-1.22904,450.944
4563,1,-0.939724,450.785
4564,1,-0.647206,450.649
4565,1,-0.352664,450.533
4566,1,-0.0570942,450.438
4567,1,0.238651,450.361
4568,1,0.533841,450.302
4569,1,0.82784,450.261
4570,1,1.1201,450.236
4571,1,1.41013,450.227
4572,1,1.69752,450.233
4573,1,1.98189,450.253
4574,1,2.2629,450.287
4575,1,2.54026,450.335
4576,1,2.81369,450.395
4577,1,3.08295,450.467
4578,1,3.34781,450.552
4579,1,3.60808,450.648
4580,1,3.86355,450.755
4581,1,4.11406,450.873
4582,1,4.35943,451.001
4583,1,4.59951,451.139
4584,1,4.83414,451.288
4585,1,5.06319,451.445
4586,1,5.28651,451.612
4587,1,5.50397,451.788
4588,1,5.71543,451.972
4589,1,5.92077,452.165
4590,1,6.11986,452.367
4591,1,6.31256,452.576
4592,1,6.49875,452.793
4593,1,6.6783,453.018
4594,1,6.85107,453.251
4595,1,7.01694,453.49
4596,1,7.17577,453.737
4597,1,7.32742,453.991
4598,1,7.47174,454.252
4599,1,7.60859,454.519
4600,1,7.73782,454.793
4601,1,7.85927,455.073
4602,1,7.97277,455.359
4603,1,8.07816,455.652
4604,1,8.17526,455.95
4605,1,8.26388,456.254
4606,1,8.34383,456.564
4607,1,8.41491,456.879
4608,1,8.47691,457.199
4609,1,8.52959,457.525
4610,1,8.57273,457.855
4611,1,8.60607,458.191
4612,1,8.62935,458.531
4613,1,8.64229,458.876
4614,1,8.6446,459.225
4615,1,8.63597,459.578
4616,1,8.61605,459.935
4617,1,8.58451,460.296
4618,1,8.54095,460.66
4619,1,8.48499,461.027
4620,1,8.41618,461.398
4621,1,8.33407,461.771
4622,1,8.23818,462.147
4623,1,8.12796,462.525
4624,1,8.00286,462.904
4625,1,7.86227,463.284
4626,1,7.70553,463.665
4627,1,7.53194,464.046
4628,1,7.34074,464.427
4629,1,7.13111,464.806
4630,1,6.90217,465.183
4631,1,6.65298,465.557
4632,1,6.38252,465.926
4633,1,6.0897,466.29
4634,1,5.77336,466.646
4635,1,5.4323,466.994
4636,1,5.06524,467.329
4637,1,4.67091,467.651
4638,1,4.24804,467.955
4639,1,3.7955,468.238
4640,1,3.31238,468.495
4641,1,2.79819,468.719
4642,1,2.25323,468.905
4643,1,1.67898,469.044
4644,1,1.07882,469.126
4645,1,0.458871,469.142
4646,1,-0.17095,469.079
4647,1,-0.796097,468.929
4648,1,-1.39733,468.687
4649,1,-1.95225,468.353
4650,1,-2.43886,467.937
4651,1,-2.84007,467.457
4652,1,-3.147,466.936
4653,1,-3.35952,466.396
4654,1,-3.48414,465.856
4655,1,-3.53107,465.331
4656,1,-3.51171,464.829
4657,1,-3.43704,464.357
4658,1,-3.31686,463.917
4659,1,-3.15956,463.511
4660,1,-2.97215,463.138
4661,1,-2.76041,462.797
4662,1,-2.5291,462.487
4663,1,-2.28211,462.207
4664,1,-2.02266,461.956
4665,1,-1.75339,461.731
4666,1,-1.4765,461.531
4667,1,-1.19383,461.356
4668,1,-0.906903,461.203
4669,1,-0.617026,461.072
4670,1,-0.325297,460.962
4671,1,-0.0326532,460.871
4672,1,0.260098,460.798
4673,1,0.552261,460.743
4674,1,0.843231,460.705
4675,1,1.13248,460.684
4676,1,1.41955,460.677
4677,1,1.70402,460.685
4678,1,1.98554,460.708
4679,1,2.26377,460.744
4680,1,2.53842,460.793
4681,1,2.80924,460.855
4682,1,3.07597,460.929
4683,1,3.3384,461.015
4684,1,3.59632,461.112
4685,1,3.84954,461.221
4686,1,4.09789,461.34
4687,1,4.34119,461.469
4688,1,4.57928,461.608
4689,1,4.81202,461.757
4690,1,5.03927,461.915
4691,1,5.26086,462.083
4692,1,5.47668,462.26
4693,1,5.68658,462.445
4694,1,5.89044,462.639
4695,1,6.08811,462.841
4696,1,6.27947,463.051
4697,1,6.46438,463.269
4698,1,6.64271,463.495
4699,1,6.81432,463.728
4700,1,6.97909,463.968
4701,1,7.13686,464.216
4702,1,7.2875,464.471
4703,1,7.43085,464.732
4704,1,7.56676,465.001
4705,1,7.69509,465.275
4706,1,7.81566,465.557
4707,1,7.9283,465.844
4708,1,8.03284,466.138
4709,1,8.12911,466.437
4710,1,8.21689,466.743
4711,1,8.296,467.054
4712,1,8.36623,467.37
4713,1,8.42735,467.692
4714,1,8.47913,468.02
4715,1,8.52132,468.352
4716,1,8.55367,468.689
4717,1,8.57591,469.031
4718,1,8.58774,469.378
4719,1,8.58886,469.729
4720,1,8.57894,470.084
4721,1,8.55764,470.443
4722,1,8.52458,470.807
4723,1,8.47938,471.173
4724,1,8.42162,471.543
4725,1,8.35084,471.917
4726,1,8.26658,472.292
4727,1,8.1683,472.671
4728,1,8.05547,473.051
4729,1,7.92749,473.433
4730,1,7.78371,473.816
4731,1,7.62346,474.2
4732,1,7.44599,474.584
4733,1,7.25051,474.967
4734,1,7.03615,475.349
4735,1,6.80199,475.728
4736,1,6.54703,476.104
4737,1,6.27019,476.476
4738,1,5.97033,476.841
4739,1,5.64625,477.199
4740,1,5.29665,477.546
4741,1,4.92022,477.882
4742,1,4.51564,478.202
4743,1,4.08164,478.504
4744,1,3.61709,478.782
4745,1,3.12118,479.032
4746,1,2.59366,479.247
4747,1,2.03521,479.42
4748,1,1.44799,479.543
4749,1,0.836429,479.603
4750,1,0.208214,479.592
4751,1,-0.424727,479.498
4752,1,-1.04561,479.314
4753,1,-1.63337,479.035
4754,1,-2.16518,478.668
4755,1,-2.62067,478.226
4756,1,-2.98617,477.729
4757,1,-3.25684,477.2
4758,1,-3.43579,476.661
4759,1,-3.53143,476.128
4760,1,-3.55462,475.614
4761,1,-3.51658,475.125
4762,1,-3.42768,474.667
4763,1,-3.29703,474.242
4764,1,-3.1323,473.849
4765,1,-2.9399,473.488
4766,1,-2.72509,473.159
4767,1,-2.49221,472.861
4768,1,-2.24483,472.591
4769,1,-1.98589,472.348
4770,1,-1.71783,472.131
4771,1,-1.44268,471.939
4772,1,-1.16215,471.771
4773,1,-0.877659,471.624
4774,1,-0.590433,471.498
4775,1,-0.301503,471.393
4776,1,-0.0117551,471.306
4777,1,0.278045,471.237
4778,1,0.567236,471.186
4779,1,0.85524,471.151
4780,1,1.14155,471.132
4781,1,1.42572,471.129
4782,1,1.70735,471.139
4783,1,1.98609,471.164
4784,1,2.26162,471.202
4785,1,2.53365,471.253
4786,1,2.80193,471.316
4787,1,3.06621,471.392
4788,1,3.32628,471.479
4789,1,3.58193,471.577
4790,1,3.83297,471.687
4791,1,4.07922,471.807
4792,1,4.32052,471.937
4793,1,4.55671,472.077
4794,1,4.78763,472.227
4795,1,5.01313,472.386
4796,1,5.23308,472.554
4797,1,5.44732,472.732
4798,1,5.65573,472.918
4799,1,5.85816,473.112
4800,1,6.05448,473.315
4801,1,6.24455,473.526
4802,1,6.42825,473.745
4803,1,6.60542,473.971
4804,1,6.77594,474.205
4805,1,6.93965,474.447
4806,1,7.09643,474.695
4807,1,7.24611,474.951
4808,1,7.38855,475.213
4809,1,7.52358,475.483
4810,1,7.65106,475.759
4811,1,7.7708,476.041
4812,1,7.88264,476.33
4813,1,7.98639,476.624
4814,1,8.08187,476.925
4815,1,8.16887,477.232
4816,1,8.24718,477.545
4817,1,8.3166,477.863
4818,1,8.37689,478.186
4819,1,8.42781,478.515
4820,1,8.4691,478.849
4821,1,8.50051,479.188
4822,1,8.52173,479.532
4823,1,8.53249,479.881
4824,1,8.53244,480.234
4825,1,8.52127,480.592
4826,1,8.4986,480.953
4827,1,8.46406,481.319
4828,1,8.41723,481.688
4829,1,8.35768,482.06
4830,1,8.28494,482.436
4831,1,8.19851,482.815
4832,1,8.09784,483.196
4833,1,7.98237,483.579
4834,1,7.85147,483.964
4835,1,7.70448,484.35
4836,1,7.54066,484.736
4837,1,7.35925,485.123
4838,1,7.15939,485.509
4839,1,6.9402,485.893
4840,1,6.70068,486.275
4841,1,6.43979,486.654
4842,1,6.15639,487.027
4843,1,5.84929,487.394
4844,1,5.51721,487.752
4845,1,5.1588,488.1
4846,1,4.7727,488.435
4847,1,4.35755,488.754
4848,1,3.91206,489.052
4849,1,3.43517,489.325
4850,1,2.92621,489.568
4851,1,2.38518,489.772
4852,1,1.81329,489.931
4853,1,1.21352,490.035
4854,1,0.591583,490.073
4855,1,-0.0430933,490.033
4856,1,-0.676404,489.906
4857,1,-1.28941,489.686
4858,1,-1.85976,489.373
4859,1,-2.36507,488.976
4860,1,-2.7875,488.511
4861,1,-3.11721,488.001
4862,1,-3.3531,487.469
4863,1,-3.50092,486.933
4864,1,-3.57034,486.409
4865,1,-3.57243,485.906
4866,1,-3.518,485.431
4867,1,-3.41678,484.987
4868,1,-3.27717,484.575
4869,1,-3.10621,484.195
4870,1,-2.90973,483.847
4871,1,-2.69255,483.529
4872,1,-2.45862,483.24
4873,1,-2.21123,482.98
4874,1,-1.95308,482.745
4875,1,-1.68643,482.536
4876,1,-1.41316,482.351
4877,1,-1.13485,482.189
4878,1,-0.852842,482.048
4879,1,-0.568283,481.927
4880,1,-0.282146,481.826
4881,1,0.0047313,481.743
4882,1,0.291621,481.679
4883,1,0.57789,481.631
4884,1,0.862985,481.599
4885,1,1.14642,481.582
4886,1,1.42776,481.581
4887,1,1.70662,481.594
4888,1,1.98266,481.621
4889,1,2.25557,481.66
4890,1,2.52506,481.713
4891,1,2.79088,481.778
4892,1,3.05279,481.855
4893,1,3.31058,481.943
4894,1,3.56405,482.043
4895,1,3.81299,482.153
4896,1,4.05724,482.274
4897,1,4.29663,482.405
4898,1,4.53099,482.546
4899,1,4.76018,482.697
4900,1,4.98403,482.856
4901,1,5.2024,483.026
4902,1,5.41516,483.204
4903,1,5.62216,483.39
4904,1,5.82325,483.586
4905,1,6.01831,483.789
4906,1,6.20719,484.001
4907,1,6.38976,484.22
4908,1,6.56586,484.447
4909,1,6.73537,484.682
4910,1,6.89813,484.924
4911,1,7.054,485.174
4912,1,7.20282,485.43
4913,1,7.34444,485.694
4914,1,7.47869,485.964
4915,1,7.60541,486.241
4916,1,7.72443,486.524
4917,1,7.83556,486.814
4918,1,7.93862,487.11
4919,1,8.03341,487.412
4920,1,8.11972,487.72
4921,1,8.19735,488.034
4922,1,8.26607,488.354
4923,1,8.32563,488.679
4924,1,8.3758,489.009
4925,1,8.41631,489.345
4926,1,8.44687,489.686
4927,1,8.46721,490.032
4928,1,8.47699,490.383
4929,1,8.47591,490.738
4930,1,8.46359,491.098
4931,1,8.43968,491.462
4932,1,8.40376,491.83
4933,1,8.35542,492.201
4934,1,8.2942,492.576
4935,1,8.21961,492.955
4936,1,8.13113,493.336
4937,1,8.02819,493.72
4938,1,7.91019,494.106
4939,1,7.77649,494.493
4940,1,7.62637,494.882
4941,1,7.45908,495.272
4942,1,7.27381,495.661
4943,1,7.06967,496.05
4944,1,6.84571,496.437
4945,1,6.6009,496.821
4946,1,6.33413,497.202
4947,1,6.04421,497.577
4948,1,5.72988,497.946
4949,1,5.3898,498.305
4950,1,5.02256,498.653
4951,1,4.62676,498.987
4952,1,4.20099,499.304
4953,1,3.74399,499.598
4954,1,3.25476,499.866
4955,1,2.7328,500.1
4956,1,2.17849,500.294
4957,1,1.59362,500.438
4958,1,0.982171,500.522
4959,1,0.351284,500.535
4960,1,-0.28768,500.466
4961,1,-0.918439,500.306
4962,1,-1.52021,500.052
4963,1,-2.07003,499.706
4964,1,-2.54688,499.282
4965,1,-2.93607,498.8
4966,1,-3.23159,498.281
4967,1,-3.43554,497.749
4968,1,-3.55558,497.219
4969,1,-3.60211,496.705
4970,1,-3.58609,496.214
4971,1,-3.5178,495.752
4972,1,-3.40634,495.321
4973,1,-3.25942,494.922
4974,1,-3.0835,494.554
4975,1,-2.88393,494.216
4976,1,-2.66513,493.909
4977,1,-2.43074,493.629
4978,1,-2.18377,493.377
4979,1,-1.92672,493.151
4980,1,-1.66169,492.949
4981,1,-1.39043,492.77
4982,1,-1.11444,492.613
4983,1,-0.834955,492.477
4984,1,-0.553068,492.361
4985,1,-0.269699,492.264
4986,1,0.0143539,492.185
4987,1,0.298397,492.124
4988,1,0.581824,492.079
4989,1,0.864101,492.05
4990,1,1.14476,492.036
4991,1,1.42338,492.036
4992,1,1.69958,492.051
4993,1,1.97304,492.08
4994,1,2.24345,492.121
4995,1,2.51052,492.175
4996,1,2.77401,492.241
4997,1,3.03368,492.319
4998,1,3.28932,492.409
4999,1,3.54073,492.509
5000,1,3.78771,492.62
5001,1,4.03009,492.742
5002,1,4.26769,492.874
5003,1,4.50036,493.016
5004,1,4.72793,493.167
5005,1,4.95026,493.327
5006,1,5.16719,493.497
5007,1,5.37859,493.676
5008,1,5.5843,493.863
5009,1,5.78418,494.059
5010,1,5.97811,494.263
5011,1,6.16592,494.475
5012,1,6.34748,494.695
5013,1,6.52264,494.923
5014,1,6.69126,495.159
5015,1,6.85319,495.402
5016,1,7.00827,495.652
5017,1,7.15635,495.909
5018,1,7.29727,496.174
5019,1,7.43086,496.445
5020,1,7.55695,496.723
5021,1,7.67535,497.007
5022,1,7.78589,497.298
5023,1,7.88838,497.595
5024,1,7.98259,497.899
5025,1,8.06834,498.208
5026,1,8.14539,498.523
5027,1,8.21352,498.845
5028,1,8.27247,499.171
5029,1,8.32199,499.504
5030,1,8.36182,499.841
5031,1,8.39165,500.184
5032,1,8.41119,500.532
5033,1,8.42011,500.885
5034,1,8.41808,501.242
5035,1,8.40472,501.604
5036,1,8.37964,501.97
5037,1,8.34244,502.34
5038,1,8.29267,502.715
5039,1,8.22985,503.092
5040,1,8.15348,503.473
5041,1,8.063,503.857
5042,1,7.95784,504.244
5043,1,7.83736,504.633
5044,1,7.70088,505.023
5045,1,7.54766,505.415
5046,1,7.37691,505.807
5047,1,7.18777,506.2
5048,1,6.97932,506.591
5049,1,6.75054,506.981
5050,1,6.50036,507.368
5051,1,6.22762,507.751
5052,1,5.93105,508.128
5053,1,5.60934,508.498
5054,1,5.26107,508.858
5055,1,4.8848,509.207
5056,1,4.47905,509.54
5057,1,4.04241,509.854
5058,1,3.57364,510.144
5059,1,3.07185,510.406
5060,1,2.53677,510.631
5061,1,1.96923,510.812
5062,1,1.37177,510.939
5063,1,0.749508,511.002
5064,1,0.111242,510.989
5065,1,-0.529602,510.889
5066,1,-1.15462,510.696
5067,1,-1.74163,510.408
5068,1,-2.26785,510.033
5069,1,-2.71446,509.586
5070,1,-3.07033,509.09
5071,1,-3.33305,508.567
5072,1,-3.50735,508.036
5073,1,-3.60223,507.514
5074,1,-3.62838,507.01
5075,1,-3.59644,506.532
5076,1,-3.51613,506.082
5077,1,-3.39587,505.664
5078,1,-3.24278,505.276
5079,1,-3.06279,504.92
5080,1,-2.86081,504.593
5081,1,-2.64088,504.295
5082,1,-2.40638,504.025
5083,1,-2.16008,503.78
5084,1,-1.90431,503.561
5085,1,-1.64102,503.365
5086,1,-1.37185,503.192
5087,1,-1.0982,503.041
5088,1,-0.821244,502.91
5089,1,-0.542008,502.798
5090,1,-0.261368,502.705
5091,1,0.0199142,502.629
5092,1,0.301174,502.571
5093,1,0.58183,502.529
5094,1,0.861367,502.502
5095,1,1.13933,502.491
5096,1,1.41531,502.493
5097,1,1.68895,502.51
5098,1,1.95991,502.54
5099,1,2.2279,502.583
5100,1,2.49265,502.638
5101,1,2.7539,502.706
5102,1,3.01142,502.785
5103,1,3.265,502.875
5104,1,3.51443,502.977
5105,1,3.75953,503.089
5106,1,4.00012,503.211
5107,1,4.23602,503.344
5108,1,4.46708,503.486
5109,1,4.69312,503.638
5110,1,4.91401,503.799
5111,1,5.12958,503.969
5112,1,5.33969,504.149
5113,1,5.5442,504.337
5114,1,5.74295,504.533
5115,1,5.93581,504.738
5116,1,6.12263,504.951
5117,1,6.30326,505.171
5118,1,6.47755,505.4
5119,1,6.64535,505.636
5120,1,6.80652,505.88
5121,1,6.96089,506.131
5122,1,7.1083,506.389
5123,1,7.24858,506.654
5124,1,7.38158,506.926
5125,1,7.50709,507.205
5126,1,7.62496,507.491
5127,1,7.73497,507.783
5128,1,7.83694,508.081
5129,1,7.93065,508.386
5130,1,8.01588,508.697
5131,1,8.09242,509.014
5132,1,8.16001,509.336
5133,1,8.21841,509.665
5134,1,8.26734,509.999
5135,1,8.30654,510.338
5136,1,8.33569,510.683
5137,1,8.35449,511.032
5138,1,8.36259,511.387
5139,1,8.35965,511.747
5140,1,8.34528,512.111
5141,1,8.31909,512.48
5142,1,8.28063,512.852
5143,1,8.22946,513.229
5144,1,8.16506,513.609
5145,1,8.08693,513.993
5146,1,7.99447,514.38
5147,1,7.88709,514.769
5148,1,7.76412,515.161
5149,1,7.62484,515.555
5150,1,7.46849,515.949
5151,1,7.29423,516.345
5152,1,7.10117,516.74
5153,1,6.88832,517.134
5154,1,6.65463,517.527
5155,1,6.39897,517.916
5156,1,6.1201,518.302
5157,1,5.81671,518.681
5158,1,5.48741,519.052
5159,1,5.13072,519.413
5160,1,4.74514,519.761
5161,1,4.32915,520.093
5162,1,3.88134,520.404
5163,1,3.40051,520.69
5164,1,2.88592,520.944
5165,1,2.33761,521.159
5166,1,1.75696,521.326
5167,1,1.1474,521.435
5168,1,0.515413,521.475
5169,1,-0.128378,521.434
5170,1,-0.7684,521.303
5171,1,-1.38433,521.076
5172,1,-1.95318,520.756
5173,1,-2.45321,520.354
5174,1,-2.8685,519.888
5175,1,-3.19159,519.382
5176,1,-3.42328,518.857
5177,1,-3.57033,518.331
5178,1,-3.64255,517.817
5179,1,-3.65064,517.325
5180,1,-3.60479,516.859
5181,1,-3.51409,516.422
5182,1,-3.38636,516.015
5183,1,-3.22813,515.639
5184,1,-3.04487,515.293
5185,1,-2.84108,514.976
5186,1,-2.6205,514.687
5187,1,-2.38624,514.425
5188,1,-2.14087,514.188
5189,1,-1.88657,513.976
5190,1,-1.62515,513.786
5191,1,-1.35815,513.619
5192,1,-1.08689,513.472
5193,1,-0.812477,513.345
5194,1,-0.535889,513.238
5195,1,-0.257959,513.148
5196,1,0.0205857,513.076
5197,1,0.299107,513.02
5198,1,0.577045,512.981
5199,1,0.853903,512.956
5200,1,1.12924,512.947
5201,1,1.40266,512.952
5202,1,1.6738,512.97
5203,1,1.94235,513.001
5204,1,2.208,513.046
5205,1,2.4705,513.102
5206,1,2.72959,513.171
5207,1,2.98505,513.251
5208,1,3.23665,513.342
5209,1,3.4842,513.444
5210,1,3.72751,513.557
5211,1,3.96639,513.68
5212,1,4.20068,513.813
5213,1,4.43021,513.956
5214,1,4.65482,514.109
5215,1,4.87435,514.271
5216,1,5.08866,514.441
5217,1,5.29758,514.621
5218,1,5.50097,514.81
5219,1,5.69868,515.007
5220,1,5.89057,515.212
5221,1,6.07649,515.425
5222,1,6.25628,515.647
5223,1,6.42979,515.876
5224,1,6.59688,516.113
5225,1,6.75738,516.357
5226,1,6.91113,516.609
5227,1,7.05796,516.868
5228,1,7.19772,517.134
5229,1,7.33021,517.407
5230,1,7.45526,517.687
5231,1,7.57268,517.973
5232,1,7.68227,518.266
5233,1,7.78382,518.566
5234,1,7.87713,518.872
5235,1,7.96196,519.184
5236,1,8.03809,519.502
5237,1,8.10526,519.827
5238,1,8.16321,520.157
5239,1,8.21166,520.492
5240,1,8.25034,520.833
5241,1,8.27892,521.18
5242,1,8.29708,521.532
5243,1,8.30448,521.889
5244,1,8.30075,522.25
5245,1,8.28549,522.617
5246,1,8.25828,522.988
5247,1,8.21868,523.363
5248,1,8.16621,523.742
5249,1,8.10035,524.125
5250,1,8.02055,524.512
5251,1,7.92622,524.901
5252,1,7.81671,525.294
5253,1,7.69134,525.688
5254,1,7.54935,526.085
5255,1,7.38995,526.483
5256,1,7.21226,526.881
5257,1,7.01532,527.279
5258,1,6.79813,527.677
5259,1,6.55956,528.072
5260,1,6.29842,528.464
5261,1,6.01342,528.851
5262,1,5.70319,529.232
5263,1,5.36624,529.605
5264,1,5.00106,529.966
5265,1,4.60608,530.314
5266,1,4.17974,530.644
5267,1,3.72064,530.952
5268,1,3.22766,531.233
5269,1,2.70024,531.479
5270,1,2.13883,531.683
5271,1,1.54543,531.836
5272,1,0.924552,531.926
5273,1,0.284196,531.941
5274,1,-0.363039,531.871
5275,1,-0.999471,531.708
5276,1,-1.60323,531.448
5277,1,-2.15122,531.098
5278,1,-2.62356,530.673
5279,1,-3.00759,530.193
5280,1,-3.29938,529.68
5281,1,-3.50241,529.156
5282,1,-3.62488,528.636
5283,1,-3.67703,528.132
5284,1,-3.66934,527.65
5285,1,-3.61148,527.196
5286,1,-3.51195,526.771
5287,1,-3.37795,526.376
5288,1,-3.21553,526.011
5289,1,-3.02972,525.675
5290,1,-2.82467,525.367
5291,1,-2.60385,525.087
5292,1,-2.37013,524.832
5293,1,-2.12592,524.602
5294,1,-1.87324,524.396
5295,1,-1.61378,524.212
5296,1,-1.34902,524.049
5297,1,-1.08017,523.907
5298,1,-0.80831,523.785
5299,1,-0.534355,523.681
5300,1,-0.259103,523.595
5301,1,0.0167482,523.525
5302,1,0.292585,523.472
5303,1,0.567866,523.435
5304,1,0.842111,523.413
5305,1,1.11489,523.405
5306,1,1.38582,523.412
5307,1,1.65454,523.432
5308,1,1.92075,523.464
5309,1,2.18415,523.51
5310,1,2.44448,523.568
5311,1,2.7015,523.637
5312,1,2.95496,523.718
5313,1,3.20467,523.81
5314,1,3.45042,523.913
5315,1,3.69201,524.026
5316,1,3.92928,524.15
5317,1,4.16204,524.284
5318,1,4.39012,524.427
5319,1,4.61338,524.58
5320,1,4.83163,524.743
5321,1,5.04474,524.914
5322,1,5.25255,525.094
5323,1,5.45491,525.283
5324,1,5.65166,525.481
5325,1,5.84266,525.686
5326,1,6.02775,525.9
5327,1,6.20679,526.122
5328,1,6.3796,526.352
5329,1,6.54605,526.589
5330,1,6.70596,526.835
5331,1,6.85917,527.087
5332,1,7.00551,527.347
5333,1,7.14481,527.614
5334,1,7.27689,527.888
5335,1,7.40155,528.168
5336,1,7.5186,528.456
5337,1,7.62785,528.75
5338,1,7.72907,529.051
5339,1,7.82206,529.358
5340,1,7.90657,529.672
5341,1,7.98236,529.991
5342,1,8.04918,530.317
5343,1,8.10677,530.649
5344,1,8.15482,530.986
5345,1,8.19305,531.329
5346,1,8.22114,531.677
5347,1,8.23875,532.031
5348,1,8.24551,532.39
5349,1,8.24105,532.754
5350,1,8.22497,533.123
5351,1,8.19682,533.496
5352,1,8.15614,533.874
5353,1,8.10243,534.256
5354,1,8.03516,534.642
5355,1,7.95374,535.031
5356,1,7.85757,535.423
5357,1,7.74597,535.819
5358,1,7.61823,536.216
5359,1,7.47355,536.616
5360,1,7.31109,537.017
5361,1,7.12995,537.418
5362,1,6.92912,537.819
5363,1,6.70753,538.219
5364,1,6.46401,538.617
5365,1,6.19731,539.012
5366,1,5.90606,539.402
5367,1,5.58882,539.784
5368,1,5.24406,540.158
5369,1,4.87017,540.52
5370,1,4.46554,540.867
5371,1,4.02859,541.196
5372,1,3.55795,541.5
5373,1,3.05259,541.775
5374,1,2.51223,542.013
5375,1,1.93776,542.205
5376,1,1.33201,542.341
5377,1,0.700684,542.41
5378,1,0.0535228,542.399
5379,1,-0.594806,542.3
5380,1,-1.22465,542.104
5381,1,-1.8131,541.813
5382,1,-2.33773,541.436
5383,1,-2.78119,540.991
5384,1,-3.1343,540.5
5385,1,-3.39632,539.984
5386,1,-3.57288,539.463
5387,1,-3.67312,538.95
5388,1,-3.70741,538.456
5389,1,-3.68585,537.985
5390,1,-3.61757,537.542
5391,1,-3.51047,537.129
5392,1,-3.37122,536.745
5393,1,-3.20539,536.39
5394,1,-3.01764,536.063
5395,1,-2.8118,535.764
5396,1,-2.59108,535.492
5397,1,-2.35816,535.244
5398,1,-2.11528,535.021
5399,1,-1.86433,534.82
5400,1,-1.60693,534.642
5401,1,-1.34444,534.484
5402,1,-1.07803,534.346
5403,1,-0.808714,534.227
5404,1,-0.537369,534.127
5405,1,-0.264759,534.044
5406,1,0.00844464,533.977
5407,1,0.281651,533.927
5408,1,0.554338,533.892
5409,1,0.826036,533.871
5410,1,1.09633,533.866
5411,1,1.36484,533.873
5412,1,1.63122,533.895
5413,1,1.89517,533.929
5414,1,2.1564,533.975
5415,1,2.41465,534.034
5416,1,2.66967,534.104
5417,1,2.92123,534.186
5418,1,3.16913,534.279
5419,1,3.41316,534.382
5420,1,3.65313,534.496
5421,1,3.88886,534.621
5422,1,4.12017,534.755
5423,1,4.3469,534.899
5424,1,4.56888,535.052
5425,1,4.78595,535.215
5426,1,4.99795,535.387
5427,1,5.20474,535.568
5428,1,5.40614,535.757
5429,1,5.60202,535.955
5430,1,5.79221,536.161
5431,1,5.97657,536.375
5432,1,6.15493,536.598
5433,1,6.32714,536.828
5434,1,6.49303,537.066
5435,1,6.65244,537.312
5436,1,6.8052,537.565
5437,1,6.95113,537.826
5438,1,7.09006,538.093
5439,1,7.22181,538.368
5440,1,7.34617,538.65
5441,1,7.46295,538.939
5442,1,7.57193,539.234
5443,1,7.67292,539.536
5444,1,7.76566,539.844
5445,1,7.84994,540.159
5446,1,7.92549,540.48
5447,1,7.99205,540.808
5448,1,8.04935,541.141
5449,1,8.09709,541.48
5450,1,8.13496,541.825
5451,1,8.16264,542.175
5452,1,8.17977,542.531
5453,1,8.18598,542.892
5454,1,8.18088,543.258
5455,1,8.16404,543.629
5456,1,8.13502,544.005
5457,1,8.09333,544.385
5458,1,8.03845,544.77
5459,1,7.96983,545.158
5460,1,7.88687,545.55
5461,1,7.78891,545.946
5462,1,7.67527,546.344
5463,1,7.54518,546.745
5464,1,7.39784,547.147
5465,1,7.23235,547.551
5466,1,7.04776,547.956
5467,1,6.84303,548.36
5468,1,6.61701,548.763
5469,1,6.3685,549.164
5470,1,6.09616,549.561
5471,1,5.79858,549.953
5472,1,5.47422,550.337
5473,1,5.12149,550.712
5474,1,4.73873,551.075
5475,1,4.32426,551.421
5476,1,3.87652,551.747
5477,1,3.39414,552.047
5478,1,2.87629,552.315
5479,1,2.32297,552.544
5480,1,1.73566,552.722
5481,1,1.11814,552.841
5482,1,0.477509,552.887
5483,1,-0.174619,552.85
5484,1,-0.821486,552.72
5485,1,-1.44175,552.492
5486,1,-2.01208,552.172
5487,1,-2.5115,551.771
5488,1,-2.92565,551.31
5489,1,-3.24876,550.81
5490,1,-3.48287,550.294
5491,1,-3.63517,549.777
5492,1,-3.71538,549.273
5493,1,-3.73377,548.788
5494,1,-3.7,548.329
5495,1,-3.62261,547.897
5496,1,-3.50896,547.495
5497,1,-3.36524,547.121
5498,1,-3.19658,546.776
5499,1,-3.0073,546.458
5500,1,-2.80096,546.167
5501,1,-2.58054,545.902
5502,1,-2.34854,545.661
5503,1,-2.10707,545.444
5504,1,-1.85789,545.249
5505,1,-1.60253,545.076
5506,1,-1.34228,544.922
5507,1,-1.07825,544.789
5508,1,-0.811403,544.674
5509,1,-0.542587,544.576
5510,1,-0.27253,544.496
5511,1,-0.00187904,544.432
5512,1,0.268796,544.384
5513,1,0.538986,544.351
5514,1,0.808238,544.333
5515,1,1.07614,544.329
5516,1,1.34233,544.338
5517,1,1.60647,544.361
5518,1,1.86826,544.396
5519,1,2.1274,544.444
5520,1,2.38365,544.503
5521,1,2.63675,544.575
5522,1,2.88649,544.657
5523,1,3.13265,544.751
5524,1,3.37503,544.855
5525,1,3.61344,544.97
5526,1,3.8477,545.095
5527,1,4.07762,545.229
5528,1,4.30304,545.374
5529,1,4.52379,545.528
5530,1,4.73972,545.691
5531,1,4.95066,545.864
5532,1,5.15644,546.045
5533,1,5.35693,546.235
5534,1,5.55195,546.433
5535,1,5.74136,546.64
5536,1,5.92499,546.855
5537,1,6.10268,547.078
5538,1,6.27428,547.309
5539,1,6.43961,547.548
5540,1,6.5985,547.794
5541,1,6.75079,548.049
5542,1,6.8963,548.31
5543,1,7.03483,548.579
5544,1,7.1662,548.854
5545,1,7.29022,549.137
5546,1,7.40667,549.427
5547,1,7.51534,549.724
5548,1,7.61601,550.027
5549,1,7.70844,550.337
5550,1,7.7924,550.653
5551,1,7.86761,550.976
5552,1,7.93381,551.305
5553,1,7.99071,551.64
5554,1,8.03801,551.98
5555,1,8.07539,552.327
5556,1,8.1025,552.68
5557,1,8.11899,553.038
5558,1,8.12447,553.401
5559,1,8.11854,553.77
5560,1,8.10074,554.143
5561,1,8.07062,554.522
5562,1,8.02767,554.905
5563,1,7.97135,555.292
5564,1,7.90109,555.683
5565,1,7.81625,556.078
5566,1,7.71615,556.477
5567,1,7.60008,556.878
5568,1,7.46724,557.282
5569,1,7.31678,557.688
5570,1,7.14776,558.095
5571,1,6.95917,558.503
5572,1,6.74993,558.91
5573,1,6.51883,559.316
5574,1,6.2646,559.72
5575,1,5.98583,560.119
5576,1,5.68103,560.513
5577,1,5.34861,560.899
5578,1,4.98688,561.275
5579,1,4.59412,561.637
5580,1,4.16862,561.981
5581,1,3.70882,562.304
5582,1,3.21345,562.599
5583,1,2.68189,562.858
5584,1,2.11459,563.075
5585,1,1.51379,563.237
5586,1,0.884462,563.335
5587,1,0.235435,563.355
5588,1,-0.419541,563.287
5589,1,-1.06155,563.123
5590,1,-1.66791,562.862
5591,1,-2.21563,562.511
5592,1,-2.68606,562.088
5593,1,-3.06834,561.612
5594,1,-3.36016,561.108
5595,1,-3.56593,560.593
5596,1,-3.69407,560.082
5597,1,-3.75458,559.587
5598,1,-3.75742,559.114
5599,1,-3.71172,558.666
5600,1,-3.62546,558.246
5601,1,-3.50542,557.854
5602,1,-3.3573,557.491
5603,1,-3.18586,557.156
5604,1,-2.99506,556.847
5605,1,-2.7882,556.565
5606,1,-2.56804,556.307
5607,1,-2.33691,556.074
5608,1,-2.09679,555.863
5609,1,-1.84932,555.674
5610,1,-1.59595,555.506
5611,1,-1.33788,555.357
5612,1,-1.07619,555.228
5613,1,-0.811775,555.116
5614,1,-0.545452,555.023
5615,1,-0.277919,554.946
5616,1,-0.00979695,554.885
5617,1,0.258363,554.839
5618,1,0.52607,554.809
5619,1,0.792883,554.792
5620,1,1.0584,554.79
5621,1,1.32227,554.801
5622,1,1.58416,554.825
5623,1,1.84377,554.862
5624,1,2.10081,554.911
5625,1,2.35504,554.972
5626,1,2.60621,555.044
5627,1,2.8541,555.128
5628,1,3.09849,555.222
5629,1,3.33919,555.328
5630,1,3.57601,555.443
5631,1,3.80875,555.569
5632,1,4.03724,555.704
5633,1,4.26132,555.849
5634,1,4.4808,556.004
5635,1,4.69554,556.168
5636,1,4.90536,556.341
5637,1,5.1101,556.523
5638,1,5.30962,556.714
5639,1,5.50373,556.913
5640,1,5.6923,557.12
5641,1,5.87515,557.336
5642,1,6.05212,557.56
5643,1,6.22305,557.792
5644,1,6.38776,558.031
5645,1,6.54608,558.279
5646,1,6.69784,558.534
5647,1,6.84285,558.796
5648,1,6.98092,559.066
5649,1,7.11186,559.343
5650,1,7.23546,559.627
5651,1,7.35152,559.918
5652,1,7.4598,560.216
5653,1,7.56009,560.521
5654,1,7.65213,560.832
5655,1,7.73569,561.15
5656,1,7.81048,561.474
5657,1,7.87623,561.805
5658,1,7.93265,562.142
5659,1,7.97941,562.485
5660,1,8.0162,562.833
5661,1,8.04265,563.188
5662,1,8.0584,563.548
5663,1,8.06303,563.914
5664,1,8.05614,564.285
5665,1,8.03726,564.661
5666,1,8.0059,565.042
5667,1,7.96154,565.428
5668,1,7.90362,565.818
5669,1,7.83154,566.213
5670,1,7.74463,566.611
5671,1,7.6422,567.013
5672,1,7.52348,567.417
5673,1,7.38764,567.824
5674,1,7.23379,568.233
5675,1,7.06094,568.644
5676,1,6.86804,569.055
5677,1,6.65393,569.465
5678,1,6.41735,569.874
5679,1,6.15696,570.28
5680,1,5.87128,570.682
5681,1,5.55874,571.078
5682,1,5.21766,571.465
5683,1,4.84628,571.841
5684,1,4.44284,572.202
5685,1,4.00559,572.545
5686,1,3.53299,572.863
5687,1,3.02394,573.151
5688,1,2.47809,573.401
5689,1,1.89649,573.603
5690,1,1.28231,573.747
5691,1,0.641972,573.821
5692,1,-0.0137114,573.812
5693,1,-0.668727,573.711
5694,1,-1.3022,573.512
5695,1,-1.89072,573.218
5696,1,-2.41255,572.84
5697,1,-2.85205,572.397
5698,1,-3.20203,571.911
5699,1,-3.46327,571.404
5700,1,-3.64208,570.892
5701,1,-3.74766,570.389
5702,1,-3.78998,569.904
5703,1,-3.7786,569.442
5704,1,-3.72208,569.006
5705,1,-3.62782,568.597
5706,1,-3.50209,568.217
5707,1,-3.35011,567.864
5708,1,-3.17629,567.538
5709,1,-2.98426,567.239
5710,1,-2.77709,566.965
5711,1,-2.55736,566.715
5712,1,-2.32721,566.488
5713,1,-2.0885,566.283
5714,1,-1.84279,566.1
5715,1,-1.59142,565.937
5716,1,-1.33554,565.793
5717,1,-1.07617,565.668
5718,1,-0.814169,565.56
5719,1,-0.55031,565.47
5720,1,-0.285265,565.396
5721,1,-0.0196329,565.338
5722,1,0.246055,565.295
5723,1,0.511322,565.267
5724,1,0.775741,565.253
5725,1,1.03892,565.252
5726,1,1.30051,565.265
5727,1,1.5602,565.291
5728,1,1.81767,565.329
5729,1,2.07266,565.379
5730,1,2.32491,565.441
5731,1,2.57419,565.515
5732,1,2.82027,565.6
5733,1,3.06294,565.695
5734,1,3.302,565.801
5735,1,3.53725,565.917
5736,1,3.76852,566.044
5737,1,3.99562,566.18
5738,1,4.21838,566.326
5739,1,4.43663,566.482
5740,1,4.65021,566.646
5741,1,4.85894,566.82
5742,1,5.06267,567.003
5743,1,5.26124,567.194
5744,1,5.45448,567.394
5745,1,5.64223,567.602
5746,1,5.82432,567.819
5747,1,6.00059,568.043
5748,1,6.17087,568.276
5749,1,6.33498,568.517
5750,1,6.49274,568.765
5751,1,6.64398,569.021
5752,1,6.78851,569.285
5753,1,6.92613,569.555
5754,1,7.05664,569.834
5755,1,7.17983,570.119
5756,1,7.29549,570.411
5757,1,7.40338,570.711
5758,1,7.50328,571.017
5759,1,7.59492,571.33
5760,1,7.67806,571.649
5761,1,7.75242,571.976
5762,1,7.8177,572.308
5763,1,7.8736,572.647
5764,1,7.9198,572.992
5765,1,7.95595,573.343
5766,1,7.98169,573.7
5767,1,7.99663,574.062
5768,1,8.00036,574.431
5769,1,7.99243,574.804
5770,1,7.97237,575.183
5771,1,7.93968,575.567
5772,1,7.8938,575.956
5773,1,7.83416,576.349
5774,1,7.76011,576.747
5775,1,7.67098,577.148
5776,1,7.56602,577.553
5777,1,7.44444,577.961
5778,1,7.30537,578.371
5779,1,7.14786,578.784
5780,1,6.97089,579.197
5781,1,6.77333,579.612
5782,1,6.55398,580.025
5783,1,6.3115,580.437
5784,1,6.04447,580.846
5785,1,5.75134,581.25
5786,1,5.43045,581.647
5787,1,5.08004,582.036
5788,1,4.6983,582.411
5789,1,4.28338,582.771
5790,1,3.83354,583.11
5791,1,3.34733,583.423
5792,1,2.82381,583.703
5793,1,2.26308,583.941
5794,1,1.66689,584.127
5795,1,1.03962,584.25
5796,1,0.389417,584.297
5797,1,-0.270703,584.257
5798,1,-0.922416,584.121
5799,1,-1.54325,583.886
5800,1,-2.10989,583.56
5801,1,-2.60274,583.156
5802,1,-3.00967,582.697
5803,1,-3.3271,582.204
5804,1,-3.55846,581.696
5805,1,-3.71148,581.19
5806,1,-3.79573,580.696
5807,1,-3.821,580.221
5808,1,-3.79635,579.771
5809,1,-3.72976,579.346
5810,1,-3.62806,578.949
5811,1,-3.49701,578.58
5812,1,-3.34144,578.237
5813,1,-3.1654,577.921
5814,1,-2.97224,577.63
5815,1,-2.76481,577.364
5816,1,-2.54548,577.122
5817,1,-2.31629,576.902
5818,1,-2.07894,576.703
5819,1,-1.83491,576.525
5820,1,-1.58547,576.367
5821,1,-1.3317,576.228
5822,1,-1.07457,576.107
5823,1,-0.814899,576.003
5824,1,-0.553423,575.917
5825,1,-0.29079,575.846
5826,1,-0.0275741,575.791
5827,1,0.235711,575.751
5828,1,0.498603,575.725
5829,1,0.760686,575.713
5830,1,1.02158,575.715
5831,1,1.28095,575.729
5832,1,1.53846,575.757
5833,1,1.79384,575.797
5834,1,2.04681,575.849
5835,1,2.29712,575.912
5836,1,2.54453,575.987
5837,1,2.78881,576.073
5838,1,3.02977,576.169
5839,1,3.2672,576.276
5840,1,3.5009,576.393
5841,1,3.73069,576.521
5842,1,3.95639,576.658
5843,1,4.17783,576.805
5844,1,4.39483,576.961
5845,1,4.60723,577.127
5846,1,4.81486,577.301
5847,1,5.01755,577.485
5848,1,5.21515,577.677
5849,1,5.40747,577.878
5850,1,5.59437,578.087
5851,1,5.77566,578.305
5852,1,5.95119,578.53
5853,1,6.12077,578.764
5854,1,6.28422,579.006
5855,1,6.44138,579.255
5856,1,6.59204,579.512
5857,1,6.73602,579.777
5858,1,6.87312,580.049
5859,1,7.00313,580.328
5860,1,7.12583,580.615
5861,1,7.24101,580.909
5862,1,7.34843,581.21
5863,1,7.44784,581.518
5864,1,7.53899,581.833
5865,1,7.62161,582.154
5866,1,7.69542,582.482
5867,1,7.76012,582.817
5868,1,7.81538,583.157
5869,1,7.86088,583.505
5870,1,7.89626,583.858
5871,1,7.92115,584.217
5872,1,7.93513,584.582
5873,1,7.93778,584.953
5874,1,7.92865,585.33
5875,1,7.90722,585.711
5876,1,7.87299,586.098
5877,1,7.82538,586.49
5878,1,7.76377,586.886
5879,1,7.68751,587.287
5880,1,7.59589,587.692
5881,1,7.48811,588.1
5882,1,7.36336,588.511
5883,1,7.2207,588.925
5884,1,7.05916,589.341
5885,1,6.87764,589.758
5886,1,6.67497,590.175
5887,1,6.44987,590.592
5888,1,6.20093,591.007
5889,1,5.92666,591.418
5890,1,5.6254,591.824
5891,1,5.29543,592.223
5892,1,4.9349,592.612
5893,1,4.54192,592.987
5894,1,4.11461,593.344
5895,1,3.65126,593.679
5896,1,3.15051,593.985
5897,1,2.61172,594.255
5898,1,2.03555,594.479
5899,1,1.42468,594.647
5900,1,0.784963,594.745
5901,1,0.126558,594.762
5902,1,-0.535113,594.688
5903,1,-1.17955,594.514
5904,1,-1.78332,594.244
5905,1,-2.32413,593.887
5906,1,-2.78535,593.461
5907,1,-3.15865,592.989
5908,1,-3.44377,592.491
5909,1,-3.64626,591.986
5910,1,-3.7748,591.486
5911,1,-3.83907,591.002
5912,1,-3.84848,590.539
5913,1,-3.81154,590.1
5914,1,-3.73565,589.687
5915,1,-3.62711,589.301
5916,1,-3.49121,588.943
5917,1,-3.33239,588.61
5918,1,-3.15437,588.303
5919,1,-2.96025,588.022
5920,1,-2.75266,587.763
5921,1,-2.53382,587.528
5922,1,-2.30562,587.315
5923,1,-2.06965,587.123
5924,1,-1.8273,586.95
5925,1,-1.57977,586.797
5926,1,-1.32809,586.663
5927,1,-1.07317,586.546
5928,1,-0.81579,586.447
5929,1,-0.556661,586.363
5930,1,-0.296401,586.296
5931,1,-0.0355629,586.244
5932,1,0.225356,586.206
5933,1,0.48591,586.183
5934,1,0.745693,586.173
5935,1,1.00434,586.177
5936,1,1.26151,586.194
5937,1,1.51689,586.223
5938,1,1.7702,586.265
5939,1,2.02117,586.318
5940,1,2.26955,586.383
5941,1,2.51511,586.459
5942,1,2.75763,586.546
5943,1,2.99689,586.643
5944,1,3.2327,586.752
5945,1,3.46486,586.87
5946,1,3.69319,586.998
5947,1,3.9175,587.137
5948,1,4.13762,587.284
5949,1,4.35338,587.442
5950,1,4.56461,587.608
5951,1,4.77114,587.784
5952,1,4.97279,587.968
5953,1,5.16941,588.161
5954,1,5.36082,588.363
5955,1,5.54686,588.573
5956,1,5.72736,588.792
5957,1,5.90213,589.018
5958,1,6.071,589.253
5959,1,6.2338,589.496
5960,1,6.39033,589.746
5961,1,6.54041,590.005
5962,1,6.68383,590.271
5963,1,6.8204,590.544
5964,1,6.94989,590.825
5965,1,7.07209,591.113
5966,1,7.18678,591.409
5967,1,7.2937,591.711
5968,1,7.39262,592.021
5969,1,7.48325,592.337
5970,1,7.56533,592.66
5971,1,7.63857,592.99
5972,1,7.70265,593.327
5973,1,7.75725,593.67
5974,1,7.80202,594.019
5975,1,7.8366,594.375
5976,1,7.86058,594.737
5977,1,7.87356,595.105
5978,1,7.87509,595.478
5979,1,7.86468,595.857
5980,1,7.84183,596.242
5981,1,7.80599,596.632
5982,1,7.75656,597.027
5983,1,7.6929,597.426
5984,1,7.61432,597.83
5985,1,7.52007,598.238
5986,1,7.40934,598.65
5987,1,7.28124,599.064
5988,1,7.13483,599.482
5989,1,6.96904,599.901
5990,1,6.78274,600.321
5991,1,6.57469,600.742
5992,1,6.34354,601.162
5993,1,6.0878,601.58
5994,1,5.80588,601.993
5995,1,5.49606,602.401
5996,1,5.15651,602.801
5997,1,4.7853,603.19
5998,1,4.38049,603.564
5999,1,3.94017,603.919
6000,1,3.46268,604.249
6001,1,2.94683,604.547
6002,1,2.3924,604.805
6003,1,1.80071,605.013
6004,1,1.17566,605.159
6005,1,0.524803,605.231
6006,1,-0.139435,605.216
6007,1,-0.799217,605.105
6008,1,-1.43228,604.895
6009,1,-2.01505,604.59
6010,1,-2.52722,604.206
6011,1,-2.95568,603.762
6012,1,-3.29581,603.281
6013,1,-3.55017,602.781
6014,1,-3.72584,602.28
6015,1,-3.83203,601.789
6016,1,-3.87826,601.315
6017,1,-3.87349,600.862
6018,1,-3.82567,600.435
6019,1,-3.74162,600.034
6020,1,-3.62714,599.659
6021,1,-3.4871,599.311
6022,1,-3.32558,598.988
6023,1,-3.146,598.691
6024,1,-2.95126,598.417
6025,1,-2.74377,598.167
6026,1,-2.52561,597.938
6027,1,-2.29853,597.731
6028,1,-2.06404,597.545
6029,1,-1.82345,597.378
6030,1,-1.57788,597.23
6031,1,-1.3283,597.1
6032,1,-1.07559,596.987
6033,1,-0.820502,596.891
6034,1,-0.563701,596.812
6035,1,-0.305786,596.747
6036,1,-0.0472921,596.698
6037,1,0.211302,596.663
6038,1,0.469562,596.642
6039,1,0.727094,596.635
6040,1,0.983539,596.641
6041,1,1.23857,596.659
6042,1,1.49187,596.69
6043,1,1.74318,596.733
6044,1,1.99221,596.788
6045,1,2.23873,596.854
6046,1,2.48251,596.931
6047,1,2.72331,597.02
6048,1,2.96095,597.118
6049,1,3.1952,597.228
6050,1,3.42589,597.347
6051,1,3.65282,597.476
6052,1,3.87581,597.616
6053,1,4.09469,597.764
6054,1,4.30927,597.922
6055,1,4.5194,598.09
6056,1,4.72489,598.266
6057,1,4.92558,598.451
6058,1,5.12129,598.645
6059,1,5.31186,598.848
6060,1,5.49712,599.059
6061,1,5.67688,599.279
6062,1,5.85097,599.506
6063,1,6.01922,599.742
6064,1,6.18143,599.986
6065,1,6.33741,600.238
6066,1,6.48697,600.497
6067,1,6.62991,600.765
6068,1,6.76602,601.039
6069,1,6.89507,601.322
6070,1,7.01685,601.611
6071,1,7.13111,601.908
6072,1,7.23761,602.212
6073,1,7.33609,602.524
6074,1,7.42629,602.842
6075,1,7.5079,603.167
6076,1,7.58063,603.499
6077,1,7.64417,603.838
6078,1,7.69817,604.183
6079,1,7.74227,604.535
6080,1,7.7761,604.893
6081,1,7.79924,605.257
6082,1,7.81127,605.628
6083,1,7.81172,606.004
6084,1,7.80009,606.386
6085,1,7.77585,606.773
6086,1,7.73842,607.166
6087,1,7.68719,607.564
6088,1,7.62148,607.967
6089,1,7.54058,608.374
6090,1,7.4437,608.786
6091,1,7.32999,609.201
6092,1,7.19851,609.619
6093,1,7.04827,610.04
6094,1,6.87815,610.463
6095,1,6.68696,610.887
6096,1,6.47339,611.311
6097,1,6.236,611.734
6098,1,5.97324,612.154
6099,1,5.68342,612.57
6100,1,5.36474,612.98
6101,1,5.01526,613.38
6102,1,4.63299,613.769
6103,1,4.21593,614.141
6104,1,3.76217,614.493
6105,1,3.27013,614.817
6106,1,2.7389,615.106
6107,1,2.16873,615.351
6108,1,1.56187,615.541
6109,1,0.923595,615.664
6110,1,0.263437,615.706
6111,1,-0.40378,615.658
6112,1,-1.05797,615.51
6113,1,-1.67573,615.264
6114,1,-2.2343,614.928
6115,1,-2.71614,614.521
6116,1,-3.11185,614.063
6117,1,-3.42016,613.575
6118,1,-3.64584,613.077
6119,1,-3.79701,612.582
6120,1,-3.88305,612.099
6121,1,-3.91319,611.635
6122,1,-3.89587,611.195
6123,1,-3.83846,610.779
6124,1,-3.74728,610.388
6125,1,-3.62767,610.024
6126,1,-3.48411,609.686
6127,1,-3.32037,609.372
6128,1,-3.1396,609.083
6129,1,-2.94448,608.818
6130,1,-2.73728,608.574
6131,1,-2.51992,608.353
6132,1,-2.29404,608.152
6133,1,-2.06108,607.971
6134,1,-1.82225,607.81
6135,1,-1.57862,607.666
6136,1,-1.33112,607.54
6137,1,-1.08059,607.432
6138,1,-0.82773,607.339
6139,1,-0.573196,607.263
6140,1,-0.31756,607.201
6141,1,-0.0613385,607.155
6142,1,0.195005,607.122
6143,1,0.451048,607.104
6144,1,0.706407,607.099
6145,1,0.960731,607.106
6146,1,1.2137,607.127
6147,1,1.465,607.159
6148,1,1.71437,607.204
6149,1,1.96155,607.26
6150,1,2.20628,607.327
6151,1,2.44834,607.406
6152,1,2.68752,607.495
6153,1,2.92359,607.595
6154,1,3.15636,607.706
6155,1,3.38564,607.826
6156,1,3.61123,607.956
6157,1,3.83297,608.097
6158,1,4.05066,608.246
6159,1,4.26413,608.405
6160,1,4.4732,608.574
6161,1,4.67771,608.751
6162,1,4.87748,608.937
6163,1,5.07234,609.132
6164,1,5.26212,609.336
6165,1,5.44663,609.548
6166,1,5.62571,609.768
6167,1,5.79916,609.997
6168,1,5.96681,610.234
6169,1,6.12846,610.479
6170,1,6.28393,610.732
6171,1,6.433,610.993
6172,1,6.57548,611.262
6173,1,6.71114,611.538
6174,1,6.83977,611.822
6175,1,6.96113,612.113
6176,1,7.07498,612.411
6177,1,7.18106,612.717
6178,1,7.27911,613.03
6179,1,7.36885,613.35
6180,1,7.44999,613.678
6181,1,7.5222,614.012
6182,1,7.58516,614.352
6183,1,7.63853,614.7
6184,1,7.68192,615.054
6185,1,7.71495,615.415
6186,1,7.7372,615.782
6187,1,7.74821,616.155
6188,1,7.7475,616.534
6189,1,7.73455,616.919
6190,1,7.70882,617.309
6191,1,7.66969,617.705
6192,1,7.61653,618.107
6193,1,7.54863,618.513
6194,1,7.46523,618.924
6195,1,7.36552,619.339
6196,1,7.2486,619.757
6197,1,7.11349,620.179
6198,1,6.95913,620.604
6199,1,6.78436,621.03
6200,1,6.58791,621.457
6201,1,6.3684,621.884
6202,1,6.12431,622.31
6203,1,5.854,622.733
6204,1,5.55569,623.152
6205,1,5.22748,623.563
6206,1,4.86735,623.964
6207,1,4.47323,624.352
6208,1,4.04306,624.722
6209,1,3.57498,625.069
6210,1,3.06757,625.385
6211,1,2.52026,625.663
6212,1,1.93398,625.893
6213,1,1.31209,626.062
6214,1,0.661568,626.159
6215,1,-0.00579113,626.17
6216,1,-0.672682,626.085
6217,1,-1.31709,625.899
6218,1,-1.91526,625.618
6219,1,-2.44621,625.254
6220,1,-2.89583,624.826
6221,1,-3.25843,624.358
6222,1,-3.53568,623.867
6223,1,-3.73401,623.372
6224,1,-3.86218,622.884
6225,1,-3.92949,622.411
6226,1,-3.94477,621.958
6227,1,-3.91589,621.529
6228,1,-3.8497,621.124
6229,1,-3.75201,620.745
6230,1,-3.62773,620.391
6231,1,-3.48099,620.062
6232,1,-3.31526,619.758
6233,1,-3.13347,619.477
6234,1,-2.9381,619.219
6235,1,-2.73125,618.983
6236,1,-2.51472,618.768
6237,1,-2.29006,618.574
6238,1,-2.05861,618.398
6239,1,-1.82151,618.242
6240,1,-1.5798,618.103
6241,1,-1.33434,617.981
6242,1,-1.08593,617.877
6243,1,-0.835253,617.788
6244,1,-0.582934,617.714
6245,1,-0.329524,617.656
6246,1,-0.0755213,617.612
6247,1,0.178623,617.582
6248,1,0.4325,617.566
6249,1,0.685736,617.563
6250,1,0.937986,617.573
6251,1,1.18893,617.595
6252,1,1.43828,617.629
6253,1,1.68576,617.676
6254,1,1.93111,617.733
6255,1,2.1741,617.802
6256,1,2.41448,617.882
6257,1,2.65204,617.973
6258,1,2.88658,618.074
6259,1,3.11789,618.185
6260,1,3.34578,618.307
6261,1,3.57007,618.438
6262,1,3.79056,618.58
6263,1,4.00707,618.73
6264,1,4.21944,618.89
6265,1,4.42747,619.06
6266,1,4.63101,619.238
6267,1,4.82986,619.425
6268,1,5.02387,619.621
6269,1,5.21284,619.826
6270,1,5.39661,620.039
6271,1,5.57499,620.261
6272,1,5.74779,620.491
6273,1,5.91483,620.729
6274,1,6.07591,620.975
6275,1,6.23083,621.23
6276,1,6.37939,621.492
6277,1,6.52138,621.762
6278,1,6.65657,622.04
6279,1,6.78474,622.325
6280,1,6.90564,622.618
6281,1,7.01904,622.918
6282,1,7.12465,623.226
6283,1,7.22222,623.541
6284,1,7.31145,623.863
6285,1,7.39203,624.192
6286,1,7.46366,624.528
6287,1,7.52597,624.871
6288,1,7.57862,625.221
6289,1,7.62121,625.578
6290,1,7.65335,625.941
6291,1,7.67458,626.311
6292,1,7.68444,626.687
6293,1,7.68244,627.069
6294,1,7.66803,627.457
6295,1,7.64063,627.851
6296,1,7.59962,628.25
6297,1,7.54432,628.655
6298,1,7.474,629.065
6299,1,7.38785,629.479
6300,1,7.28503,629.897
6301,1,7.16459,630.32
6302,1,7.0255,630.745
6303,1,6.86664,631.174
6304,1,6.68678,631.604
6305,1,6.48458,632.034
6306,1,6.25858,632.465
6307,1,6.00719,632.894
6308,1,5.72865,633.319
6309,1,5.42109,633.74
6310,1,5.08251,634.152
6311,1,4.7108,634.553
6312,1,4.30382,634.94
6313,1,3.85951,635.306
6314,1,3.37607,635.647
6315,1,2.85232,635.955
6316,1,2.28817,636.22
6317,1,1.68544,636.431
6318,1,1.04892,636.577
6319,1,0.387608,636.643
6320,1,-0.284195,636.619
6321,1,-0.946757,636.495
6322,1,-1.5767,636.272
6323,1,-2.15091,635.957
6324,1,-2.65111,635.567
6325,1,-3.06701,635.123
6326,1,-3.39645,634.647
6327,1,-3.6435,634.156
6328,1,-3.81579,633.666
6329,1,-3.92233,633.186
6330,1,-3.97218,632.723
6331,1,-3.97365,632.282
6332,1,-3.93409,631.864
6333,1,-3.85979,631.47
6334,1,-3.75612,631.102
6335,1,-3.62757,630.758
6336,1,-3.47794,630.439
6337,1,-3.31043,630.144
6338,1,-3.12776,629.872
6339,1,-2.93222,629.621
6340,1,-2.72578,629.392
6341,1,-2.51011,629.184
6342,1,-2.28667,628.995
6343,1,-2.05671,628.825
6344,1,-1.82134,628.674
6345,1,-1.5815,628.539
6346,1,-1.33804,628.422
6347,1,-1.09171,628.321
6348,1,-0.843167,628.236
6349,1,-0.593015,628.166
6350,1,-0.341783,628.111
6351,1,-0.0899509,628.07
6352,1,0.162043,628.043
6353,1,0.413801,628.029
6354,1,0.664958,628.028
6355,1,0.915178,628.04
6356,1,1.16415,628.064
6357,1,1.41158,628.1
6358,1,1.65721,628.148
6359,1,1.90078,628.207
6360,1,2.14204,628.278
6361,1,2.38078,628.359
6362,1,2.61676,628.451
6363,1,2.8498,628.553
6364,1,3.07968,628.666
6365,1,3.30621,628.789
6366,1,3.5292,628.922
6367,1,3.74846,629.064
6368,1,3.96382,629.216
6369,1,4.1751,629.377
6370,1,4.38211,629.547
6371,1,4.58468,629.727
6372,1,4.78264,629.915
6373,1,4.97579,630.112
6374,1,5.16398,630.318
6375,1,5.347,630.533
6376,1,5.52468,630.755
6377,1,5.69683,630.987
6378,1,5.86326,631.226
6379,1,6.02376,631.474
6380,1,6.17814,631.729
6381,1,6.32618,631.993
6382,1,6.46767,632.265
6383,1,6.60237,632.544
6384,1,6.73006,632.831
6385,1,6.85049,633.126
6386,1,6.9634,633.428
6387,1,7.06852,633.737
6388,1,7.16556,634.054
6389,1,7.25424,634.379
6390,1,7.33424,634.71
6391,1,7.40521,635.049
6392,1,7.46682,635.394
6393,1,7.51869,635.747
6394,1,7.56041,636.106
6395,1,7.59156,636.472
6396,1,7.61169,636.844
6397,1,7.62031,637.223
6398,1,7.6169,637.609
6399,1,7.60089,638
6400,1,7.57169,638.397
6401,1,7.52863,638.8
6402,1,7.47101,639.208
6403,1,7.39806,639.621
6404,1,7.30895,640.039
6405,1,7.20276,640.462
6406,1,7.07851,640.888
6407,1,6.93512,641.317
6408,1,6.77139,641.749
6409,1,6.58604,642.183
6410,1,6.37764,642.617
6411,1,6.14465,643.051
6412,1,5.88536,643.483
6413,1,5.59795,643.911
6414,1,5.28042,644.333
6415,1,4.93067,644.746
6416,1,4.54652,645.147
6417,1,4.12576,645.531
6418,1,3.66636,645.893
6419,1,3.16664,646.226
6420,1,2.62577,646.523
6421,1,2.04434,646.772
6422,1,1.42529,646.963
6423,1,0.775135,647.081
6424,1,0.105227,647.114
6425,1,-0.567505,647.052
6426,1,-1.22123,646.889
6427,1,-1.83204,646.628
6428,1,-2.3785,646.282
6429,1,-2.8458,645.87
6430,1,-3.22749,645.414
6431,1,-3.52454,644.933
6432,1,-3.74281,644.445
6433,1,-3.89067,643.961
6434,1,-3.97715,643.49
6435,1,-4.01089,643.038
6436,1,-3.99969,642.608
6437,1,-3.95035,642.201
6438,1,-3.86865,641.819
6439,1,-3.75952,641.461
6440,1,-3.62709,641.127
6441,1,-3.47486,640.818
6442,1,-3.30579,640.531
6443,1,-3.12237,640.267
6444,1,-2.92676,640.024
6445,1,-2.72077,639.802
6446,1,-2.50599,639.6
6447,1,-2.28376,639.417
6448,1,-2.05529,639.253
6449,1,-1.82159,639.106
6450,1,-1.58359,638.976
6451,1,-1.34208,638.863
6452,1,-1.09777,638.766
6453,1,-0.851318,638.685
6454,1,-0.603276,638.618
6455,1,-0.354163,638.566
6456,1,-0.104444,638.528
6457,1,0.145455,638.503
6458,1,0.395149,638.492
6459,1,0.644282,638.493
6460,1,0.892523,638.507
6461,1,1.13957,638.533
6462,1,1.38514,638.571
6463,1,1.62896,638.621
6464,1,1.87078,638.682
6465,1,2.11036,638.754
6466,1,2.34749,638.836
6467,1,2.58194,638.93
6468,1,2.8135,639.034
6469,1,3.04198,639.148
6470,1,3.26717,639.272
6471,1,3.4889,639.406
6472,1,3.70696,639.549
6473,1,3.92119,639.702
6474,1,4.1314,639.864
6475,1,4.33741,640.036
6476,1,4.53903,640.217
6477,1,4.7361,640.406
6478,1,4.92842,640.605
6479,1,5.11582,640.812
6480,1,5.29811,641.027
6481,1,5.47511,641.252
6482,1,5.64661,641.484
6483,1,5.81242,641.725
6484,1,5.97235,641.974
6485,1,6.12618,642.231
6486,1,6.27369,642.497
6487,1,6.41467,642.77
6488,1,6.54888,643.051
6489,1,6.67608,643.339
6490,1,6.79602,643.636
6491,1,6.90842,643.94
6492,1,7.01303,644.252
6493,1,7.10953,644.571
6494,1,7.19763,644.897
6495,1,7.277,645.231
6496,1,7.3473,645.572
6497,1,7.40816,645.92
6498,1,7.4592,646.275
6499,1,7.49999,646.637
6500,1,7.5301,647.006
6501,1,7.54906,647.381
6502,1,7.55636,647.763
6503,1,7.55146,648.152
6504,1,7.53376,648.546
6505,1,7.50265,648.947
6506,1,7.45742,649.353
6507,1,7.39734,649.765
6508,1,7.32161,650.182
6509,1,7.22935,650.604
6510,1,7.1196,651.03
6511,1,6.99132,651.46
6512,1,6.84336,651.893
6513,1,6.67448,652.329
6514,1,6.4833,652.766
6515,1,6.26832,653.204
6516,1,6.02789,653.641
6517,1,5.76023,654.075
6518,1,5.46339,654.506
6519,1,5.13529,654.929
6520,1,4.7737,655.342
6521,1,4.37637,655.742
6522,1,3.94108,656.123
6523,1,3.46582,656.48
6524,1,2.94917,656.804
6525,1,2.39074,657.088
6526,1,1.792,657.319
6527,1,1.1573,657.486
6528,1,0.495218,657.574
6529,1,-0.180342,657.572
6530,1,-0.849923,657.47
6531,1,-1.49019,657.268
6532,1,-2.07773,656.972
6533,1,-2.59378,656.598
6534,1,-3.02732,656.169
6535,1,-3.37552,655.703
6536,1,-3.64183,655.221
6537,1,-3.8334,654.737
6538,1,-3.95893,654.261
6539,1,-4.02723,653.8
6540,1,-4.04649,653.359
6541,1,-4.02396,652.94
6542,1,-3.96592,652.544
6543,1,-3.87768,652.173
6544,1,-3.76376,651.825
6545,1,-3.62798,651.501
6546,1,-3.47356,651.201
6547,1,-3.30323,650.922
6548,1,-3.1193,650.666
6549,1,-2.92378,650.43
6550,1,-2.71838,650.215
6551,1,-2.50455,650.019
6552,1,-2.28359,649.842
6553,1,-2.05662,649.682
6554,1,-1.82461,649.541
6555,1,-1.58843,649.416
6556,1,-1.34884,649.307
6557,1,-1.10654,649.213
6558,1,-0.862115,649.135
6559,1,-0.616132,649.072
6560,1,-0.369082,649.023
6561,1,-0.121418,648.987
6562,1,0.126451,648.965
6563,1,0.374146,648.956
6564,1,0.621321,648.96
6565,1,0.867652,648.976
6566,1,1.11284,649.004
6567,1,1.35661,649.044
6568,1,1.59869,649.095
6569,1,1.83884,649.157
6570,1,2.07682,649.231
6571,1,2.3124,649.315
6572,1,2.54538,649.41
6573,1,2.77554,649.515
6574,1,3.00268,649.63
6575,1,3.22661,649.756
6576,1,3.44713,649.891
6577,1,3.66407,650.035
6578,1,3.87723,650.19
6579,1,4.08643,650.353
6580,1,4.29149,650.526
6581,1,4.49223,650.708
6582,1,4.68847,650.899
6583,1,4.88002,651.098
6584,1,5.06669,651.307
6585,1,5.2483,651.524
6586,1,5.42466,651.749
6587,1,5.59557,651.983
6588,1,5.76083,652.225
6589,1,5.92023,652.476
6590,1,6.07356,652.735
6591,1,6.2206,653.001
6592,1,6.36112,653.276
6593,1,6.49487,653.559
6594,1,6.62162,653.849
6595,1,6.74111,654.148
6596,1,6.85305,654.454
6597,1,6.95717,654.768
6598,1,7.05316,655.089
6599,1,7.14072,655.417
6600,1,7.21949,655.753
6601,1,7.28913,656.097
6602,1,7.34926,656.448
6603,1,7.39947,656.805
6604,1,7.43934,657.17
6605,1,7.46842,657.542
6606,1,7.4862,657.92
6607,1,7.49216,658.305
6608,1,7.48573,658.697
6609,1,7.46631,659.095
6610,1,7.43323,659.499
6611,1,7.38577,659.909
6612,1,7.32316,660.324
6613,1,7.24455,660.745
6614,1,7.14902,661.171
6615,1,7.03557,661.601
6616,1,6.90308,662.035
6617,1,6.75036,662.472
6618,1,6.57609,662.911
6619,1,6.3788,663.353
6620,1,6.15692,663.794
6621,1,5.9087,664.234
6622,1,5.63224,664.671
6623,1,5.32549,665.104
6624,1,4.98625,665.528
6625,1,4.61222,665.941
6626,1,4.20107,666.339
6627,1,3.75057,666.716
6628,1,3.25885,667.066
6629,1,2.72479,667.38
6630,1,2.14864,667.649
6631,1,1.53296,667.859
6632,1,0.88383,667.999
6633,1,0.212153,668.055
6634,1,-0.46552,668.015
6635,1,-1.12755,667.874
6636,1,-1.74995,667.633
6637,1,-2.31088,667.306
6638,1,-2.79492,666.91
6639,1,-3.19489,666.466
6640,1,-3.51107,665.996
6641,1,-3.74878,665.515
6642,1,-3.91595,665.036
6643,1,-4.02133,664.569
6644,1,-4.07339,664.118
6645,1,-4.07979,663.688
6646,1,-4.04728,663.279
6647,1,-3.98161,662.895
6648,1,-3.8877,662.533
6649,1,-3.7697,662.196
6650,1,-3.63112,661.881
6651,1,-3.47493,661.589
6652,1,-3.30367,661.319
6653,1,-3.1195,661.07
6654,1,-2.92428,660.841
6655,1,-2.71959,660.632
6656,1,-2.50684,660.442
6657,1,-2.28722,660.27
6658,1,-2.0618,660.116
6659,1,-1.8315,659.978
6660,1,-1.59716,659.858
6661,1,-1.35949,659.753
6662,1,-1.11916,659.663
6663,1,-0.876746,659.588
6664,1,-0.632787,659.528
6665,1,-0.387759,659.481
6666,1,-0.1421,659.448
6667,1,0.10379,659.429
6668,1,0.349543,659.422
6669,1,0.59482,659.428
6670,1,0.839304,659.446
6671,1,1.0827,659.476
6672,1,1.32474,659.517
6673,1,1.56515,659.57
6674,1,1.80369,659.634
6675,1,2.04014,659.709
6676,1,2.27425,659.795
6677,1,2.50583,659.891
6678,1,2.73466,659.997
6679,1,2.96054,660.114
6680,1,3.18328,660.24
6681,1,3.40268,660.376
6682,1,3.61856,660.522
6683,1,3.83073,660.678
6684,1,4.03901,660.842
6685,1,4.24321,661.016
6686,1,4.44315,661.199
6687,1,4.63864,661.391
6688,1,4.82949,661.592
6689,1,5.01553,661.801
6690,1,5.19655,662.02
6691,1,5.37237,662.247
6692,1,5.54277,662.482
6693,1,5.70756,662.725
6694,1,5.86652,662.977
6695,1,6.01945,663.238
6696,1,6.1661,663.506
6697,1,6.30624,663.782
6698,1,6.43964,664.067
6699,1,6.56604,664.359
6700,1,6.68516,664.659
6701,1,6.79674,664.967
6702,1,6.90048,665.283
6703,1,6.99606,665.606
6704,1,7.08316,665.937
6705,1,7.16143,666.276
6706,1,7.23051,666.621
6707,1,7.29001,666.975
6708,1,7.3395,667.335
6709,1,7.37855,667.703
6710,1,7.40668,668.077
6711,1,7.42338,668.459
6712,1,7.4281,668.847
6713,1,7.42025,669.242
6714,1,7.39919,669.643
6715,1,7.36423,670.051
6716,1,7.31462,670.464
6717,1,7.24954,670.883
6718,1,7.16812,671.308
6719,1,7.06938,671.737
6720,1,6.95226,672.171
6721,1,6.8156,672.609
6722,1,6.65814,673.05
6723,1,6.47846,673.494
6724,1,6.27504,673.938
6725,1,6.0462,674.383
6726,1,5.79008,674.826
6727,1,5.5047,675.266
6728,1,5.18787,675.7
6729,1,4.83731,676.125
6730,1,4.45061,676.538
6731,1,4.0254,676.934
6732,1,3.55949,677.306
6733,1,3.05119,677.648
6734,1,2.49979,677.951
6735,1,1.90637,678.202
6736,1,1.27482,678.391
6737,1,0.613168,678.502
6738,1,-0.0651885,678.524
6739,1,-0.741189,678.446
6740,1,-1.39162,678.267
6741,1,-1.99284,677.992
6742,1,-2.52545,677.637
6743,1,-2.97763,677.223
6744,1,-3.34572,676.77
6745,1,-3.63246,676.297
6746,1,-3.84446,675.82
6747,1,-3.99006,675.348
6748,1,-4.07781,674.889
6749,1,-4.11578,674.448
6750,1,-4.11114,674.029
6751,1,-4.07012,673.631
6752,1,-3.99805,673.256
6753,1,-3.89944,672.905
6754,1,-3.77813,672.576
6755,1,-3.63737,672.27
6756,1,-3.47992,671.986
6757,1,-3.30814,671.724
6758,1,-3.12403,671.481
6759,1,-2.92934,671.259
6760,1,-2.72558,671.056
6761,1,-2.51404,670.871
6762,1,-2.29588,670.704
6763,1,-2.07209,670.554
6764,1,-1.84356,670.421
6765,1,-1.61108,670.304
6766,1,-1.37534,670.203
6767,1,-1.13699,670.116
6768,1,-0.896574,670.045
6769,1,-0.654616,669.987
6770,1,-0.411578,669.943
6771,1,-0.167886,669.913
6772,1,0.076071,669.895
6773,1,0.319933,669.89
6774,1,0.563368,669.898
6775,1,0.806066,669.918
6776,1,1.04774,669.949
6777,1,1.28811,669.992
6778,1,1.52692,670.047
6779,1,1.76394,670.112
6780,1,1.99892,670.188
6781,1,2.23165,670.275
6782,1,2.46191,670.372
6783,1,2.6895,670.48
6784,1,2.91421,670.598
6785,1,3.13584,670.725
6786,1,3.35422,670.862
6787,1,3.56913,671.009
6788,1,3.78041,671.166
6789,1,3.98786,671.331
6790,1,4.19129,671.506
6791,1,4.39052,671.69
6792,1,4.58537,671.883
6793,1,4.77564,672.085
6794,1,4.96114,672.296
6795,1,5.14168,672.515
6796,1,5.31705,672.743
6797,1,5.48706,672.98
6798,1,5.6515,673.225
6799,1,5.81014,673.478
6800,1,5.96277,673.74
6801,1,6.10916,674.009
6802,1,6.24906,674.287
6803,1,6.38222,674.573
6804,1,6.50839,674.867
6805,1,6.62729,675.169
6806,1,6.73863,675.479
6807,1,6.84211,675.797
6808,1,6.93742,676.122
6809,1,7.02421,676.455
6810,1,7.10212,676.796
6811,1,7.17079,677.144
6812,1,7.2298,677.5
6813,1,7.27872,677.863
6814,1,7.31709,678.233
6815,1,7.34443,678.61
6816,1,7.3602,678.995
6817,1,7.36382,679.386
6818,1,7.35469,679.784
6819,1,7.33215,680.189
6820,1,7.29545,680.6
6821,1,7.24384,681.017
6822,1,7.17645,681.44
6823,1,7.09235,681.869
6824,1,6.99052,682.302
6825,1,6.86986,682.74
6826,1,6.72914,683.182
6827,1,6.56702,683.627
6828,1,6.38202,684.074
6829,1,6.17253,684.522
6830,1,5.93675,684.97
6831,1,5.67276,685.417
6832,1,5.37842,685.859
6833,1,5.05147,686.295
6834,1,4.6895,686.721
6835,1,4.29004,687.132
6836,1,3.85068,687.525
6837,1,3.36931,687.892
6838,1,2.84451,688.225
6839,1,2.27612,688.515
6840,1,1.66619,688.748
6841,1,1.02016,688.913
6842,1,0.348256,688.995
6843,1,-0.333623,688.982
6844,1,-1.00424,688.867
6845,1,-1.63959,688.651
6846,1,-2.2173,688.346
6847,1,-2.72097,687.969
6848,1,-3.14237,687.541
6849,1,-3.4808,687.082
6850,1,-3.74087,686.609
6851,1,-3.93001,686.137
6852,1,-4.05665,685.672
6853,1,-4.12908,685.223
6854,1,-4.1549,684.792
6855,1,-4.1408,684.382
6856,1,-4.09257,683.994
6857,1,-4.01512,683.629
6858,1,-3.91265,683.287
6859,1,-3.78869,682.967
6860,1,-3.64628,682.669
6861,1,-3.48798,682.393
6862,1,-3.31598,682.137
6863,1,-3.13218,681.901
6864,1,-2.93822,681.684
6865,1,-2.7355,681.486
6866,1,-2.52528,681.307
6867,1,-2.30862,681.144
6868,1,-2.08649,680.999
6869,1,-1.85974,680.87
6870,1,-1.62911,680.756
6871,1,-1.39529,680.658
6872,1,-1.15887,680.575
6873,1,-0.92041,680.506
6874,1,-0.680397,680.451
6875,1,-0.439287,680.409
6876,1,-0.197493,680.381
6877,1,0.0446044,680.365
6878,1,0.286653,680.363
6879,1,0.528327,680.372
6880,1,0.76932,680.393
6881,1,1.00935,680.426
6882,1,1.24814,680.471
6883,1,1.48544,680.526
6884,1,1.72102,680.593
6885,1,1.95463,680.671
6886,1,2.18606,680.759
6887,1,2.41509,680.857
6888,1,2.64151,680.966
6889,1,2.86513,681.084
6890,1,3.08575,681.213
6891,1,3.30318,681.351
6892,1,3.51721,681.499
6893,1,3.72767,681.656
6894,1,3.93437,681.823
6895,1,4.13712,681.999
6896,1,4.33572,682.184
6897,1,4.53,682.378
6898,1,4.71975,682.581
6899,1,4.90479,682.793
6900,1,5.08491,683.013
6901,1,5.25992,683.242
6902,1,5.4296,683.48
6903,1,5.59374,683.726
6904,1,5.75213,683.981
6905,1,5.90452,684.244
6906,1,6.0507,684.515
6907,1,6.1904,684.795
6908,1,6.32338,685.083
6909,1,6.44936,685.378
6910,1,6.56807,685.682
6911,1,6.67921,685.994
6912,1,6.78247,686.314
6913,1,6.87752,686.641
6914,1,6.96402,686.977
6915,1,7.04158,687.32
6916,1,7.10983,687.67
6917,1,7.16835,688.029
6918,1,7.21668,688.394
6919,1,7.25435,688.768
6920,1,7.28085,689.148
6921,1,7.29563,689.536
6922,1,7.29809,689.93
6923,1,7.2876,690.332
6924,1,7.26345,690.74
6925,1,7.2249,691.155
6926,1,7.17113,691.576
6927,1,7.10123,692.002
6928,1,7.01424,692.435
6929,1,6.90909,692.872
6930,1,6.7846,693.314
6931,1,6.63948,693.76
6932,1,6.47231,694.209
6933,1,6.28155,694.66
6934,1,6.06546,695.112
6935,1,5.82217,695.564
6936,1,5.54962,696.013
6937,1,5.24558,696.457
6938,1,4.90765,696.894
6939,1,4.53334,697.32
6940,1,4.12009,697.731
6941,1,3.66553,698.12
6942,1,3.16768,698.48
6943,1,2.62549,698.802
6944,1,2.03955,699.076
6945,1,1.41317,699.289
6946,1,0.753683,699.426
6947,1,0.0737532,699.475
6948,1,-0.608164,699.425
6949,1,-1.26911,699.272
6950,1,-1.88518,699.022
6951,1,-2.43618,698.689
6952,1,-2.90923,698.292
6953,1,-3.29957,697.853
6954,1,-3.60904,697.391
6955,1,-3.84361,696.921
6956,1,-4.0112,696.454
6957,1,-4.12014,695.998
6958,1,-4.17835,695.558
6959,1,-4.19294,695.137
6960,1,-4.17015,694.737
6961,1,-4.1153,694.359
6962,1,-4.03296,694.004
6963,1,-3.92699,693.67
6964,1,-3.80069,693.359
6965,1,-3.65684,693.069
6966,1,-3.49785,692.799
6967,1,-3.32578,692.55
6968,1,-3.14238,692.321
6969,1,-2.94921,692.11
6970,1,-2.7476,691.917
6971,1,-2.53872,691.742
6972,1,-2.32359,691.584
6973,1,-2.10314,691.443
6974,1,-1.87817,691.318
6975,1,-1.64939,691.208
6976,1,-1.41747,691.113
6977,1,-1.18298,691.032
6978,1,-0.946455,690.966
6979,1,-0.708371,690.914
6980,1,-0.469168,690.875
6981,1,-0.229251,690.848
6982,1,0.0110101,690.835
6983,1,0.251269,690.834
6984,1,0.491207,690.845
6985,1,0.730522,690.868
6986,1,0.968934,690.903
6987,1,1.20618,690.948
6988,1,1.442,691.005
6989,1,1.67616,691.073
6990,1,1.90843,691.152
6991,1,2.13859,691.241
6992,1,2.36643,691.34
6993,1,2.59173,691.45
6994,1,2.81431,691.57
6995,1,3.03395,691.699
6996,1,3.25047,691.838
6997,1,3.46367,691.987
6998,1,3.67336,692.145
6999,1,3.87936,692.313
7000,1,4.08147,692.49
7001,1,4.2795,692.676
7002,1,4.47327,692.871
7003,1,4.66257,693.075
7004,1,4.84721,693.288
7005,1,5.02698,693.509
7006,1,5.20169,693.74
7007,1,5.37111,693.979
7008,1,5.53504,694.226
7009,1,5.69325,694.482
7010,1,5.8455,694.746
7011,1,5.99155,695.019
7012,1,6.13115,695.3
7013,1,6.26405,695.589
7014,1,6.38995,695.887
7015,1,6.50859,696.192
7016,1,6.61964,696.506
7017,1,6.7228,696.827
7018,1,6.81773,697.157
7019,1,6.90406,697.495
7020,1,6.98142,697.84
7021,1,7.04941,698.193
7022,1,7.10758,698.554
7023,1,7.15549,698.922
7024,1,7.19263,699.298
7025,1,7.21848,699.681
7026,1,7.23246,700.072
7027,1,7.23396,700.47
7028,1,7.22231,700.875
7029,1,7.19679,701.286
7030,1,7.1566,701.705
7031,1,7.1009,702.129
7032,1,7.02875,702.56
7033,1,6.93912,702.996
7034,1,6.8309,703.437
7035,1,6.70284,703.883
7036,1,6.5536,704.333
7037,1,6.38167,704.786
7038,1,6.18542,705.241
7039,1,5.96304,705.697
7040,1,5.71252,706.151
7041,1,5.43172,706.603
7042,1,5.11827,707.05
7043,1,4.76968,707.488
7044,1,4.38334,707.914
7045,1,3.95668,708.323
7046,1,3.48734,708.707
7047,1,2.97358,709.06
7048,1,2.4148,709.371
7049,1,1.81249,709.629
7050,1,1.17137,709.82
7051,1,0.500822,709.93
7052,1,-0.184059,709.946
7053,1,-0.862622,709.861
7054,1,-1.51093,709.673
7055,1,-2.10605,709.393
7056,1,-2.63052,709.037
7057,1,-3.07484,708.626
7058,1,-3.43719,708.181
7059,1,-3.72127,707.718
7060,1,-3.93397,707.252
7061,1,-4.08335,706.791
7062,1,-4.17753,706.343
7063,1,-4.22402,705.912
7064,1,-4.22949,705.501
7065,1,-4.19973,705.11
7066,1,-4.13971,704.741
7067,1,-4.05365,704.394
7068,1,-3.94516,704.069
7069,1,-3.81728,703.765
7070,1,-3.67266,703.482
7071,1,-3.51351,703.219
7072,1,-3.34179,702.976
7073,1,-3.15915,702.752
7074,1,-2.96706,702.546
7075,1,-2.76677,702.358
7076,1,-2.55941,702.188
7077,1,-2.34596,702.034
7078,1,-2.12728,701.896
7079,1,-1.90416,701.774
7080,1,-1.67729,701.667
7081,1,-1.4473,701.575
7082,1,-1.21475,701.497
7083,1,-0.980151,701.433
7084,1,-0.743974,701.382
7085,1,-0.506647,701.345
7086,1,-0.268562,701.321
7087,1,-0.0300851,701.309
7088,1,0.208446,701.31
7089,1,0.446717,701.322
7090,1,0.684431,701.346
7091,1,0.921311,701.382
7092,1,1.15709,701.429
7093,1,1.39153,701.487
7094,1,1.62438,701.556
7095,1,1.85541,701.635
7096,1,2.08441,701.725
7097,1,2.31117,701.826
7098,1,2.53547,701.936
7099,1,2.75711,702.056
7100,1,2.9759,702.187
7101,1,3.19164,702.326
7102,1,3.40413,702.476
7103,1,3.6132,702.635
7104,1,3.81863,702.803
7105,1,4.02025,702.981
7106,1,4.21785,703.168
7107,1,4.41125,703.364
7108,1,4.60025,703.568
7109,1,4.78465,703.782
7110,1,4.96423,704.004
7111,1,5.1388,704.236
7112,1,5.30814,704.476
7113,1,5.47202,704.724
7114,1,5.63022,704.981
7115,1,5.7825,705.247
7116,1,5.92861,705.521
7117,1,6.0683,705.803
7118,1,6.2013,706.094
7119,1,6.32732,706.393
7120,1,6.44607,706.7
7121,1,6.55724,707.015
7122,1,6.66051,707.339
7123,1,6.75552,707.67
7124,1,6.8419,708.01
7125,1,6.91927,708.357
7126,1,6.98721,708.713
7127,1,7.04527,709.076
7128,1,7.09298,709.447
7129,1,7.12983,709.825
7130,1,7.15526,710.212
7131,1,7.16869,710.605
7132,1,7.16947,711.006
7133,1,7.15691,711.414
7134,1,7.13026,711.829
7135,1,7.08869,712.251
7136,1,7.03132,712.679
7137,1,6.95717,713.113
7138,1,6.86516,713.553
7139,1,6.75412,713.999
7140,1,6.62275,714.448
7141,1,6.46963,714.902
7142,1,6.29319,715.359
7143,1,6.09169,715.818
7144,1,5.86322,716.277
7145,1,5.6057,716.735
7146,1,5.31683,717.19
7147,1,4.99415,717.639
7148,1,4.63505,718.078
7149,1,4.23686,718.504
7150,1,3.79697,718.91
7151,1,3.31311,719.29
7152,1,2.78382,719.635
7153,1,2.20909,719.934
7154,1,1.59143,720.175
7155,1,0.93719,720.343
7156,1,0.257893,720.425
7157,1,-0.429027,720.409
7158,1,-1.10117,720.29
7159,1,-1.7344,720.072
7160,1,-2.30745,719.766
7161,1,-2.80586,719.392
7162,1,-3.22326,718.97
7163,1,-3.56023,718.521
7164,1,-3.82184,718.059
7165,1,-4.01548,717.598
7166,1,-4.14921,717.144
7167,1,-4.23084,716.704
7168,1,-4.26748,716.282
7169,1,-4.26538,715.879
7170,1,-4.22995,715.497
7171,1,-4.1658,715.137
7172,1,-4.07689,714.798
7173,1,-3.96656,714.48
7174,1,-3.8377,714.183
7175,1,-3.69275,713.906
7176,1,-3.53383,713.649
7177,1,-3.36275,713.411
7178,1,-3.18111,713.192
7179,1,-2.99027,712.991
7180,1,-2.79146,712.807
7181,1,-2.58573,712.64
7182,1,-2.37402,712.49
7183,1,-2.15718,712.355
7184,1,-1.93594,712.236
7185,1,-1.71099,712.132
7186,1,-1.48293,712.042
7187,1,-1.2523,711.967
7188,1,-1.0196,711.905
7189,1,-0.785295,711.856
7190,1,-0.549796,711.821
7191,1,-0.313492,711.798
7192,1,-0.0767382,711.788
7193,1,0.160132,711.789
7194,1,0.396807,711.803
7195,1,0.632995,711.828
7196,1,0.868422,711.865
7197,1,1.10283,711.913
7198,1,1.33596,711.972
7199,1,1.56759,712.041
7200,1,1.79748,712.121
7201,1,2.02541,712.212
7202,1,2.25118,712.313
7203,1,2.47457,712.424
7204,1,2.69539,712.545
7205,1,2.91342,712.676
7206,1,3.12849,712.816
7207,1,3.34038,712.967
7208,1,3.54891,713.126
7209,1,3.75389,713.295
7210,1,3.95512,713.474
7211,1,4.15241,713.661
7212,1,4.34555,713.857
7213,1,4.53436,714.063
7214,1,4.71862,714.278
7215,1,4.89813,714.501
7216,1,5.07267,714.733
7217,1,5.24203,714.974
7218,1,5.40598,715.223
7219,1,5.56428,715.481
7220,1,5.71671,715.748
7221,1,5.86299,716.023
7222,1,6.00287,716.307
7223,1,6.13608,716.599
7224,1,6.26233,716.899
7225,1,6.38131,717.208
7226,1,6.49271,717.525
7227,1,6.59619,717.851
7228,1,6.69139,718.184
7229,1,6.77794,718.526
7230,1,6.85542,718.875
7231,1,6.92342,719.233
7232,1,6.98147,719.598
7233,1,7.02908,719.972
7234,1,7.06572,720.353
7235,1,7.09083,720.742
7236,1,7.10378,721.139
7237,1,7.10392,721.543
7238,1,7.09052,721.954
7239,1,7.0628,722.373
7240,1,7.0199,722.798
7241,1,6.9609,723.23
7242,1,6.88476,723.668
7243,1,6.79037,724.112
7244,1,6.67649,724.561
7245,1,6.54177,725.015
7246,1,6.38469,725.473
7247,1,6.20362,725.934
7248,1,5.99672,726.396
7249,1,5.76197,726.859
7250,1,5.49718,727.321
7251,1,5.19995,727.779
7252,1,4.86768,728.229
7253,1,4.49767,728.669
7254,1,4.08716,729.094
7255,1,3.63357,729.497
7256,1,3.13477,729.872
7257,1,2.58965,730.207
7258,1,1.99898,730.493
7259,1,1.3665,730.715
7260,1,0.700395,730.859
7261,1,0.0144999,730.911
7262,1,-0.67154,730.862
7263,1,-1.3341,730.71
7264,1,-1.94958,730.462
7265,1,-2.49903,730.134
7266,1,-2.97115,729.745
7267,1,-3.36245,729.316
7268,1,-3.67544,728.864
7269,1,-3.9162,728.405
7270,1,-4.09239,727.949
7271,1,-4.21192,727.503
7272,1,-4.28224,727.071
7273,1,-4.31007,726.658
7274,1,-4.30125,726.264
7275,1,-4.26082,725.89
7276,1,-4.1931,725.538
7277,1,-4.10178,725.206
7278,1,-3.98998,724.895
7279,1,-3.8604,724.605
7280,1,-3.71535,724.334
7281,1,-3.55682,724.083
7282,1,-3.38653,723.85
7283,1,-3.20598,723.636
7284,1,-3.01649,723.439
7285,1,-2.81921,723.259
7286,1,-2.61516,723.096
7287,1,-2.40523,722.949
7288,1,-2.19024,722.817
7289,1,-1.9709,722.701
7290,1,-1.74787,722.599
7291,1,-1.52173,722.512
7292,1,-1.29302,722.438
7293,1,-1.06221,722.378
7294,1,-0.829756,722.331
7295,1,-0.596067,722.297
7296,1,-0.361519,722.276
7297,1,-0.126463,722.267
7298,1,0.108773,722.27
7299,1,0.343883,722.285
7300,1,0.578578,722.311
7301,1,0.812585,722.349
7302,1,1.04565,722.397
7303,1,1.27752,722.457
7304,1,1.50796,722.527
7305,1,1.73675,722.608
7306,1,1.96366,722.699
7307,1,2.18848,722.801
7308,1,2.41101,722.912
7309,1,2.63104,723.034
7310,1,2.84838,723.165
7311,1,3.06282,723.306
7312,1,3.27416,723.457
7313,1,3.48222,723.617
7314,1,3.6868,723.787
7315,1,3.8877,723.966
7316,1,4.08473,724.154
7317,1,4.27769,724.351
7318,1,4.46636,724.557
7319,1,4.65056,724.772
7320,1,4.83006,724.996
7321,1,5.00465,725.229
7322,1,5.17411,725.471
7323,1,5.33821,725.721
7324,1,5.49671,725.981
7325,1,5.64936,726.248
7326,1,5.7959,726.525
7327,1,5.93608,726.81
7328,1,6.0696,727.103
7329,1,6.19617,727.405
7330,1,6.31549,727.715
7331,1,6.42722,728.034
7332,1,6.53102,728.361
7333,1,6.62653,728.696
7334,1,6.71335,729.04
7335,1,6.79107,729.391
7336,1,6.85925,729.751
7337,1,6.91742,730.119
7338,1,6.96506,730.495
7339,1,7.00163,730.879
7340,1,7.02654,731.271
7341,1,7.03916,731.671
7342,1,7.03879,732.078
7343,1,7.02468,732.492
7344,1,6.99603,732.914
7345,1,6.95194,733.343
7346,1,6.89144,733.779
7347,1,6.81346,734.22
7348,1,6.71682,734.668
7349,1,6.60023,735.122
7350,1,6.46227,735.58
7351,1,6.30135,736.042
7352,1,6.11574,736.506
7353,1,5.90352,736.973
7354,1,5.66256,737.44
7355,1,5.39055,737.904
7356,1,5.08497,738.364
7357,1,4.74311,738.817
7358,1,4.36217,739.258
7359,1,3.93934,739.681
7360,1,3.47206,740.081
7361,1,2.95843,740.449
7362,1,2.39781,740.775
7363,1,1.79184,741.046
7364,1,1.1457,741.247
7365,1,0.469577,741.366
7366,1,-0.220426,741.388
7367,1,-0.902763,741.308
7368,1,-1.55322,741.126
7369,1,-2.14943,740.852
7370,1,-2.67513,740.504
7371,1,-3.12203,740.103
7372,1,-3.48911,739.669
7373,1,-3.78035,739.218
7374,1,-4.0025,738.762
7375,1,-4.16328,738.312
7376,1,-4.27038,737.873
7377,1,-4.3309,737.45
7378,1,-4.35114,737.044
7379,1,-4.33659,736.658
7380,1,-4.29198,736.292
7381,1,-4.22132,735.947
7382,1,-4.12808,735.623
7383,1,-4.0152,735.319
7384,1,-3.88522,735.034
7385,1,-3.7403,734.769
7386,1,-3.58233,734.523
7387,1,-3.41295,734.295
7388,1,-3.23359,734.085
7389,1,-3.04549,733.893
7390,1,-2.84976,733.717
7391,1,-2.64739,733.557
7392,1,-2.43922,733.413
7393,1,-2.22605,733.284
7394,1,-2.00857,733.17
7395,1,-1.78741,733.071
7396,1,-1.56313,732.985
7397,1,-1.33626,732.914
7398,1,-1.10727,732.856
7399,1,-0.876599,732.81
7400,1,-0.64464,732.778
7401,1,-0.411766,732.758
7402,1,-0.178325,732.75
7403,1,0.0553611,732.754
7404,1,0.28899,732.77
7405,1,0.522277,732.797
7406,1,0.754951,732.835
7407,1,0.986756,732.885
7408,1,1.21745,732.945
7409,1,1.44679,733.016
7410,1,1.67455,733.098
7411,1,1.90052,733.19
7412,1,2.12449,733.292
7413,1,2.34623,733.404
7414,1,2.56556,733.526
7415,1,2.78227,733.658
7416,1,2.99615,733.799
7417,1,3.20702,733.95
7418,1,3.41468,734.111
7419,1,3.61893,734.281
7420,1,3.81957,734.461
7421,1,4.0164,734.649
7422,1,4.20923,734.847
7423,1,4.39783,735.054
7424,1,4.58202,735.27
7425,1,4.76157,735.495
7426,1,4.93626,735.729
7427,1,5.10587,735.971
7428,1,5.27015,736.223
7429,1,5.42888,736.483
7430,1,5.5818,736.752
7431,1,5.72864,737.029
7432,1,5.86913,737.316
7433,1,6.00299,737.61
7434,1,6.12991,737.914
7435,1,6.24958,738.226
7436,1,6.36166,738.546
7437,1,6.46579,738.875
7438,1,6.56161,739.212
7439,1,6.6487,739.558
7440,1,6.72665,739.911
7441,1,6.79499,740.274
7442,1,6.85325,740.644
7443,1,6.90088,741.023
7444,1,6.93734,741.409
7445,1,6.962,741.804
7446,1,6.97422,742.207
7447,1,6.97326,742.617
7448,1,6.95836,743.035
7449,1,6.92867,743.46
7450,1,6.88326,743.893
7451,1,6.8211,744.332
7452,1,6.74109,744.778
7453,1,6.64198,745.23
7454,1,6.52244,745.687
7455,1,6.38095,746.149
7456,1,6.21586,746.615
7457,1,6.02533,747.084
7458,1,5.80735,747.555
7459,1,5.55967,748.025
7460,1,5.27986,748.493
7461,1,4.96527,748.955
7462,1,4.61308,749.409
7463,1,4.22039,749.85
7464,1,3.78438,750.272
7465,1,3.30257,750.667
7466,1,2.77335,751.028
7467,1,2.19672,751.341
7468,1,1.57541,751.595
7469,1,0.916297,751.774
7470,1,0.231776,751.865
7471,1,-0.459759,751.856
7472,1,-1.13524,751.743
7473,1,-1.77056,751.531
7474,1,-2.34528,751.233
7475,1,-2.84611,750.869
7476,1,-3.2677,750.458
7477,1,-3.61111,750.021
7478,1,-3.88151,749.571
7479,1,-4.08603,749.12
7480,1,-4.23234,748.676
7481,1,-4.32783,748.245
7482,1,-4.37922,747.829
7483,1,-4.39245,747.432
7484,1,-4.37264,747.054
7485,1,-4.3242,746.696
7486,1,-4.25091,746.359
7487,1,-4.15599,746.041
7488,1,-4.04222,745.743
7489,1,-3.91197,745.465
7490,1,-3.7673,745.205
7491,1,-3.61,744.964
7492,1,-3.4416,744.741
7493,1,-3.26349,744.536
7494,1,-3.07684,744.347
7495,1,-2.88271,744.174
7496,1,-2.68205,744.018
7497,1,-2.47568,743.877
7498,1,-2.26435,743.751
7499,1,-2.04875,743.639
7500,1,-1.82947,743.542
7501,1,-1.60708,743.459
7502,1,-1.38207,743.389
7503,1,-1.15491,743.333
7504,1,-0.926025,743.289
7505,1,-0.695804,743.258
7506,1,-0.464614,743.239
7507,1,-0.232793,743.232
7508,1,-0.00066109,743.237
7509,1,0.231484,743.254
7510,1,0.463361,743.282
7511,1,0.694702,743.321
7512,1,0.925252,743.371
7513,1,1.15477,743.432
7514,1,1.38301,743.504
7515,1,1.60977,743.586
7516,1,1.83481,743.678
7517,1,2.05792,743.781
7518,1,2.2789,743.893
7519,1,2.49754,744.016
7520,1,2.71364,744.148
7521,1,2.927,744.29
7522,1,3.13743,744.442
7523,1,3.34471,744.603
7524,1,3.54867,744.774
7525,1,3.74908,744.953
7526,1,3.94577,745.143
7527,1,4.13851,745.341
7528,1,4.32711,745.548
7529,1,4.51134,745.765
7530,1,4.691,745.99
7531,1,4.86586,746.225
7532,1,5.03569,746.468
7533,1,5.20025,746.721
7534,1,5.3593,746.982
7535,1,5.51258,747.252
7536,1,5.65982,747.53
7537,1,5.80074,747.818
7538,1,5.93506,748.114
7539,1,6.06245,748.418
7540,1,6.1826,748.732
7541,1,6.29517,749.054
7542,1,6.39979,749.384
7543,1,6.49607,749.723
7544,1,6.58361,750.07
7545,1,6.66196,750.426
7546,1,6.73067,750.791
7547,1,6.78921,751.164
7548,1,6.83706,751.545
7549,1,6.87363,751.934
7550,1,6.89828,752.331
7551,1,6.91035,752.737
7552,1,6.90908,753.15
7553,1,6.89366,753.571
7554,1,6.86322,754
7555,1,6.81679,754.436
7556,1,6.75331,754.879
7557,1,6.67161,755.329
7558,1,6.5704,755.785
7559,1,6.44827,756.246
7560,1,6.30365,756.712
7561,1,6.13479,757.182
7562,1,5.93977,757.655
7563,1,5.71646,758.129
7564,1,5.46251,758.603
7565,1,5.17537,759.074
7566,1,4.85226,759.539
7567,1,4.49026,759.994
7568,1,4.0864,760.435
7569,1,3.63782,760.855
7570,1,3.14221,761.246
7571,1,2.59831,761.598
7572,1,2.00683,761.9
7573,1,1.37173,762.137
7574,1,0.70167,762.294
7575,1,0.0111946,762.358
7576,1,-0.67932,762.319
7577,1,-1.34588,762.177
7578,1,-1.96513,761.939
7579,1,-2.51891,761.622
7580,1,-2.99676,761.245
7581,1,-3.39577,760.828
7582,1,-3.71862,760.389
7583,1,-3.97125,759.942
7584,1,-4.16096,759.496
7585,1,-4.29528,759.059
7586,1,-4.3813,758.634
7587,1,-4.42536,758.227
7588,1,-4.43307,757.837
7589,1,-4.40923,757.466
7590,1,-4.35799,757.116
7591,1,-4.28291,756.784
7592,1,-4.187,756.473
7593,1,-4.07291,756.181
7594,1,-3.94286,755.908
7595,1,-3.79883,755.653
7596,1,-3.64249,755.417
7597,1,-3.47533,755.198
7598,1,-3.29866,754.996
7599,1,-3.11361,754.811
7600,1,-2.9212,754.641
7601,1,-2.72234,754.488
7602,1,-2.51783,754.349
7603,1,-2.30839,754.226
7604,1,-2.09468,754.116
7605,1,-1.87729,754.021
7606,1,-1.65676,753.94
7607,1,-1.43359,753.871
7608,1,-1.20823,753.816
7609,1,-0.98108,753.774
7610,1,-0.752544,753.744
7611,1,-0.522975,753.726
7612,1,-0.292707,753.72
7613,1,-0.0620545,753.726
7614,1,0.168687,753.743
7615,1,0.399237,753.772
7616,1,0.629332,753.812
7617,1,0.858717,753.862
7618,1,1.08715,753.924
7619,1,1.3144,753.996
7620,1,1.54024,754.078
7621,1,1.76445,754.171
7622,1,1.98682,754.274
7623,1,2.20713,754.387
7624,1,2.42519,754.509
7625,1,2.6408,754.642
7626,1,2.85374,754.784
7627,1,3.06382,754.936
7628,1,3.27085,755.098
7629,1,3.47462,755.269
7630,1,3.67492,755.449
7631,1,3.87157,755.638
7632,1,4.06434,755.837
7633,1,4.25303,756.045
7634,1,4.43743,756.262
7635,1,4.61731,756.488
7636,1,4.79245,756.724
7637,1,4.96261,756.968
7638,1,5.12756,757.221
7639,1,5.28703,757.483
7640,1,5.44078,757.753
7641,1,5.58852,758.033
7642,1,5.72998,758.322
7643,1,5.86485,758.619
7644,1,5.99282,758.925
7645,1,6.11356,759.24
7646,1,6.22671,759.563
7647,1,6.3319,759.895
7648,1,6.42874,760.236
7649,1,6.51681,760.586
7650,1,6.59565,760.944
7651,1,6.66479,761.31
7652,1,6.72369,761.685
7653,1,6.77182,762.069
7654,1,6.80855,762.461
7655,1,6.83325,762.861
7656,1,6.84519,763.27
7657,1,6.84363,763.686
7658,1,6.82771,764.111
7659,1,6.79651,764.543
7660,1,6.74904,764.983
7661,1,6.68418,765.429
7662,1,6.60071,765.883
7663,1,6.4973,766.343
7664,1,6.37245,766.808
7665,1,6.22452,767.279
7666,1,6.05167,767.753
7667,1,5.85188,768.23
7668,1,5.62291,768.708
7669,1,5.3623,769.185
7670,1,5.06736,769.659
7671,1,4.73519,770.126
7672,1,4.36277,770.582
7673,1,3.94705,771.023
7674,1,3.48522,771.44
7675,1,2.97515,771.825
7676,1,2.41607,772.168
7677,1,1.80958,772.456
7678,1,1.16111,772.673
7679,1,0.481297,772.806
7680,1,-0.213093,772.842
7681,1,-0.899951,772.773
7682,1,-1.55492,772.602
7683,1,-2.15603,772.34
7684,1,-2.68774,772.005
7685,1,-3.1424,771.618
7686,1,-3.51927,771.196
7687,1,-3.82235,770.758
7688,1,-4.05809,770.314
7689,1,-4.23385,769.873
7690,1,-4.35693,769.443
7691,1,-4.43409,769.026
7692,1,-4.47133,768.626
7693,1,-4.47391,768.244
7694,1,-4.44635,767.88
7695,1,-4.39255,767.536
7696,1,-4.31583,767.212
7697,1,-4.21907,766.906
7698,1,-4.10473,766.62
7699,1,-3.97495,766.352
7700,1,-3.83158,766.102
7701,1,-3.67623,765.87
7702,1,-3.51032,765.655
7703,1,-3.33508,765.457
7704,1,-3.15162,765.275
7705,1,-2.96091,765.109
7706,1,-2.76382,764.958
7707,1,-2.56113,764.822
7708,1,-2.35355,764.701
7709,1,-2.14171,764.594
7710,1,-1.92618,764.5
7711,1,-1.70749,764.421
7712,1,-1.48612,764.354
7713,1,-1.26251,764.3
7714,1,-1.03708,764.259
7715,1,-0.810199,764.23
7716,1,-0.582221,764.213
7717,1,-0.353477,764.208
7718,1,-0.124276,764.215
7719,1,0.105088,764.233
7720,1,0.334339,764.262
7721,1,0.563213,764.302
7722,1,0.79146,764.354
7723,1,1.01884,764.415
7724,1,1.24511,764.488
7725,1,1.47006,764.571
7726,1,1.69347,764.664
7727,1,1.91511,764.767
7728,1,2.13479,764.88
7729,1,2.35229,765.003
7730,1,2.56742,765.136
7731,1,2.77997,765.279
7732,1,2.98974,765.431
7733,1,3.19653,765.593
7734,1,3.40014,765.764
7735,1,3.60036,765.945
7736,1,3.79699,766.135
7737,1,3.98983,766.334
7738,1,4.17864,766.542
7739,1,4.36323,766.76
7740,1,4.54336,766.987
7741,1,4.71881,767.222
7742,1,4.88934,767.467
7743,1,5.0547,767.721
7744,1,5.21464,767.984
7745,1,5.36889,768.256
7746,1,5.51718,768.536
7747,1,5.6592,768.826
7748,1,5.79467,769.124
7749,1,5.92326,769.432
7750,1,6.04462,769.748
7751,1,6.1584,770.073
7752,1,6.26421,770.407
7753,1,6.36166,770.749
7754,1,6.4503,771.101
7755,1,6.52968,771.461
7756,1,6.59929,771.83
7757,1,6.65861,772.207
7758,1,6.70706,772.593
7759,1,6.74401,772.988
7760,1,6.76879,773.391
7761,1,6.78067,773.803
7762,1,6.77885,774.222
7763,1,6.76247,774.65
7764,1,6.73055,775.086
7765,1,6.68207,775.529
7766,1,6.61586,775.98
7767,1,6.53065,776.437
7768,1,6.42504,776.901
7769,1,6.29746,777.371
7770,1,6.14619,777.845
7771,1,5.96931,778.324
7772,1,5.76468,778.805
7773,1,5.52996,779.286
7774,1,5.26255,779.767
7775,1,4.95964,780.244
7776,1,4.61822,780.713
7777,1,4.23514,781.17
7778,1,3.80733,781.609
7779,1,3.33206,782.023
7780,1,2.80745,782.402
7781,1,2.23333,782.735
7782,1,1.61238,783.007
7783,1,0.95163,783.204
7784,1,0.26384,783.312
7785,1,-0.432119,783.319
7786,1,-1.11283,783.221
7787,1,-1.75421,783.023
7788,1,-2.33616,782.74
7789,1,-2.84589,782.391
7790,1,-3.27831,781.995
7791,1,-3.63451,781.571
7792,1,-3.91943,781.133
7793,1,-4.13986,780.693
7794,1,-4.30309,780.259
7795,1,-4.41616,779.835
7796,1,-4.48549,779.425
7797,1,-4.51676,779.033
7798,1,-4.51491,778.658
7799,1,-4.4842,778.301
7800,1,-4.42828,777.964
7801,1,-4.3503,777.645
7802,1,-4.25297,777.346
7803,1,-4.13863,777.065
7804,1,-4.00929,776.802
7805,1,-3.86672,776.557
7806,1,-3.71247,776.329
7807,1,-3.54787,776.117
7808,1,-3.37412,775.923
7809,1,-3.19228,775.744
7810,1,-3.00329,775.581
7811,1,-2.80798,775.432
7812,1,-2.60712,775.299
7813,1,-2.40138,775.18
7814,1,-2.19138,775.074
7815,1,-1.97768,774.983
7816,1,-1.76079,774.905
7817,1,-1.54119,774.839
7818,1,-1.31931,774.787
7819,1,-1.09554,774.747
7820,1,-0.870265,774.719
7821,1,-0.64383,774.703
7822,1,-0.416559,774.699
7823,1,-0.188758,774.706
7824,1,0.0392821,774.725
7825,1,0.267288,774.755
7826,1,0.494998,774.795
7827,1,0.722162,774.847
7828,1,0.948539,774.909
7829,1,1.1739,774.982
7830,1,1.39802,775.065
7831,1,1.62067,775.158
7832,1,1.84165,775.262
7833,1,2.06075,775.375
7834,1,2.27776,775.499
7835,1,2.49247,775.632
7836,1,2.70468,775.775
7837,1,2.9142,775.927
7838,1,3.12081,776.089
7839,1,3.32432,776.261
7840,1,3.52451,776.442
7841,1,3.72119,776.632
7842,1,3.91414,776.832
7843,1,4.10314,777.041
7844,1,4.28797,777.259
7845,1,4.46841,777.486
7846,1,4.64423,777.723
7847,1,4.81518,777.968
7848,1,4.98101,778.223
7849,1,5.14147,778.487
7850,1,5.29628,778.759
7851,1,5.44516,779.041
7852,1,5.58781,779.332
7853,1,5.72393,779.632
7854,1,5.85318,779.94
7855,1,5.97522,780.258
7856,1,6.08968,780.584
7857,1,6.19616,780.92
7858,1,6.29426,781.264
7859,1,6.38352,781.618
7860,1,6.46347,781.98
7861,1,6.5336,782.351
7862,1,6.59336,782.731
7863,1,6.64216,783.12
7864,1,6.67934,783.517
7865,1,6.70423,783.923
7866,1,6.71604,784.338
7867,1,6.71397,784.76
7868,1,6.69711,785.192
7869,1,6.66445,785.631
7870,1,6.61492,786.078
7871,1,6.5473,786.532
7872,1,6.46027,786.994
7873,1,6.35235,787.462
7874,1,6.22192,787.936
7875,1,6.06714,788.415
7876,1,5.88601,788.897
7877,1,5.6763,789.382
7878,1,5.43552,789.868
7879,1,5.16096,790.352
7880,1,4.84967,790.831
7881,1,4.49851,791.302
7882,1,4.10426,791.76
7883,1,3.66382,792.197
7884,1,3.17459,792.607
7885,1,2.63506,792.979
7886,1,2.04581,793.299
7887,1,1.41078,793.555
7888,1,0.738842,793.73
7889,1,0.0449323,793.811
7890,1,-0.650139,793.789
7891,1,-1.32216,793.662
7892,1,-1.94792,793.44
7893,1,-2.50967,793.138
7894,1,-2.99734,792.776
7895,1,-3.40818,792.374
7896,1,-3.74477,791.948
7897,1,-4.01273,791.513
7898,1,-4.21903,791.078
7899,1,-4.37079,790.65
7900,1,-4.47478,790.233
7901,1,-4.53708,789.83
7902,1,-4.56303,789.444
7903,1,-4.5573,789.076
7904,1,-4.52387,788.727
7905,1,-4.46622,788.396
7906,1,-4.38728,788.083
7907,1,-4.28964,787.789
7908,1,-4.1755,787.513
7909,1,-4.04678,787.255
7910,1,-3.90516,787.014
7911,1,-3.75211,786.79
7912,1,-3.58893,786.583
7913,1,-3.41676,786.392
7914,1,-3.23661,786.216
7915,1,-3.04938,786.055
7916,1,-2.8559,785.909
7917,1,-2.6569,785.778
7918,1,-2.45303,785.661
7919,1,-2.24489,785.558
7920,1,-2.03303,785.468
7921,1,-1.81796,785.391
7922,1,-1.60012,785.327
7923,1,-1.37996,785.276
7924,1,-1.15785,785.236
7925,1,-0.934173,785.209
7926,1,-0.709266,785.194
7927,1,-0.48345,785.191
7928,1,-0.257029,785.199
7929,1,-0.0302878,785.218
7930,1,0.1965,785.248
7931,1,0.423075,785.29
7932,1,0.649188,785.342
7933,1,0.874601,785.404
7934,1,1.09908,785.477
7935,1,1.32241,785.56
7936,1,1.54436,785.654
7937,1,1.76472,785.758
7938,1,1.98328,785.871
7939,1,2.19984,785.995
7940,1,2.41419,786.128
7941,1,2.62613,786.271
7942,1,2.83544,786.424
7943,1,3.04194,786.587
7944,1,3.24541,786.758
7945,1,3.44564,786.94
7946,1,3.64244,787.13
7947,1,3.83557,787.33
7948,1,4.02483,787.54
7949,1,4.20999,787.758
7950,1,4.39082,787.986
7951,1,4.56708,788.223
7952,1,4.73854,788.469
7953,1,4.90493,788.725
7954,1,5.066,788.989
7955,1,5.22146,789.263
7956,1,5.37103,789.546
7957,1,5.51441,789.838
7958,1,5.65128,790.138
7959,1,5.7813,790.448
7960,1,5.90412,790.767
7961,1,6.01936,791.096
7962,1,6.12662,791.433
7963,1,6.22548,791.779
7964,1,6.31547,792.134
7965,1,6.39611,792.499
7966,1,6.46687,792.872
7967,1,6.52719,793.254
7968,1,6.57645,793.645
7969,1,6.61399,794.045
7970,1,6.63909,794.454
7971,1,6.65096,794.872
7972,1,6.64875,795.298
7973,1,6.63151,795.733
7974,1,6.59821,796.176
7975,1,6.54771,796.626
7976,1,6.47877,797.085
7977,1,6.38999,797.55
7978,1,6.27982,798.023
7979,1,6.14656,798.501
7980,1,5.98829,798.984
7981,1,5.80291,799.471
7982,1,5.58806,799.96
7983,1,5.34114,800.449
7984,1,5.0593,800.937
7985,1,4.73946,801.419
7986,1,4.37836,801.891
7987,1,3.9727,802.349
7988,1,3.51941,802.784
7989,1,3.01605,803.189
7990,1,2.46162,803.552
7991,1,1.85755,803.86
7992,1,1.20926,804.097
7993,1,0.527578,804.249
7994,1,-0.17038,804.303
7995,1,-0.862189,804.252
7996,1,-1.5234,804.098
7997,1,-2.13225,803.853
7998,1,-2.67348,803.534
7999,1,-3.13968,803.163
8000,1,-3.53008,802.756
8001,1,-3.84842,802.331
8002,1,-4.1008,801.899
8003,1,-4.29421,801.469
8004,1,-4.4356,801.046
8005,1,-4.5314,800.636
8006,1,-4.58739,800.241
8007,1,-4.60861,799.862
8008,1,-4.59944,799.501
8009,1,-4.56367,799.158
8010,1,-4.50454,798.833
8011,1,-4.42485,798.526
8012,1,-4.32704,798.237
8013,1,-4.21319,797.966
8014,1,-4.08515,797.713
8015,1,-3.94451,797.476
8016,1,-3.79269,797.256
8017,1,-3.63091,797.052
8018,1,-3.46028,796.863
8019,1,-3.28178,796.691
8020,1,-3.09628,796.533
8021,1,-2.90458,796.389
8022,1,-2.70737,796.26
8023,1,-2.5053,796.145
8024,1,-2.29896,796.043
8025,1,-2.08887,795.955
8026,1,-1.87554,795.88
8027,1,-1.6594,795.817
8028,1,-1.44088,795.767
8029,1,-1.22036,795.729
8030,1,-0.998209,795.703
8031,1,-0.774759,795.688
8032,1,-0.550328,795.686
8033,1,-0.325217,795.694
8034,1,-0.0997088,795.714
8035,1,0.125926,795.745
8036,1,0.35143,795.786
8037,1,0.576555,795.839
8038,1,0.801064,795.902
8039,1,1.02472,795.975
8040,1,1.24731,796.059
8041,1,1.46861,796.153
8042,1,1.68841,796.257
8043,1,1.90649,796.37
8044,1,2.12265,796.494
8045,1,2.33668,796.628
8046,1,2.54837,796.771
8047,1,2.75753,796.924
8048,1,2.96395,797.087
8049,1,3.16741,797.259
8050,1,3.36772,797.441
8051,1,3.56465,797.632
8052,1,3.75799,797.832
8053,1,3.94753,798.042
8054,1,4.13303,798.261
8055,1,4.31427,798.49
8056,1,4.49099,798.728
8057,1,4.66296,798.974
8058,1,4.82992,799.231
8059,1,4.99159,799.496
8060,1,5.1477,799.771
8061,1,5.29796,800.055
8062,1,5.44204,800.348
8063,1,5.57964,800.65
8064,1,5.7104,800.961
8065,1,5.83397,801.282
8066,1,5.94996,801.612
8067,1,6.05795,801.951
8068,1,6.15751,802.299
8069,1,6.24817,802.656
8070,1,6.32942,803.023
8071,1,6.40073,803.398
8072,1,6.4615,803.783
8073,1,6.51111,804.177
8074,1,6.54888,804.58
8075,1,6.57404,804.992
8076,1,6.5858,805.413
8077,1,6.58325,805.842
8078,1,6.56542,806.281
8079,1,6.53124,806.727
8080,1,6.47951,807.182
8081,1,6.40892,807.644
8082,1,6.31803,808.114
8083,1,6.2052,808.591
8084,1,6.06866,809.073
8085,1,5.90638,809.561
8086,1,5.71614,810.052
8087,1,5.49547,810.545
8088,1,5.24163,811.038
8089,1,4.95163,811.529
8090,1,4.62226,812.013
8091,1,4.25014,812.487
8092,1,3.83191,812.943
8093,1,3.36458,813.376
8094,1,2.84598,813.774
8095,1,2.27574,814.127
8096,1,1.65643,814.419
8097,1,0.995188,814.635
8098,1,0.305043,814.761
8099,1,-0.394735,814.786
8100,1,-1.08047,814.705
8101,1,-1.72809,814.524
8102,1,-2.31784,814.257
8103,1,-2.83724,813.924
8104,1,-3.28137,813.544
8105,1,-3.65123,813.134
8106,1,-3.95148,812.71
8107,1,-4.18855,812.281
8108,1,-4.36935,811.857
8109,1,-4.50057,811.441
8110,1,-4.58836,811.038
8111,1,-4.63815,810.649
8112,1,-4.6547,810.278
8113,1,-4.64213,809.923
8114,1,-4.60399,809.586
8115,1,-4.54336,809.268
8116,1,-4.46287,808.966
8117,1,-4.36482,808.683
8118,1,-4.2512,808.417
8119,1,-4.12377,808.168
8120,1,-3.98403,807.935
8121,1,-3.83335,807.719
8122,1,-3.6729,807.519
8123,1,-3.50375,807.334
8124,1,-3.32683,807.164
8125,1,-3.14299,807.009
8126,1,-2.95299,806.868
8127,1,-2.75751,806.741
8128,1,-2.55719,806.628
8129,1,-2.35259,806.528
8130,1,-2.14423,806.441
8131,1,-1.93259,806.367
8132,1,-1.71811,806.306
8133,1,-1.5012,806.257
8134,1,-1.28224,806.22
8135,1,-1.06158,806.195
8136,1,-0.839558,806.182
8137,1,-0.616488,806.18
8138,1,-0.392665,806.189
8139,1,-0.168369,806.21
8140,1,0.0561304,806.241
8141,1,0.280578,806.283
8142,1,0.504728,806.336
8143,1,0.728343,806.399
8144,1,0.951193,806.473
8145,1,1.17305,806.557
8146,1,1.39371,806.651
8147,1,1.61294,806.755
8148,1,1.83054,806.87
8149,1,2.0463,806.994
8150,1,2.26002,807.128
8151,1,2.47148,807.271
8152,1,2.68048,807.425
8153,1,2.88682,807.588
8154,1,3.09028,807.76
8155,1,3.29065,807.942
8156,1,3.48773,808.134
8157,1,3.68129,808.335
8158,1,3.8711,808.545
8159,1,4.05695,808.765
8160,1,4.23858,808.994
8161,1,4.41577,809.233
8162,1,4.58826,809.48
8163,1,4.75578,809.737
8164,1,4.91806,810.004
8165,1,5.07482,810.279
8166,1,5.22575,810.564
8167,1,5.37055,810.859
8168,1,5.50888,811.162
8169,1,5.64039,811.475
8170,1,5.76471,811.797
8171,1,5.88144,812.129
8172,1,5.99016,812.469
8173,1,6.09043,812.82
8174,1,6.18176,813.179
8175,1,6.26362,813.548
8176,1,6.33547,813.926
8177,1,6.39671,814.313
8178,1,6.44667,814.71
8179,1,6.48464,815.116
8180,1,6.50987,815.531
8181,1,6.52149,815.955
8182,1,6.51858,816.388
8183,1,6.50013,816.83
8184,1,6.46502,817.28
8185,1,6.412,817.739
8186,1,6.33971,818.206
8187,1,6.24662,818.68
8188,1,6.13103,819.161
8189,1,5.99105,819.648
8190,1,5.82459,820.139
8191,1,5.62929,820.635
8192,1,5.40255,821.132
8193,1,5.1415,821.629
8194,1,4.843,822.123
8195,1,4.50369,822.609
8196,1,4.12011,823.083
8197,1,3.68889,823.539
8198,1,3.20712,823.967
8199,1,2.67304,824.358
8200,1,2.08705,824.698
8201,1,1.45307,824.973
8202,1,0.78012,825.167
8203,1,0.0835086,825.266
8204,1,-0.615576,825.261
8205,1,-1.29275,825.151
8206,1,-1.92495,824.945
8207,1,-2.49479,824.659
8208,1,-2.99251,824.314
8209,1,-3.41544,823.927
8210,1,-3.766,823.516
8211,1,-4.04949,823.094
8212,1,-4.27251,822.67
8213,1,-4.44183,822.25
8214,1,-4.56387,821.841
8215,1,-4.64446,821.445
8216,1,-4.68872,821.063
8217,1,-4.70115,820.698
8218,1,-4.68562,820.351
8219,1,-4.64548,820.02
8220,1,-4.58362,819.707
8221,1,-4.50255,819.411
8222,1,-4.40444,819.133
8223,1,-4.29119,818.872
8224,1,-4.16447,818.627
8225,1,-4.02572,818.399
8226,1,-3.87623,818.186
8227,1,-3.71715,817.989
8228,1,-3.54949,817.807
8229,1,-3.37416,817.64
8230,1,-3.19198,817.487
8231,1,-3.00367,817.349
8232,1,-2.80992,817.224
8233,1,-2.61133,817.113
8234,1,-2.40844,817.015
8235,1,-2.20177,816.93
8236,1,-1.99179,816.857
8237,1,-1.77893,816.797
8238,1,-1.56358,816.75
8239,1,-1.34613,816.714
8240,1,-1.12692,816.69
8241,1,-0.906284,816.677
8242,1,-0.684526,816.676
8243,1,-0.461942,816.686
8244,1,-0.23881,816.707
8245,1,-0.0153944,816.739
8246,1,0.208049,816.781
8247,1,0.431276,816.834
8248,1,0.65405,816.898
8249,1,0.876142,816.972
8250,1,1.09733,817.056
8251,1,1.31739,817.151
8252,1,1.53612,817.255
8253,1,1.75329,817.37
8254,1,1.96871,817.494
8255,1,2.18217,817.628
8256,1,2.39345,817.772
8257,1,2.60235,817.926
8258,1,2.80866,818.089
8259,1,3.01218,818.262
8260,1,3.21268,818.445
8261,1,3.40996,818.637
8262,1,3.60379,818.838
8263,1,3.79394,819.049
8264,1,3.98019,819.269
8265,1,4.16229,819.499
8266,1,4.34,819.738
8267,1,4.51307,819.987
8268,1,4.68121,820.245
8269,1,4.84417,820.512
8270,1,5.00164,820.788
8271,1,5.15333,821.075
8272,1,5.2989,821.37
8273,1,5.43803,821.675
8274,1,5.57036,821.989
8275,1,5.69549,822.313
8276,1,5.81304,822.646
8277,1,5.92257,822.989
8278,1,6.02361,823.341
8279,1,6.11567,823.702
8280,1,6.19822,824.073
8281,1,6.27069,824.454
8282,1,6.33244,824.844
8283,1,6.38282,825.243
8284,1,6.42107,825.652
8285,1,6.44641,826.07
8286,1,6.45796,826.497
8287,1,6.45475,826.934
8288,1,6.43573,827.379
8289,1,6.39973,827.834
8290,1,6.34546,828.296
8291,1,6.27147,828.767
8292,1,6.17619,829.246
8293,1,6.05782,829.731
8294,1,5.9144,830.222
8295,1,5.74369,830.718
8296,1,5.54325,831.218
8297,1,5.31033,831.719
8298,1,5.04191,832.22
8299,1,4.73473,832.716
8300,1,4.38528,833.204
8301,1,3.99002,833.679
8302,1,3.54558,834.132
8303,1,3.04926,834.556
8304,1,2.49977,834.938
8305,1,1.89846,835.266
8306,1,1.25075,835.522
8307,1,0.567723,835.693
8308,1,-0.133133,835.764
8309,1,-0.82907,835.73
8310,1,-1.49559,835.593
8311,1,-2.1112,835.365
8312,1,-2.66101,835.063
8313,1,-3.13783,834.707
8314,1,-3.54088,834.316
8315,1,-3.87368,833.905
8316,1,-4.14198,833.485
8317,1,-4.35239,833.066
8318,1,-4.51149,832.652
8319,1,-4.62544,832.249
8320,1,-4.69974,831.86
8321,1,-4.73925,831.485
8322,1,-4.74819,831.127
8323,1,-4.73023,830.785
8324,1,-4.68852,830.46
8325,1,-4.62581,830.153
8326,1,-4.54446,829.863
8327,1,-4.44655,829.589
8328,1,-4.33388,829.332
8329,1,-4.20804,829.091
8330,1,-4.07042,828.867
8331,1,-3.92225,828.658
8332,1,-3.76464,828.464
8333,1,-3.59856,828.285
8334,1,-3.42489,828.12
8335,1,-3.24441,827.97
8336,1,-3.05785,827.834
8337,1,-2.86586,827.711
8338,1,-2.66901,827.601
8339,1,-2.46786,827.505
8340,1,-2.2629,827.421
8341,1,-2.05458,827.35
8342,1,-1.84334,827.291
8343,1,-1.62956,827.244
8344,1,-1.41362,827.209
8345,1,-1.19585,827.186
8346,1,-0.976582,827.174
8347,1,-0.756122,827.173
8348,1,-0.534759,827.184
8349,1,-0.312768,827.205
8350,1,-0.0904141,827.237
8351,1,0.132051,827.28
8352,1,0.354384,827.334
8353,1,0.576348,827.398
8354,1,0.797716,827.472
8355,1,1.01827,827.556
8356,1,1.23778,827.651
8357,1,1.45604,827.756
8358,1,1.67283,827.87
8359,1,1.88796,827.995
8360,1,2.1012,828.129
8361,1,2.31236,828.273
8362,1,2.52121,828.427
8363,1,2.72756,828.591
8364,1,2.93119,828.764
8365,1,3.13189,828.946
8366,1,3.32944,829.139
8367,1,3.52361,829.34
8368,1,3.71418,829.552
8369,1,3.90091,829.772
8370,1,4.08356,830.002
8371,1,4.26188,830.242
8372,1,4.43562,830.491
8373,1,4.60449,830.75
8374,1,4.76822,831.018
8375,1,4.92652,831.295
8376,1,5.07906,831.582
8377,1,5.22554,831.879
8378,1,5.36559,832.185
8379,1,5.49886,832.501
8380,1,5.62495,832.826
8381,1,5.74346,833.16
8382,1,5.85393,833.505
8383,1,5.95591,833.859
8384,1,6.04887,834.222
8385,1,6.13228,834.595
8386,1,6.20554,834.978
8387,1,6.26801,835.37
8388,1,6.31899,835.772
8389,1,6.35774,836.184
8390,1,6.38341,836.605
8391,1,6.39511,837.036
8392,1,6.39183,837.476
8393,1,6.37248,837.925
8394,1,6.33584,838.383
8395,1,6.28057,838.849
8396,1,6.20517,839.324
8397,1,6.10797,839.807
8398,1,5.98711,840.296
8399,1,5.84052,840.792
8400,1,5.66587,841.293
8401,1,5.46058,841.797
8402,1,5.22178,842.302
8403,1,4.9463,842.806
8404,1,4.63074,843.305
8405,1,4.27148,843.795
8406,1,3.8649,844.269
8407,1,3.40768,844.721
8408,1,2.89738,845.139
8409,1,2.33329,845.513
8410,1,1.71779,845.826
8411,1,1.05795,846.065
8412,1,0.366889,846.212
8413,1,-0.335947,846.257
8414,1,-1.02674,846.196
8415,1,-1.68143,846.035
8416,1,-2.28039,845.788
8417,1,-2.81122,845.473
8418,1,-3.26894,845.11
8419,1,-3.65428,844.717
8420,1,-3.97153,844.306
8421,1,-4.22671,843.89
8422,1,-4.42637,843.475
8423,1,-4.57688,843.068
8424,1,-4.6841,842.671
8425,1,-4.75328,842.288
8426,1,-4.789,841.919
8427,1,-4.79527,841.567
8428,1,-4.77554,841.231
8429,1,-4.73283,840.912
8430,1,-4.66971,840.609
8431,1,-4.58847,840.324
8432,1,-4.49107,840.055
8433,1,-4.37923,839.802
8434,1,-4.25448,839.565
8435,1,-4.11815,839.343
8436,1,-3.97144,839.137
8437,1,-3.81539,838.946
8438,1,-3.65096,838.77
8439,1,-3.479,838.608
8440,1,-3.30028,838.459
8441,1,-3.11548,838.325
8442,1,-2.92524,838.204
8443,1,-2.73014,838.096
8444,1,-2.53071,838.001
8445,1,-2.32743,837.918
8446,1,-2.12074,837.848
8447,1,-1.91108,837.79
8448,1,-1.69881,837.744
8449,1,-1.48432,837.71
8450,1,-1.26793,837.687
8451,1,-1.04997,837.676
8452,1,-0.830745,837.676
8453,1,-0.610532,837.686
8454,1,-0.389611,837.708
8455,1,-0.168242,837.741
8456,1,0.0533219,837.784
8457,1,0.274839,837.838
8458,1,0.496075,837.902
8459,1,0.716802,837.976
8460,1,0.936796,838.061
8461,1,1.15584,838.155
8462,1,1.37372,838.26
8463,1,1.59022,838.375
8464,1,1.80513,838.499
8465,1,2.01825,838.634
8466,1,2.22936,838.778
8467,1,2.43826,838.932
8468,1,2.64473,839.096
8469,1,2.84856,839.269
8470,1,3.04953,839.452
8471,1,3.24743,839.644
8472,1,3.44202,839.846
8473,1,3.63308,840.058
8474,1,3.82037,840.279
8475,1,4.00365,840.51
8476,1,4.18265,840.75
8477,1,4.35712,841
8478,1,4.52679,841.259
8479,1,4.69135,841.528
8480,1,4.85053,841.807
8481,1,5.00399,842.095
8482,1,5.15141,842.392
8483,1,5.29243,842.7
8484,1,5.42668,843.017
8485,1,5.55376,843.343
8486,1,5.67325,843.68
8487,1,5.78469,844.026
8488,1,5.88761,844.381
8489,1,5.98147,844.747
8490,1,6.06572,845.122
8491,1,6.13974,845.508
8492,1,6.20288,845.903
8493,1,6.25442,846.307
8494,1,6.29358,846.722
8495,1,6.31949,847.146
8496,1,6.33122,847.58
8497,1,6.32772,848.024
8498,1,6.30787,848.477
8499,1,6.27038,848.939
8500,1,6.21386,849.409
8501,1,6.13673,849.888
8502,1,6.03727,850.375
8503,1,5.9135,850.87
8504,1,5.76325,851.37
8505,1,5.58408,851.875
8506,1,5.37328,852.383
8507,1,5.12783,852.892
8508,1,4.84441,853.4
8509,1,4.51947,853.901
8510,1,4.14928,854.392
8511,1,3.73018,854.866
8512,1,3.25895,855.314
8513,1,2.7335,855.726
8514,1,2.1539,856.088
8515,1,1.52384,856.386
8516,1,0.852242,856.603
8517,1,0.154454,856.724
8518,1,-0.548227,856.741
8519,1,-1.23134,856.653
8520,1,-1.87186,856.468
8521,1,-2.4524,856.203
8522,1,-2.96314,855.876
8523,1,-3.40117,855.507
8524,1,-3.76853,855.112
8525,1,-4.07015,854.703
8526,1,-4.31218,854.29
8527,1,-4.50106,853.88
8528,1,-4.64291,853.479
8529,1,-4.74333,853.089
8530,1,-4.80726,852.712
8531,1,-4.83906,852.35
8532,1,-4.84249,852.003
8533,1,-4.82083,851.673
8534,1,-4.77692,851.36
8535,1,-4.71323,851.062
8536,1,-4.63191,850.782
8537,1,-4.53483,850.517
8538,1,-4.42365,850.268
8539,1,-4.29981,850.035
8540,1,-4.16461,849.817
8541,1,-4.01918,849.615
8542,1,-3.86455,849.426
8543,1,-3.70162,849.253
8544,1,-3.53123,849.093
8545,1,-3.35411,848.947
8546,1,-3.17095,848.815
8547,1,-2.98235,848.696
8548,1,-2.78887,848.589
8549,1,-2.59104,848.496
8550,1,-2.38933,848.415
8551,1,-2.18418,848.346
8552,1,-1.976,848.289
8553,1,-1.76517,848.244
8554,1,-1.55204,848.211
8555,1,-1.33696,848.189
8556,1,-1.12024,848.178
8557,1,-0.902174,848.178
8558,1,-0.683052,848.19
8559,1,-0.463143,848.212
8560,1,-0.242709,848.245
8561,1,-0.0219987,848.289
8562,1,0.198746,848.343
8563,1,0.419291,848.407
8564,1,0.639408,848.482
8565,1,0.858876,848.567
8566,1,1.07747,848.662
8567,1,1.29499,848.767
8568,1,1.51121,848.882
8569,1,1.72593,849.007
8570,1,1.93892,849.141
8571,1,2.15,849.286
8572,1,2.35893,849.44
8573,1,2.56551,849.604
8574,1,2.76953,849.778
8575,1,2.97076,849.961
8576,1,3.16898,850.154
8577,1,3.36397,850.357
8578,1,3.55549,850.569
8579,1,3.7433,850.791
8580,1,3.92715,851.022
8581,1,4.10679,851.264
8582,1,4.28194,851.514
8583,1,4.45233,851.775
8584,1,4.61766,852.044
8585,1,4.77763,852.324
8586,1,4.93192,852.613
8587,1,5.08019,852.913
8588,1,5.22206,853.221
8589,1,5.35718,853.54
8590,1,5.48511,853.868
8591,1,5.60544,854.207
8592,1,5.7177,854.555
8593,1,5.82138,854.913
8594,1,5.91595,855.281
8595,1,6.00083,855.659
8596,1,6.07539,856.047
8597,1,6.13895,856.445
8598,1,6.19076,856.852
8599,1,6.23002,857.27
8600,1,6.25582,857.698
8601,1,6.2672,858.136
8602,1,6.26307,858.583
8603,1,6.24224,859.04
8604,1,6.20338,859.506
8605,1,6.14502,859.981
8606,1,6.06552,860.465
8607,1,5.96304,860.957
8608,1,5.83553,861.455
8609,1,5.6807,861.96
8610,1,5.49596,862.47
8611,1,5.27845,862.983
8612,1,5.02499,863.496
8613,1,4.73212,864.006
8614,1,4.39612,864.51
8615,1,4.01317,865.001
8616,1,3.5796,865.473
8617,1,3.0924,865.916
8618,1,2.54999,866.319
8619,1,1.95347,866.667
8620,1,1.30818,866.945
8621,1,0.625281,867.136
8622,1,-0.0775291,867.228
8623,1,-0.777314,867.214
8624,1,-1.44955,867.097
8625,1,-2.07287,866.887
8626,1,-2.63257,866.604
8627,1,-3.12145,866.266
8628,1,-3.53856,865.892
8629,1,-3.88709,865.495
8630,1,-4.17241,865.089
8631,1,-4.40076,864.68
8632,1,-4.57838,864.276
8633,1,-4.71114,863.881
8634,1,-4.80433,863.497
8635,1,-4.86263,863.127
8636,1,-4.89011,862.772
8637,1,-4.89033,862.432
8638,1,-4.86639,862.108
8639,1,-4.82096,861.8
8640,1,-4.75637,861.508
8641,1,-4.67467,861.233
8642,1,-4.57764,860.973
8643,1,-4.46684,860.728
8644,1,-4.34367,860.499
8645,1,-4.20936,860.285
8646,1,-4.065,860.086
8647,1,-3.91158,859.901
8648,1,-3.74998,859.731
8649,1,-3.58099,859.574
8650,1,-3.40532,859.43
8651,1,-3.22364,859.3
8652,1,-3.03655,859.183
8653,1,-2.84458,859.079
8654,1,-2.64825,858.987
8655,1,-2.44801,858.908
8656,1,-2.2443,858.84
8657,1,-2.03753,858.785
8658,1,-1.82805,858.741
8659,1,-1.61623,858.709
8660,1,-1.4024,858.688
8661,1,-1.18686,858.678
8662,1,-0.969916,858.679
8663,1,-0.751846,858.692
8664,1,-0.532918,858.715
8665,1,-0.313391,858.748
8666,1,-0.0935142,858.792
8667,1,0.126473,858.847
8668,1,0.346338,858.912
8669,1,0.565854,858.987
8670,1,0.784798,859.073
8671,1,1.00295,859.168
8672,1,1.2201,859.273
8673,1,1.43603,859.389
8674,1,1.65053,859.514
8675,1,1.8634,859.649
8676,1,2.07441,859.794
8677,1,2.28335,859.949
8678,1,2.49002,860.114
8679,1,2.6942,860.288
8680,1,2.89565,860.472
8681,1,3.09417,860.666
8682,1,3.28952,860.869
8683,1,3.48146,861.082
8684,1,3.66974,861.305
8685,1,3.85413,861.537
8686,1,4.03435,861.779
8687,1,4.21013,862.031
8688,1,4.38119,862.292
8689,1,4.54723,862.563
8690,1,4.70794,862.844
8691,1,4.86299,863.135
8692,1,5.01203,863.436
8693,1,5.1547,863.746
8694,1,5.2906,864.066
8695,1,5.41931,864.397
8696,1,5.5404,864.737
8697,1,5.65337,865.087
8698,1,5.75772,865.448
8699,1,5.8529,865.818
8700,1,5.9383,866.199
8701,1,6.01327,866.59
8702,1,6.07712,866.991
8703,1,6.12906,867.402
8704,1,6.16826,867.823
8705,1,6.19378,868.254
8706,1,6.20462,868.696
8707,1,6.19964,869.147
8708,1,6.17759,869.608
8709,1,6.13709,870.079
8710,1,6.0766,870.559
8711,1,5.99439,871.047
8712,1,5.88852,871.544
8713,1,5.75683,872.047
8714,1,5.5969,872.557
8715,1,5.40602,873.071
8716,1,5.18116,873.588
8717,1,4.91897,874.105
8718,1,4.61583,874.618
8719,1,4.26787,875.123
8720,1,3.87121,875.614
8721,1,3.42222,876.083
8722,1,2.91819,876.52
8723,1,2.35827,876.911
8724,1,1.74481,877.243
8725,1,1.08507,877.499
8726,1,0.392626,877.662
8727,1,-0.312615,877.723
8728,1,-1.00658,877.678
8729,1,-1.66537,877.532
8730,1,-2.2698,877.301
8731,1,-2.80795,877.002
8732,1,-3.27506,876.655
8733,1,-3.67184,876.276
8734,1,-4.00234,875.88
8735,1,-4.27222,875.476
8736,1,-4.48768,875.072
8737,1,-4.65475,874.674
8738,1,-4.77902,874.285
8739,1,-4.86548,873.908
8740,1,-4.91854,873.545
8741,1,-4.94204,873.196
8742,1,-4.93933,872.862
8743,1,-4.91332,872.544
8744,1,-4.86654,872.242
8745,1,-4.8012,871.956
8746,1,-4.71924,871.685
8747,1,-4.62234,871.43
8748,1,-4.51201,871.19
8749,1,-4.38958,870.965
8750,1,-4.25622,870.755
8751,1,-4.11298,870.559
8752,1,-3.96081,870.377
8753,1,-3.80056,870.209
8754,1,-3.63299,870.055
8755,1,-3.4588,869.914
8756,1,-3.27863,869.786
8757,1,-3.09306,869.671
8758,1,-2.90262,869.569
8759,1,-2.70779,869.479
8760,1,-2.50904,869.401
8761,1,-2.30679,869.335
8762,1,-2.10142,869.281
8763,1,-1.89332,869.238
8764,1,-1.68281,869.207
8765,1,-1.47023,869.187
8766,1,-1.25588,869.178
8767,1,-1.04006,869.18
8768,1,-0.823045,869.193
8769,1,-0.6051,869.217
8770,1,-0.386482,869.251
8771,1,-0.167437,869.296
8772,1,0.0517967,869.351
8773,1,0.270986,869.416
8774,1,0.489906,869.492
8775,1,0.708334,869.578
8776,1,0.926053,869.673
8777,1,1.14285,869.779
8778,1,1.3585,869.895
8779,1,1.57281,870.021
8780,1,1.78556,870.156
8781,1,1.99653,870.302
8782,1,2.20552,870.457
8783,1,2.41231,870.622
8784,1,2.61667,870.797
8785,1,2.81839,870.981
8786,1,3.01725,871.175
8787,1,3.213,871.379
8788,1,3.4054,871.593
8789,1,3.59422,871.816
8790,1,3.7792,872.049
8791,1,3.96006,872.292
8792,1,4.13655,872.545
8793,1,4.30835,872.807
8794,1,4.47519,873.079
8795,1,4.63672,873.362
8796,1,4.79263,873.654
8797,1,4.94256,873.955
8798,1,5.08612,874.267
8799,1,5.22292,874.589
8800,1,5.35254,874.921
8801,1,5.47451,875.264
8802,1,5.58835,875.616
8803,1,5.69352,875.978
8804,1,5.78947,876.351
8805,1,5.87556,876.734
8806,1,5.95114,877.128
8807,1,6.01546,877.532
8808,1,6.06775,877.946
8809,1,6.10711,878.371
8810,1,6.13259,878.806
8811,1,6.14313,879.251
8812,1,6.13756,879.706
8813,1,6.11457,880.171
8814,1,6.07272,880.646
8815,1,6.01039,881.13
8816,1,5.92576,881.623
8817,1,5.81683,882.124
8818,1,5.68129,882.633
8819,1,5.51662,883.147
8820,1,5.31994,883.666
8821,1,5.08808,884.187
8822,1,4.81754,884.707
8823,1,4.50451,885.223
8824,1,4.14502,885.73
8825,1,3.73511,886.22
8826,1,3.2713,886.686
8827,1,2.75126,887.115
8828,1,2.17493,887.495
8829,1,1.5461,887.81
8830,1,0.874045,888.044
8831,1,0.174597,888.181
8832,1,-0.530484,888.212
8833,1,-1.21662,888.139
8834,1,-1.8611,887.969
8835,1,-2.4471,887.719
8836,1,-2.96522,887.408
8837,1,-3.41274,887.055
8838,1,-3.79161,886.674
8839,1,-4.10648,886.279
8840,1,-4.36315,885.878
8841,1,-4.56771,885.48
8842,1,-4.72597,885.087
8843,1,-4.84323,884.704
8844,1,-4.92422,884.333
8845,1,-4.97312,883.976
8846,1,-4.99355,883.633
8847,1,-4.98867,883.305
8848,1,-4.96125,882.993
8849,1,-4.91367,882.696
8850,1,-4.84805,882.415
8851,1,-4.76621,882.148
8852,1,-4.66979,881.897
8853,1,-4.56021,881.661
8854,1,-4.43875,881.44
8855,1,-4.30653,881.233
8856,1,-4.16458,881.04
8857,1,-4.0138,880.861
8858,1,-3.85501,880.696
8859,1,-3.68896,880.544
8860,1,-3.51632,880.405
8861,1,-3.33772,880.279
8862,1,-3.15371,880.166
8863,1,-2.96481,880.065
8864,1,-2.77152,879.977
8865,1,-2.57426,879.9
8866,1,-2.37345,879.835
8867,1,-2.16949,879.782
8868,1,-1.96273,879.741
8869,1,-1.75351,879.71
8870,1,-1.54215,879.691
8871,1,-1.32895,879.683
8872,1,-1.11421,879.686
8873,1,-0.898206,879.699
8874,1,-0.681192,879.723
8875,1,-0.463426,879.758
8876,1,-0.245153,879.803
8877,1,-0.0266116,879.858
8878,1,0.191968,879.924
8879,1,0.410361,880
8880,1,0.628345,880.086
8881,1,0.845702,880.182
8882,1,1.06222,880.288
8883,1,1.27768,880.404
8884,1,1.49187,880.53
8885,1,1.70459,880.666
8886,1,1.91561,880.812
8887,1,2.12472,880.967
8888,1,2.33171,881.133
8889,1,2.53635,881.308
8890,1,2.73843,881.493
8891,1,2.93771,881.687
8892,1,3.13395,881.892
8893,1,3.32692,882.106
8894,1,3.51636,882.33
8895,1,3.70202,882.564
8896,1,3.88363,882.807
8897,1,4.06091,883.061
8898,1,4.23356,883.324
8899,1,4.40127,883.597
8900,1,4.56373,883.881
8901,1,4.72059,884.174
8902,1,4.87149,884.477
8903,1,5.01604,884.791
8904,1,5.15384,885.114
8905,1,5.28445,885.448
8906,1,5.40739,885.792
8907,1,5.52217,886.147
8908,1,5.62824,886.511
8909,1,5.72503,886.887
8910,1,5.81188,887.272
8911,1,5.88811,887.669
8912,1,5.95297,888.075
8913,1,6.00563,888.493
8914,1,6.04518,888.921
8915,1,6.07063,889.359
8916,1,6.08087,889.808
8917,1,6.07469,890.267
8918,1,6.05071,890.737
8919,1,6.00743,891.216
8920,1,5.94315,891.705
8921,1,5.85597,892.202
8922,1,5.74377,892.708
8923,1,5.60414,893.222
8924,1,5.4344,893.741
8925,1,5.23154,894.264
8926,1,4.99221,894.789
8927,1,4.71274,895.313
8928,1,4.38918,895.831
8929,1,4.01742,896.339
8930,1,3.59351,896.828
8931,1,3.11414,897.289
8932,1,2.5775,897.71
8933,1,1.98458,898.077
8934,1,1.34081,898.373
8935,1,0.657662,898.582
8936,1,-0.0467544,898.691
8937,1,-0.749198,898.693
8938,1,-1.42518,898.592
8939,1,-2.05366,898.4
8940,1,-2.62036,898.133
8941,1,-3.11833,897.812
8942,1,-3.54661,897.453
8943,1,-3.90815,897.071
8944,1,-4.20802,896.678
8945,1,-4.45209,896.281
8946,1,-4.64626,895.888
8947,1,-4.79611,895.501
8948,1,-4.90668,895.124
8949,1,-4.98245,894.76
8950,1,-5.02736,894.408
8951,1,-5.04482,894.072
8952,1,-5.03784,893.749
8953,1,-5.00903,893.442
8954,1,-4.96065,893.151
8955,1,-4.89472,892.874
8956,1,-4.81297,892.612
8957,1,-4.71696,892.365
8958,1,-4.60807,892.133
8959,1,-4.4875,891.915
8960,1,-4.35636,891.712
8961,1,-4.2156,891.522
8962,1,-4.06613,891.346
8963,1,-3.90872,891.183
8964,1,-3.7441,891.034
8965,1,-3.57293,890.897
8966,1,-3.3958,890.773
8967,1,-3.21327,890.662
8968,1,-3.02584,890.563
8969,1,-2.83399,890.476
8970,1,-2.63815,890.4
8971,1,-2.43872,890.337
8972,1,-2.23609,890.285
8973,1,-2.0306,890.244
8974,1,-1.8226,890.215
8975,1,-1.6124,890.196
8976,1,-1.4003,890.189
8977,1,-1.18658,890.193
8978,1,-0.971524,890.207
8979,1,-0.755388,890.231
8980,1,-0.538425,890.266
8981,1,-0.320878,890.312
8982,1,-0.102984,890.368
8983,1,0.115027,890.434
8984,1,0.332931,890.51
8985,1,0.550506,890.597
8986,1,0.767534,890.693
8987,1,0.983801,890.8
8988,1,1.19909,890.916
8989,1,1.4132,891.043
8990,1,1.6259,891.179
8991,1,1.83698,891.325
8992,1,2.04624,891.481
8993,1,2.25344,891.647
8994,1,2.45838,891.822
8995,1,2.66081,892.008
8996,1,2.86051,892.203
8997,1,3.05725,892.408
8998,1,3.25078,892.623
8999,1,3.44084,892.847
9000,1,3.62717,893.082
9001,1,3.80951,893.326
9002,1,3.98755,893.581
9003,1,4.16102,893.845
9004,1,4.32959,894.12
9005,1,4.49293,894.404
9006,1,4.6507,894.699
9007,1,4.80252,895.004
9008,1,4.94801,895.319
9009,1,5.08674,895.644
9010,1,5.21826,895.98
9011,1,5.3421,896.326
9012,1,5.45773,896.683
9013,1,5.5646,897.05
9014,1,5.6621,897.428
9015,1,5.74958,897.817
9016,1,5.82633,898.216
9017,1,5.89155,898.626
9018,1,5.9444,899.047
9019,1,5.98393,899.478
9020,1,6.00911,899.92
9021,1,6.01878,900.373
9022,1,6.01166,900.837
9023,1,5.98634,901.311
9024,1,5.94123,901.794
9025,1,5.87454,902.288
9026,1,5.78428,902.791
9027,1,5.6682,903.302
9028,1,5.52377,903.82
9029,1,5.34816,904.344
9030,1,5.1382,904.872
9031,1,4.89036,905.401
9032,1,4.60078,905.928
9033,1,4.26535,906.448
9034,1,3.87989,906.956
9035,1,3.44048,907.442
9036,1,2.94411,907.897
9037,1,2.3897,908.308
9038,1,1.77955,908.658
9039,1,1.12106,908.932
9040,1,0.428117,909.114
9041,1,-0.278961,909.192
9042,1,-0.975912,909.164
9043,1,-1.63898,909.035
9044,1,-2.24934,908.821
9045,1,-2.7954,908.539
9046,1,-3.27252,908.209
9047,1,-3.68129,907.846
9048,1,-4.02548,907.464
9049,1,-4.31044,907.073
9050,1,-4.54199,906.681
9051,1,-4.72586,906.292
9052,1,-4.86735,905.911
9053,1,-4.97125,905.541
9054,1,-5.04178,905.183
9055,1,-5.08264,904.838
9056,1,-5.09708,904.507
9057,1,-5.08791,904.191
9058,1,-5.05762,903.889
9059,1,-5.00834,903.603
9060,1,-4.94199,903.331
9061,1,-4.86022,903.074
9062,1,-4.76452,902.831
9063,1,-4.6562,902.603
9064,1,-4.53643,902.389
9065,1,-4.40625,902.189
9066,1,-4.2666,902.002
9067,1,-4.11834,901.829
9068,1,-3.96222,901.669
9069,1,-3.79894,901.522
9070,1,-3.62915,901.388
9071,1,-3.45342,901.266
9072,1,-3.2723,901.156
9073,1,-3.08628,901.059
9074,1,-2.8958,900.973
9075,1,-2.70132,900.9
9076,1,-2.50321,900.837
9077,1,-2.30185,900.787
9078,1,-2.09759,900.747
9079,1,-1.89076,900.719
9080,1,-1.68167,900.701
9081,1,-1.47062,900.695
9082,1,-1.25789,900.699
9083,1,-1.04375,900.714
9084,1,-0.828459,900.739
9085,1,-0.612268,900.775
9086,1,-0.395418,900.821
9087,1,-0.178145,900.878
9088,1,0.0393225,900.944
9089,1,0.25676,901.021
9090,1,0.473947,901.108
9091,1,0.690666,901.205
9092,1,0.906703,901.312
9093,1,1.12184,901.429
9094,1,1.33587,901.555
9095,1,1.54857,901.692
9096,1,1.75974,901.839
9097,1,1.96915,901.995
9098,1,2.17658,902.161
9099,1,2.38181,902.337
9100,1,2.58461,902.523
9101,1,2.78475,902.719
9102,1,2.98199,902.925
9103,1,3.17608,903.141
9104,1,3.36676,903.366
9105,1,3.55377,903.602
9106,1,3.73683,903.847
9107,1,3.91566,904.103
9108,1,4.08994,904.368
9109,1,4.25937,904.644
9110,1,4.42359,904.93
9111,1,4.58227,905.226
9112,1,4.73501,905.533
9113,1,4.88142,905.849
9114,1,5.02107,906.177
9115,1,5.1535,906.514
9116,1,5.27821,906.863
9117,1,5.39467,907.222
9118,1,5.50232,907.591
9119,1,5.60051,907.972
9120,1,5.68859,908.363
9121,1,5.7658,908.766
9122,1,5.83133,909.179
9123,1,5.88431,909.603
9124,1,5.92374,910.038
9125,1,5.94856,910.485
9126,1,5.95754,910.942
9127,1,5.94937,911.409
9128,1,5.92256,911.888
9129,1,5.87542,912.377
9130,1,5.8061,912.875
9131,1,5.71249,913.383
9132,1,5.59222,913.899
9133,1,5.44262,914.422
9134,1,5.26071,914.951
9135,1,5.04313,915.483
9136,1,4.78616,916.016
9137,1,4.48579,916.546
9138,1,4.13775,917.068
9139,1,3.73779,917.575
9140,1,3.28213,918.058
9141,1,2.76818,918.505
9142,1,2.19579,918.903
9143,1,1.56881,919.235
9144,1,0.896859,919.485
9145,1,0.196283,919.638
9146,1,-0.510725,919.685
9147,1,-1.1995,919.627
9148,1,-1.84765,919.472
9149,1,-2.43885,919.238
9150,1,-2.96412,918.944
9151,1,-3.42087,918.606
9152,1,-3.81094,918.24
9153,1,-4.13869,917.859
9154,1,-4.40962,917.471
9155,1,-4.62946,917.083
9156,1,-4.8037,916.7
9157,1,-4.93741,916.326
9158,1,-5.03509,915.961
9159,1,-5.10074,915.609
9160,1,-5.13786,915.27
9161,1,-5.14949,914.946
9162,1,-5.13831,914.635
9163,1,-5.10664,914.339
9164,1,-5.05655,914.057
9165,1,-4.98983,913.79
9166,1,-4.90808,913.537
9167,1,-4.81269,913.299
9168,1,-4.70494,913.075
9169,1,-4.58594,912.864
9170,1,-4.45669,912.667
9171,1,-4.3181,912.484
9172,1,-4.17099,912.314
9173,1,-4.01611,912.156
9174,1,-3.85412,912.012
9175,1,-3.68564,911.88
9176,1,-3.51125,911.76
9177,1,-3.33147,911.652
9178,1,-3.14677,911.557
9179,1,-2.95761,911.473
9180,1,-2.76441,911.401
9181,1,-2.56755,911.34
9182,1,-2.36739,911.29
9183,1,-2.16429,911.252
9184,1,-1.95856,911.224
9185,1,-1.75052,911.208
9186,1,-1.54045,911.202
9187,1,-1.32864,911.207
9188,1,-1.11535,911.223
9189,1,-0.900841,911.249
9190,1,-0.685359,911.285
9191,1,-0.469144,911.332
9192,1,-0.252431,911.389
9193,1,-0.0354486,911.456
9194,1,0.181581,911.534
9195,1,0.398436,911.621
9196,1,0.6149,911.719
9197,1,0.830759,911.826
9198,1,1.0458,911.943
9199,1,1.2598,912.071
9200,1,1.47255,912.208
9201,1,1.68384,912.355
9202,1,1.89344,912.512
9203,1,2.10114,912.679
9204,1,2.30671,912.855
9205,1,2.50992,913.042
9206,1,2.71053,913.239
9207,1,2.9083,913.445
9208,1,3.10298,913.662
9209,1,3.29431,913.888
9210,1,3.48202,914.125
9211,1,3.66583,914.371
9212,1,3.84544,914.628
9213,1,4.02056,914.895
9214,1,4.19084,915.172
9215,1,4.35595,915.459
9216,1,4.51553,915.757
9217,1,4.66918,916.065
9218,1,4.8165,916.384
9219,1,4.95705,916.713
9220,1,5.09035,917.053
9221,1,5.2159,917.404
9222,1,5.33315,917.765
9223,1,5.4415,918.138
9224,1,5.54032,918.521
9225,1,5.6289,918.915
9226,1,5.70647,919.321
9227,1,5.7722,919.737
9228,1,5.82516,920.165
9229,1,5.86433,920.604
9230,1,5.88858,921.055
9231,1,5.89667,921.516
9232,1,5.88718,921.988
9233,1,5.85856,922.472
9234,1,5.80905,922.965
9235,1,5.73668,923.469
9236,1,5.63924,923.982
9237,1,5.51423,924.503
9238,1,5.35881,925.031
9239,1,5.16984,925.565
9240,1,4.94376,926.102
9241,1,4.67669,926.639
9242,1,4.36441,927.171
9243,1,4.00252,927.694
9244,1,3.58679,928.199
9245,1,3.11363,928.676
9246,1,2.58108,929.114
9247,1,1.99017,929.497
9248,1,1.34664,929.809
9249,1,0.662551,930.032
9250,1,-0.043322,930.153
9251,1,-0.747331,930.168
9252,1,-1.4251,930.08
9253,1,-2.05618,929.901
9254,1,-2.62696,929.649
9255,1,-3.13097,929.343
9256,1,-3.56739,929
9257,1,-3.9391,928.632
9258,1,-4.25085,928.253
9259,1,-4.5082,927.868
9260,1,-4.71672,927.485
9261,1,-4.88167,927.108
9262,1,-5.00786,926.739
9263,1,-5.09954,926.381
9264,1,-5.16046,926.035
9265,1,-5.19393,925.703
9266,1,-5.20282,925.384
9267,1,-5.18966,925.079
9268,1,-5.15666,924.788
9269,1,-5.10575,924.511
9270,1,-5.03865,924.249
9271,1,-4.95688,924.001
9272,1,-4.86178,923.767
9273,1,-4.75456,923.546
9274,1,-4.63629,923.339
9275,1,-4.50793,923.146
9276,1,-4.37036,922.965
9277,1,-4.22437,922.798
9278,1,-4.07067,922.643
9279,1,-3.90992,922.501
9280,1,-3.74273,922.372
9281,1,-3.56963,922.254
9282,1,-3.39114,922.148
9283,1,-3.20774,922.055
9284,1,-3.01985,921.972
9285,1,-2.82789,921.902
9286,1,-2.63224,921.842
9287,1,-2.43325,921.794
9288,1,-2.23127,921.757
9289,1,-2.02662,921.731
9290,1,-1.81959,921.715
9291,1,-1.61047,921.71
9292,1,-1.39955,921.716
9293,1,-1.18708,921.733
9294,1,-0.973319,921.759
9295,1,-0.758517,921.796
9296,1,-0.542911,921.844
9297,1,-0.326731,921.901
9298,1,-0.110207,921.969
9299,1,0.106439,922.047
9300,1,0.322988,922.135
9301,1,0.539223,922.233
9302,1,0.754928,922.341
9303,1,0.969888,922.459
9304,1,1.18389,922.587
9305,1,1.39672,922.724
9306,1,1.60815,922.872
9307,1,1.81798,923.03
9308,1,2.02596,923.197
9309,1,2.23189,923.375
9310,1,2.43553,923.562
9311,1,2.63663,923.76
9312,1,2.83496,923.967
9313,1,3.03025,924.184
9314,1,3.22225,924.412
9315,1,3.41069,924.649
9316,1,3.59527,924.897
9317,1,3.7757,925.155
9318,1,3.95166,925.423
9319,1,4.12282,925.702
9320,1,4.28884,925.991
9321,1,4.44933,926.29
9322,1,4.60392,926.6
9323,1,4.75216,926.92
9324,1,4.89362,927.252
9325,1,5.0278,927.594
9326,1,5.15419,927.947
9327,1,5.27222,928.311
9328,1,5.38129,928.686
9329,1,5.48071,929.072
9330,1,5.56977,929.47
9331,1,5.64768,929.879
9332,1,5.71356,930.299
9333,1,5.76645,930.731
9334,1,5.80529,931.174
9335,1,5.82889,931.628
9336,1,5.83595,932.094
9337,1,5.825,932.571
9338,1,5.7944,933.059
9339,1,5.7423,933.558
9340,1,5.66662,934.067
9341,1,5.56503,934.585
9342,1,5.43487,935.111
9343,1,5.27317,935.645
9344,1,5.07657,936.184
9345,1,4.84135,936.725
9346,1,4.5634,937.265
9347,1,4.23834,937.8
9348,1,3.86168,938.322
9349,1,3.42924,938.825
9350,1,2.93777,939.296
9351,1,2.38613,939.722
9352,1,1.7768,940.088
9353,1,1.11769,940.376
9354,1,0.423432,940.569
9355,1,-0.284987,940.659
9356,1,-0.98306,940.642
9357,1,-1.64739,940.525
9358,1,-2.2599,940.324
9359,1,-2.80972,940.057
9360,1,-3.29263,939.741
9361,1,-3.70933,939.393
9362,1,-4.06343,939.025
9363,1,-4.35998,938.647
9364,1,-4.60447,938.267
9365,1,-4.80231,937.889
9366,1,-4.95852,937.517
9367,1,-5.07762,937.155
9368,1,-5.16363,936.803
9369,1,-5.22011,936.464
9370,1,-5.25014,936.137
9371,1,-5.25646,935.824
9372,1,-5.24144,935.524
9373,1,-5.20718,935.239
9374,1,-5.15551,934.967
9375,1,-5.08808,934.71
9376,1,-5.00632,934.466
9377,1,-4.91151,934.236
9378,1,-4.80482,934.019
9379,1,-4.68727,933.816
9380,1,-4.55978,933.625
9381,1,-4.42321,933.448
9382,1,-4.2783,933.284
9383,1,-4.12577,933.132
9384,1,-3.96623,932.992
9385,1,-3.80027,932.864
9386,1,-3.62844,932.749
9387,1,-3.45121,932.645
9388,1,-3.26906,932.553
9389,1,-3.08241,932.473
9390,1,-2.89167,932.403
9391,1,-2.69719,932.345
9392,1,-2.49934,932.298
9393,1,-2.29845,932.262
9394,1,-2.09483,932.237
9395,1,-1.88878,932.223
9396,1,-1.68059,932.219
9397,1,-1.47052,932.226
9398,1,-1.25885,932.243
9399,1,-1.04582,932.27
9400,1,-0.831667,932.308
9401,1,-0.616643,932.356
9402,1,-0.400972,932.414
9403,1,-0.184882,932.483
9404,1,0.0314052,932.561
9405,1,0.247671,932.65
9406,1,0.463699,932.748
9407,1,0.679272,932.857
9408,1,0.894178,932.975
9409,1,1.1082,933.104
9410,1,1.32112,933.242
9411,1,1.53273,933.39
9412,1,1.74279,933.548
9413,1,1.95109,933.716
9414,1,2.15741,933.895
9415,1,2.36149,934.083
9416,1,2.56311,934.281
9417,1,2.76202,934.489
9418,1,2.95795,934.707
9419,1,3.15065,934.936
9420,1,3.33983,935.174
9421,1,3.52521,935.423
9422,1,3.70647,935.682
9423,1,3.88331,935.952
9424,1,4.05539,936.232
9425,1,4.22233,936.522
9426,1,4.38378,936.823
9427,1,4.53932,937.135
9428,1,4.68852,937.457
9429,1,4.83092,937.791
9430,1,4.96602,938.135
9431,1,5.09328,938.49
9432,1,5.21213,938.857
9433,1,5.32193,939.235
9434,1,5.42199,939.624
9435,1,5.51157,940.025
9436,1,5.58983,940.437
9437,1,5.65588,940.861
9438,1,5.70872,941.296
9439,1,5.74723,941.743
9440,1,5.77018,942.202
9441,1,5.77621,942.673
9442,1,5.76377,943.154
9443,1,5.73114,943.647
9444,1,5.67638,944.151
9445,1,5.5973,944.665
9446,1,5.49142,945.189
9447,1,5.35595,945.721
9448,1,5.18773,946.259
9449,1,4.98324,946.803
9450,1,4.73853,947.348
9451,1,4.44932,947.892
9452,1,4.11105,948.428
9453,1,3.71919,948.95
9454,1,3.26967,949.448
9455,1,2.75975,949.912
9456,1,2.18929,950.325
9457,1,1.56248,950.672
9458,1,0.889569,950.934
9459,1,0.187709,951.098
9460,1,-0.520338,951.156
9461,1,-1.2099,951.108
9462,1,-1.85915,950.966
9463,1,-2.45257,950.746
9464,1,-2.98185,950.466
9465,1,-3.44472,950.143
9466,1,-3.84304,949.792
9467,1,-4.18094,949.424
9468,1,-4.46362,949.049
9469,1,-4.69647,948.673
9470,1,-4.88469,948.3
9471,1,-5.03304,947.934
9472,1,-5.14582,947.578
9473,1,-5.22682,947.232
9474,1,-5.27938,946.898
9475,1,-5.30644,946.578
9476,1,-5.31055,946.27
9477,1,-5.29399,945.976
9478,1,-5.25872,945.695
9479,1,-5.20652,945.428
9480,1,-5.13892,945.175
9481,1,-5.0573,944.935
9482,1,-4.96291,944.709
9483,1,-4.85684,944.496
9484,1,-4.74008,944.296
9485,1,-4.61352,944.109
9486,1,-4.47799,943.935
9487,1,-4.3342,943.773
9488,1,-4.18285,943.623
9489,1,-4.02453,943.486
9490,1,-3.85982,943.361
9491,1,-3.68924,943.247
9492,1,-3.51327,943.145
9493,1,-3.33237,943.055
9494,1,-3.14694,942.976
9495,1,-2.95738,942.908
9496,1,-2.76406,942.851
9497,1,-2.56732,942.806
9498,1,-2.36749,942.771
9499,1,-2.16487,942.747
9500,1,-1.95977,942.733
9501,1,-1.75246,942.73
9502,1,-1.54322,942.738
9503,1,-1.3323,942.755
9504,1,-1.11995,942.784
9505,1,-0.90641,942.822
9506,1,-0.691923,942.871
9507,1,-0.476716,942.93
9508,1,-0.261014,942.998
9509,1,-0.0450382,943.077
9510,1,0.170993,943.166
9511,1,0.386863,943.265
9512,1,0.602357,943.374
9513,1,0.817259,943.493
9514,1,1.03135,943.622
9515,1,1.24442,943.761
9516,1,1.45625,943.91
9517,1,1.66662,944.068
9518,1,1.87529,944.237
9519,1,2.08204,944.416
9520,1,2.28663,944.605
9521,1,2.48883,944.804
9522,1,2.68837,945.013
9523,1,2.885,945.232
9524,1,3.07846,945.461
9525,1,3.26845,945.701
9526,1,3.45468,945.951
9527,1,3.63685,946.211
9528,1,3.81463,946.482
9529,1,3.98767,946.763
9530,1,4.15561,947.055
9531,1,4.31807,947.358
9532,1,4.47463,947.671
9533,1,4.62484,947.996
9534,1,4.76824,948.331
9535,1,4.90431,948.678
9536,1,5.0325,949.035
9537,1,5.15221,949.405
9538,1,5.26279,949.785
9539,1,5.36353,950.177
9540,1,5.45365,950.581
9541,1,5.5323,950.997
9542,1,5.59854,951.424
9543,1,5.65132,951.864
9544,1,5.68949,952.315
9545,1,5.71177,952.778
9546,1,5.71672,953.253
9547,1,5.70272,953.74
9548,1,5.66796,954.238
9549,1,5.6104,954.747
9550,1,5.52773,955.266
9551,1,5.41734,955.795
9552,1,5.27626,956.332
9553,1,5.10117,956.876
9554,1,4.88834,957.424
9555,1,4.63362,957.973
9556,1,4.33253,958.52
9557,1,3.98038,959.057
9558,1,3.57263,959.578
9559,1,3.10543,960.071
9560,1,2.57671,960.525
9561,1,1.98759,960.923
9562,1,1.34421,961.249
9563,1,0.659327,961.484
9564,1,-0.0475564,961.618
9565,1,-0.752421,961.644
9566,1,-1.43111,961.568
9567,1,-2.06383,961.403
9568,1,-2.63771,961.165
9569,1,-3.14679,960.874
9570,1,-3.59043,960.546
9571,1,-3.97137,960.193
9572,1,-4.29413,959.827
9573,1,-4.56393,959.455
9574,1,-4.78603,959.083
9575,1,-4.96539,958.716
9576,1,-5.10656,958.356
9577,1,-5.21358,958.005
9578,1,-5.29003,957.665
9579,1,-5.33908,957.337
9580,1,-5.36349,957.022
9581,1,-5.36569,956.72
9582,1,-5.34781,956.431
9583,1,-5.31176,956.155
9584,1,-5.25918,955.893
9585,1,-5.19157,955.644
9586,1,-5.11023,955.408
9587,1,-5.01636,955.186
9588,1,-4.91101,954.976
9589,1,-4.79512,954.78
9590,1,-4.66958,954.596
9591,1,-4.53514,954.424
9592,1,-4.39254,954.265
9593,1,-4.24241,954.118
9594,1,-4.08537,953.982
9595,1,-3.92195,953.859
9596,1,-3.75266,953.747
9597,1,-3.57799,953.647
9598,1,-3.39835,953.558
9599,1,-3.21418,953.481
9600,1,-3.02583,953.414
9601,1,-2.83369,953.359
9602,1,-2.63808,953.314
9603,1,-2.43933,953.28
9604,1,-2.23774,953.257
9605,1,-2.0336,953.244
9606,1,-1.8272,953.242
9607,1,-1.61878,953.25
9608,1,-1.40863,953.268
9609,1,-1.19697,953.297
9610,1,-0.984049,953.336
9611,1,-0.770105,953.385
9612,1,-0.555363,953.445
9613,1,-0.340049,953.514
9614,1,-0.124381,953.593
9615,1,0.0914209,953.682
9616,1,0.307142,953.782
9617,1,0.522566,953.891
9618,1,0.737478,954.01
9619,1,0.951663,954.14
9620,1,1.1649,954.279
9621,1,1.37698,954.428
9622,1,1.58767,954.587
9623,1,1.79674,954.756
9624,1,2.00397,954.936
9625,1,2.20911,955.125
9626,1,2.41192,955.324
9627,1,2.61215,955.534
9628,1,2.80954,955.754
9629,1,3.00381,955.984
9630,1,3.19467,956.224
9631,1,3.38184,956.475
9632,1,3.56498,956.737
9633,1,3.74378,957.009
9634,1,3.91789,957.291
9635,1,4.08693,957.584
9636,1,4.2505,957.889
9637,1,4.40819,958.204
9638,1,4.55955,958.53
9639,1,4.70407,958.867
9640,1,4.84126,959.216
9641,1,4.97053,959.576
9642,1,5.09126,959.948
9643,1,5.2028,960.331
9644,1,5.3044,960.726
9645,1,5.39527,961.133
9646,1,5.47452,961.552
9647,1,5.54117,961.982
9648,1,5.59414,962.425
9649,1,5.63223,962.881
9650,1,5.6541,963.348
9651,1,5.65824,963.827
9652,1,5.64297,964.319
9653,1,5.60639,964.821
9654,1,5.54635,965.335
9655,1,5.46042,965.86
9656,1,5.34585,966.394
9657,1,5.19951,966.936
9658,1,5.0179,967.485
9659,1,4.79709,968.038
9660,1,4.53273,968.591
9661,1,4.22016,969.14
9662,1,3.85459,969.678
9663,1,3.43151,970.197
9664,1,2.94742,970.685
9665,1,2.40101,971.129
9666,1,1.79482,971.512
9667,1,1.13708,971.816
9668,1,0.442921,972.025
9669,1,-0.266195,972.13
9670,1,-0.965637,972.128
9671,1,-1.63231,972.027
9672,1,-2.24864,971.842
9673,1,-2.80419,971.592
9674,1,-3.29496,971.292
9675,1,-3.72155,970.96
9676,1,-4.08735,970.607
9677,1,-4.39708,970.243
9678,1,-4.65592,969.875
9679,1,-4.86896,969.508
9680,1,-5.04096,969.146
9681,1,-5.17622,968.791
9682,1,-5.27858,968.446
9683,1,-5.35145,968.112
9684,1,-5.3978,967.789
9685,1,-5.42026,967.479
9686,1,-5.42115,967.182
9687,1,-5.40249,966.898
9688,1,-5.36608,966.627
9689,1,-5.31352,966.368
9690,1,-5.24623,966.123
9691,1,-5.16546,965.891
9692,1,-5.07236,965.672
9693,1,-4.96794,965.466
9694,1,-4.85311,965.272
9695,1,-4.72872,965.091
9696,1,-4.59553,964.921
9697,1,-4.45421,964.764
9698,1,-4.30542,964.619
9699,1,-4.14971,964.486
9700,1,-3.98764,964.365
9701,1,-3.8197,964.255
9702,1,-3.64635,964.156
9703,1,-3.46802,964.068
9704,1,-3.28511,963.992
9705,1,-3.09799,963.926
9706,1,-2.90702,963.872
9707,1,-2.71254,963.828
9708,1,-2.51485,963.795
9709,1,-2.31426,963.772
9710,1,-2.11106,963.76
9711,1,-1.90552,963.758
9712,1,-1.6979,963.767
9713,1,-1.48846,963.786
9714,1,-1.27745,963.815
9715,1,-1.0651,963.854
9716,1,-0.85164,963.904
9717,1,-0.637305,963.963
9718,1,-0.422315,964.033
9719,1,-0.206891,964.113
9720,1,0.00874972,964.202
9721,1,0.224392,964.302
9722,1,0.439821,964.411
9723,1,0.65482,964.531
9724,1,0.869173,964.66
9725,1,1.08266,964.8
9726,1,1.29507,964.949
9727,1,1.50617,965.109
9728,1,1.71573,965.278
9729,1,1.92352,965.458
9730,1,2.12931,965.648
9731,1,2.33283,965.847
9732,1,2.53384,966.058
9733,1,2.73208,966.278
9734,1,2.92726,966.509
9735,1,3.1191,966.75
9736,1,3.30729,967.002
9737,1,3.49152,967.264
9738,1,3.67145,967.537
9739,1,3.84672,967.821
9740,1,4.01695,968.116
9741,1,4.18175,968.421
9742,1,4.34068,968.738
9743,1,4.49328,969.066
9744,1,4.63904,969.405
9745,1,4.77744,969.756
9746,1,4.90789,970.118
9747,1,5.02975,970.492
9748,1,5.14234,970.878
9749,1,5.2449,971.276
9750,1,5.3366,971.685
9751,1,5.41652,972.108
9752,1,5.48365,972.542
9753,1,5.53687,972.989
9754,1,5.57493,973.448
9755,1,5.59642,973.919
9756,1,5.59977,974.403
9757,1,5.58322,974.899
9758,1,5.54478,975.407
9759,1,5.48217,975.926
9760,1,5.39286,976.456
9761,1,5.27393,976.995
9762,1,5.12209,977.543
9763,1,4.93366,978.097
9764,1,4.70448,978.654
9765,1,4.43003,979.211
9766,1,4.10546,979.762
9767,1,3.72592,980.3
9768,1,3.287,980.816
9769,1,2.78567,981.298
9770,1,2.2216,981.73
9771,1,1.59897,982.096
9772,1,0.928255,982.377
9773,1,0.226931,982.559
9774,1,-0.481978,982.635
9775,1,-1.17381,982.606
9776,1,-1.82702,982.482
9777,1,-2.42639,982.28
9778,1,-2.96378,982.018
9779,1,-3.43688,981.712
9780,1,-3.8473,981.378
9781,1,-4.19887,981.025
9782,1,-4.49645,980.664
9783,1,-4.74511,980.299
9784,1,-4.94977,979.937
9785,1,-5.11496,979.58
9786,1,-5.24479,979.231
9787,1,-5.34288,978.891
9788,1,-5.41246,978.562
9789,1,-5.45636,978.245
9790,1,-5.47707,977.94
9791,1,-5.47679,977.648
9792,1,-5.45746,977.368
9793,1,-5.42079,977.101
9794,1,-5.3683,976.847
9795,1,-5.30136,976.606
9796,1,-5.22119,976.377
9797,1,-5.12886,976.161
9798,1,-5.02536,975.958
9799,1,-4.91158,975.767
9800,1,-4.78833,975.588
9801,1,-4.65634,975.421
9802,1,-4.51628,975.267
9803,1,-4.36876,975.124
9804,1,-4.21436,974.992
9805,1,-4.0536,974.872
9806,1,-3.88695,974.764
9807,1,-3.71487,974.666
9808,1,-3.53779,974.58
9809,1,-3.35609,974.505
9810,1,-3.17014,974.44
9811,1,-2.98029,974.387
9812,1,-2.78687,974.344
9813,1,-2.59019,974.311
9814,1,-2.39055,974.29
9815,1,-2.18823,974.278
9816,1,-1.9835,974.277
9817,1,-1.77662,974.286
9818,1,-1.56785,974.305
9819,1,-1.35743,974.335
9820,1,-1.14559,974.375
9821,1,-0.932569,974.424
9822,1,-0.71859,974.484
9823,1,-0.503877,974.554
9824,1,-0.288647,974.634
9825,1,-0.0731189,974.724
9826,1,0.142492,974.823
9827,1,0.357971,974.933
9828,1,0.573102,975.053
9829,1,0.787669,975.183
9830,1,1.00145,975.323
9831,1,1.21423,975.472
9832,1,1.42578,975.632
9833,1,1.63587,975.802
9834,1,1.84427,975.982
9835,1,2.05073,976.172
9836,1,2.255,976.373
9837,1,2.45683,976.584
9838,1,2.65595,976.805
9839,1,2.85207,977.036
9840,1,3.04491,977.278
9841,1,3.23416,977.531
9842,1,3.41949,977.794
9843,1,3.60057,978.068
9844,1,3.77703,978.353
9845,1,3.94848,978.649
9846,1,4.11451,978.956
9847,1,4.27468,979.275
9848,1,4.42853,979.604
9849,1,4.57553,979.946
9850,1,4.71514,980.298
9851,1,4.84675,980.663
9852,1,4.96972,981.039
9853,1,5.08334,981.428
9854,1,5.18681,981.829
9855,1,5.27929,982.242
9856,1,5.35982,982.667
9857,1,5.42736,983.105
9858,1,5.48073,983.556
9859,1,5.51862,984.019
9860,1,5.53959,984.495
9861,1,5.54197,984.984
9862,1,5.52393,985.485
9863,1,5.48336,985.997
9864,1,5.41788,986.522
9865,1,5.32481,987.057
9866,1,5.20108,987.602
9867,1,5.04323,988.155
9868,1,4.84734,988.713
9869,1,4.60908,989.275
9870,1,4.3237,989.835
9871,1,3.98623,990.388
9872,1,3.59177,990.925
9873,1,3.13614,991.438
9874,1,2.61693,991.911
9875,1,2.03503,992.33
9876,1,1.39653,992.676
9877,1,0.714291,992.932
9878,1,0.00800306,993.086
9879,1,-0.698215,993.133
9880,1,-1.38028,993.077
9881,1,-2.01858,992.932
9882,1,-2.60036,992.715
9883,1,-3.1196,992.443
9884,1,-3.57541,992.132
9885,1,-3.97024,991.796
9886,1,-4.30823,991.445
9887,1,-4.59427,991.086
9888,1,-4.8333,990.726
9889,1,-5.03005,990.369
9890,1,-5.18883,990.017
9891,1,-5.31354,989.673
9892,1,-5.40762,989.339
9893,1,-5.47413,989.016
9894,1,-5.51574,988.704
9895,1,-5.53483,988.404
9896,1,-5.53349,988.116
9897,1,-5.51356,987.84
9898,1,-5.47668,987.578
9899,1,-5.4243,987.328
9900,1,-5.35774,987.09
9901,1,-5.27816,986.865
9902,1,-5.18661,986.652
9903,1,-5.08403,986.452
9904,1,-4.97128,986.264
9905,1,-4.84914,986.087
9906,1,-4.71833,985.923
9907,1,-4.5795,985.77
9908,1,-4.43324,985.629
9909,1,-4.2801,985.5
9910,1,-4.1206,985.381
9911,1,-3.95521,985.274
9912,1,-3.78437,985.178
9913,1,-3.60849,985.093
9914,1,-3.42796,985.019
9915,1,-3.24314,984.956
9916,1,-3.05436,984.903
9917,1,-2.86197,984.861
9918,1,-2.66625,984.83
9919,1,-2.46751,984.808
9920,1,-2.26602,984.798
9921,1,-2.06206,984.797
9922,1,-1.85588,984.807
9923,1,-1.64773,984.826
9924,1,-1.43785,984.856
9925,1,-1.22648,984.896
9926,1,-1.01384,984.946
9927,1,-0.80017,985.007
9928,1,-0.585683,985.077
9929,1,-0.370598,985.157
9930,1,-0.155134,985.247
9931,1,0.0604958,985.347
9932,1,0.276075,985.457
9933,1,0.491388,985.577
9934,1,0.706217,985.707
9935,1,0.920344,985.847
9936,1,1.13355,985.997
9937,1,1.3456,986.157
9938,1,1.55626,986.328
9939,1,1.76531,986.508
9940,1,1.9725,986.699
9941,1,2.17757,986.9
9942,1,2.38026,987.112
9943,1,2.58031,987.333
9944,1,2.77742,987.566
9945,1,2.97131,987.809
9946,1,3.16166,988.062
9947,1,3.34814,988.327
9948,1,3.53041,988.602
9949,1,3.70808,988.888
9950,1,3.88078,989.186
9951,1,4.04808,989.494
9952,1,4.20953,989.815
9953,1,4.36465,990.146
9954,1,4.5129,990.489
9955,1,4.65373,990.844
9956,1,4.78652,991.211
9957,1,4.9106,991.59
9958,1,5.02522,991.982
9959,1,5.12959,992.385
9960,1,5.22281,992.802
9961,1,5.3039,993.231
9962,1,5.37176,993.673
9963,1,5.42518,994.127
9964,1,5.4628,994.595
9965,1,5.48308,995.075
9966,1,5.4843,995.569
9967,1,5.46452,996.074
9968,1,5.42154,996.593
9969,1,5.35284,997.122
9970,1,5.25559,997.663
9971,1,5.12655,998.213
9972,1,4.96205,998.772
9973,1,4.758,999.335
9974,1,4.50981,999.901
9975,1,4.21255,1000.46
9976,1,3.86113,1001.02
9977,1,3.45067,1001.55
9978,1,2.97735,1002.06
9979,1,2.43958,1002.52
9980,1,1.83974,1002.93
9981,1,1.18611,1003.25
9982,1,0.494017,1003.48
9983,1,-0.214886,1003.6
9984,1,-0.915934,1003.62
9985,1,-1.58619,1003.54
9986,1,-2.20831,1003.38
9987,1,-2.77194,1003.15
9988,1,-3.27299,1002.87
9989,1,-3.71183,1002.55
9990,1,-4.09149,1002.21
9991,1,-4.41635,1001.86
9992,1,-4.69127,1001.51
9993,1,-4.92103,1001.15
9994,1,-5.11017,1000.8
9995,1,-5.26278,1000.45
9996,1,-5.38255,1000.12
9997,1,-5.47275,999.787
9998,1,-5.53627,999.469
9999,1,-5.57566,999.162
10000,1,-5.59316,998.867
